asin,collection,size,color,sales,prior_sales,sessions,prior_sessions,units,prior_units,conversion,prior_conversion,conversion_change_pp
B00NLLUMOE,1800 Bed Sheets,Queen,White,56047.14,46774.36,23226,15631,1525,1272,0.06565917506243003,0.08137675132749024,-0.015717576265060207
B00NQDGAP2,1800 Bed Sheets,King,White,38078.259999999995,33818.200000000004,7221,6638,936,832,0.12962193601994185,0.1253389575173245,0.004282978502617357
B00O35DAL4,1800 Bed Sheets,Full,White,16374.45,14198.249999999998,3250,2739,468,409,0.144,0.149324571011318,-0.005324571011318002
B00O35CWQ8,1800 Bed Sheets,Twin,White,8765.539999999999,7293.33,1376,1894,252,210,0.18313953488372092,0.11087645195353749,0.07226308293018344
B0822X1VP7,1800 Bed Sheet Set With DEEP Fitted Sheet,King,White,8453.88,9833.130000000001,2282,1963,166,193,0.07274320771253287,0.09831889964340296,-0.025575691930870087
B0822X4TLW,1800 Bed Sheet Set With DEEP Fitted Sheet,Queen,White,7089.65,7651.409999999999,1993,1727,152,163,0.07626693426994481,0.09438332368268675,-0.018116389412741934
B00SBZJ8NG,1800 Bed Sheets,Queen,Light Gray,6834.07,6635.02,2604,2184,171,167,0.06566820276497695,0.07646520146520147,-0.01079699870022452
B016P42ARU,1800 Bed Sheets,Twin XL,White,5548.470000000001,6615.51,1585,1388,168,200,0.10599369085173502,0.1440922190201729,-0.038098528168437895
B0CLYC7B2G,1800 Bed Sheets,Queen,Ivory,5514.26,5511.860000000001,2556,2143,140,138,0.054773082942097026,0.06439570695286981,-0.009622624010772782
B08RZDBZZJ,1800 Bed Sheets,Queen,Golden Ivory,4994.650000000001,4436.67,2197,1811,125,113,0.05689576695493855,0.0623964660408614,-0.00550069908592285
B00NLLUP4G,1800 Bed Sheets,Queen,Gray,4626.61,4125.33,1879,1376,119,104,0.0633315593400745,0.0755813953488372,-0.012249836008762699
B01DN0AJXQ,1800 Bed Sheets,Queen,Blue Hydrangea,3834.7200000000003,3116.8599999999997,1272,1145,96,79,0.07547169811320754,0.06899563318777292,0.006476064925434621
B0CLYDPTWV,1800 Bed Sheets,King,Ivory,3735.81,4638.21,1667,1603,87,109,0.052189562087582485,0.06799750467872738,-0.015807942591144895
B00NLLUNSE,1800 Bed Sheets,Queen,Beige,3714.0099999999993,2995.35,1309,1083,93,75,0.07104660045836517,0.06925207756232687,0.001794522896038292
B00RKHWJ1O,1800 Pillowcase Set 2 pc,Set of 2 Standard Size,White,3562.5000000000005,2663.0000000000005,1223,467,204,149,0.1668029435813573,0.31905781584582443,-0.15225487226446713
B08RZFVS95,1800 Bed Sheets,Queen,Sage,3189.6,3157.63,1268,1203,82,85,0.06466876971608833,0.07065669160432253,-0.005987921888234202
B08RZBVSZR,1800 Bed Sheets,Queen,Blush Pink,2956.98,3156.0299999999997,1491,1314,74,79,0.04963112005365526,0.06012176560121765,-0.010490645547562391
B0BTZ5HGMB,1800 Bed Sheet Set 6 PIECE,Queen,White,2888.37,2689.2599999999998,616,590,71,66,0.11525974025974026,0.11186440677966102,0.0033953334800792406
B08RZCYC5X,1800 Bed Sheets,King,Golden Ivory,2792.1899999999996,3221.03,1230,1263,65,75,0.052845528455284556,0.05938242280285035,-0.006536894347565797
B0CNRZBCFQ,1800 Bed Sheets,Queen,Sky Blue,2717.96,2398.2000000000003,968,900,69,60,0.07128099173553719,0.06666666666666667,0.004614325068870523
B00SU0QSZ8,1800 Bed Sheets,King,Light Gray,2621.17,3264.86,1224,1245,62,76,0.05065359477124183,0.06104417670682731,-0.01039058193558548
B0DGQSDWFD,1800 Bed Sheets,Queen,Mineral Gray,2516.5099999999998,2278.29,1147,1067,63,57,0.05492589363557106,0.053420805998125584,0.0015050876374454736
B01DN0AQN4,1800 Bed Sheets,King,Blue Hydrangea,2406.32,1845.1299999999999,714,766,56,44,0.0784313725490196,0.057441253263707574,0.020990119285312032
B01DN0AOW2,1800 Bed Sheets,Queen,Spa Mint,2317.46,2318.26,1587,1345,58,59,0.036546943919344675,0.04386617100371747,-0.007319227084372798
B00O35DNS4,1800 Bed Sheets,California King,White,2244.9,2155.86,478,545,50,48,0.10460251046025104,0.08807339449541285,0.016529115964838192
B07R5VP98P,1800 Bed Sheets,Queen,Pinstripe Gray,2237.52,2275.89,812,764,56,57,0.06896551724137931,0.07460732984293193,-0.005641812601552623
B00NQDGBTC,1800 Bed Sheets,King,Beige,2232.72,2102.95,637,583,52,49,0.08163265306122448,0.08404802744425385,-0.00241537438302937
B0822X9LJN,1800 Bed Sheet Set With DEEP Fitted Sheet,King,Light Gray,2026.8300000000002,1351.2200000000003,416,378,39,26,0.09375,0.06878306878306878,0.02496693121693122
B08RZDH679,1800 Bed Sheets,King,Sage,2017.8700000000001,1888.9599999999998,767,769,47,44,0.061277705345501955,0.05721716514954486,0.004060540195957092
B0BMW9MMY9,1800 Bed Sheet Set With DEEP Fitted Sheet,King,Golden Ivory,1972.3600000000001,1455.1599999999999,463,391,39,28,0.08423326133909287,0.07161125319693094,0.012622008142161925
B07BKMXCYF,1800 Bed Sheets,Queen,Spa Blue,1956.9299999999998,1798.65,1020,999,49,45,0.04803921568627451,0.04504504504504504,0.0029941706412294697
B0822WWZJQ,1800 Bed Sheet Set With DEEP Fitted Sheet,Twin XL,White,1933.7099999999998,1394.07,474,570,43,31,0.09071729957805907,0.054385964912280704,0.03633133466577837
B01CYLCQEK,1800 Bed Sheets,Queen,Paisley Gray,1917.76,1159.13,1269,1101,49,29,0.038613081166272656,0.02633969118982743,0.012273389976445226
B01DN0AW8I,1800 Bed Sheets,King,Spa Mint,1847.71,2190.61,893,955,43,51,0.048152295632698766,0.05340314136125655,-0.005250845728557781
B00RKHX3E6,1800 Pillowcase Set 2 pc,Set of 2 King Size,White,1752.83,1526.3700000000001,219,252,99,85,0.4520547945205479,0.3373015873015873,0.1147532072189606
B016P42X2W,1800 Bed Sheets,Twin XL,Light Gray,1677.1599999999999,1503.71,473,438,48,43,0.1014799154334038,0.09817351598173515,0.0033063994516686485
B01DN0ALM0,1800 Bed Sheets,Queen,Emerald Green,1633.97,1598.7999999999997,637,670,41,40,0.06436420722135008,0.05970149253731343,0.004662714684036652
B00SUF39K0,1800 Bed Sheets,Full,Light Gray,1632.71,1707.89,389,395,43,45,0.11053984575835475,0.11392405063291139,-0.003384204874556637
B00NLNDP1Y,1800 Bed Sheets,Queen,Aqua,1597.9999999999998,1279.04,1065,964,40,33,0.03755868544600939,0.03423236514522822,0.0033263203007811715
B0822XQ9DZ,1800 Bed Sheet Set With DEEP Fitted Sheet,California King,White,1558.06,1713.9700000000003,551,376,32,33,0.05807622504537205,0.08776595744680851,-0.029689732401436464
B07RC2W7Q8,1800 Bed Sheets,Queen,Laced Sky Blue,1558.03,1797.0500000000002,480,492,40,45,0.08333333333333333,0.09146341463414634,-0.00813008130081301
B0112XPNDW,1800 Bed Sheets,Queen,Tan,1554.8300000000002,1795.45,465,399,39,45,0.08387096774193549,0.11278195488721804,-0.02891098714528255
B00ZSGWAHC,1800 Bed Sheets,Queen,Striped White,1554.03,1558.83,649,677,39,39,0.060092449922958396,0.05760709010339734,0.0024853598195610574
B0822XGGJ6,1800 Bed Sheet Set With DEEP Fitted Sheet,Queen,Light Gray,1545.0699999999997,1697.98,371,396,31,34,0.08355795148247978,0.08585858585858586,-0.0023006343761060727
B07RBZ1MYN,1800 Bed Sheets,King,Pinstripe Gray,1502.2299999999998,1203.1599999999999,487,461,36,28,0.07392197125256673,0.06073752711496746,0.013184444137599276
B08RZF62QM,1800 Bed Sheets,Full,Blush Pink,1480.8300000000002,1859.77,521,553,39,50,0.07485604606525911,0.09041591320072333,-0.015559867135464214
B00NQDGCW8,1800 Bed Sheets,King,Gray,1460.98,1589.8899999999999,569,603,34,37,0.05975395430579965,0.06135986733001658,-0.0016059130242169345
B0CLY99SL5,1800 Bed Sheets,Full,Ivory,1442.8600000000001,1214.28,609,534,38,32,0.06239737274220033,0.0599250936329588,0.0024722791092415264
B00ZSGVJE2,1800 Bed Sheets,King,Striped White,1417.15,1244.41,897,707,33,29,0.03678929765886288,0.04101838755304102,-0.00422908989417814
B08CZZ4SYJ,1800 Bed Sheet Set With DEEP Fitted Sheet,King,Spa Mint,1403.19,1299.25,449,420,27,25,0.060133630289532294,0.05952380952380952,0.0006098207657227739
B0822WT3R6,1800 Bed Sheet Set With DEEP Fitted Sheet,King,Gray,1401.11,1766.98,285,297,27,34,0.09473684210526316,0.11447811447811448,-0.019741272372851323
B07BKP98B7,1800 Bed Sheets,King,Spa Blue,1374.1799999999998,1717.9399999999998,691,781,32,42,0.04630969609261939,0.05377720870678617,-0.0074675126141667825
B0BTZ7JCPL,1800 Bed Sheet Set 6 PIECE,Twin XL,White,1362.3599999999997,379.70000000000005,147,106,36,10,0.24489795918367346,0.09433962264150944,0.15055833654216402
B0822WBGD9,1800 Bed Sheet Set With DEEP Fitted Sheet,King,Beige,1351.2199999999998,1091.37,358,367,26,21,0.07262569832402235,0.05722070844686648,0.01540498987715587
B08RZDCWPX,1800 Bed Sheets,Queen,Teal,1319.01,1119.16,649,619,33,28,0.05084745762711865,0.045234248788368334,0.005613208838750314
B08BZY7QCJ,1800 Bed Sheet Set With DEEP Fitted Sheet,King,Tan,1299.25,1142.3000000000002,283,240,25,22,0.08833922261484099,0.09166666666666666,-0.0033274440518256676
B0822ZZJLL,1800 Bedskirt,Queen,White,1258.1999999999998,629.1,637,414,60,30,0.09419152276295134,0.07246376811594203,0.02172775464700931
B0822W82LP,1800 Bed Sheet Set With DEEP Fitted Sheet,King,Blue Hydrangea,1247.28,1192.8100000000002,331,343,24,23,0.07250755287009064,0.06705539358600583,0.005452159284084809
B00WAIH1FW,1800 Bed Sheets,Queen,Black,1238.2699999999998,1718.7099999999998,314,397,32,44,0.10191082802547771,0.11083123425692695,-0.00892040623144924
B00NLNDO6K,1800 Bed Sheets,Queen,Navy Blue,1238.2699999999998,1118.36,241,252,31,28,0.12863070539419086,0.1111111111111111,0.017519594283079754
B0822WHPQZ,1800 Bed Sheet Set With DEEP Fitted Sheet,Queen,Blue Hydrangea,1199.28,1199.2799999999997,318,298,25,24,0.07861635220125786,0.08053691275167785,-0.001920560550419989
B0BMW6K3FD,1800 Bed Sheet Set With DEEP Fitted Sheet,King,Sage,1195.3100000000002,1143.3400000000001,293,307,23,22,0.07849829351535836,0.07166123778501629,0.006837055730342073
B0822Y7786,1800 Bed Sheet Set With DEEP Fitted Sheet,Full,White,1195.2199999999998,2021.76,605,419,26,44,0.04297520661157025,0.10501193317422435,-0.0620367265626541
B00O384OYI,1800 Bed Sheets,Full,Gray,1176.31,949.25,296,299,31,25,0.10472972972972973,0.08361204013377926,0.021117689595950465
B08RZDLLP7,1800 Bed Sheets,King,Blush Pink,1160.19,1030.4199999999998,535,554,27,24,0.05046728971962617,0.04332129963898917,0.007145990080637002
B00NQDGK3O,1800 Bed Sheets,King,Brown,1160.1899999999998,730.49,382,345,27,17,0.07068062827225131,0.04927536231884058,0.021405265953410732
B00WAIH2TM,1800 Bed Sheets,Queen,Lavender,1159.1299999999999,1518.86,945,790,31,38,0.0328042328042328,0.04810126582278481,-0.015297033018552009
B0822WVF4H,1800 Bed Sheet Set With DEEP Fitted Sheet,Queen,Gray,1149.31,1049.37,306,286,23,21,0.07516339869281045,0.07342657342657342,0.0017368252662370298
B0BTZ24S9W,1800 Bed Sheet Set 6 PIECE,King,White,1147.31,2160.2599999999998,305,295,23,45,0.07540983606557378,0.15254237288135594,-0.07713253681578217
B0BMWCNGW8,1800 Bed Sheet Set With DEEP Fitted Sheet,Queen,Golden Ivory,1098.34,1198.28,332,340,22,24,0.06626506024096386,0.07058823529411765,-0.0043231750531537855
B0CNRXJ7ZB,1800 Bed Sheets,King,Sky Blue,1074.25,1503.95,509,548,25,35,0.04911591355599214,0.06386861313868614,-0.014752699582693998
B00NQDGHDC,1800 Bed Sheets,King,Aqua,1074.25,988.31,487,500,25,24,0.0513347022587269,0.048,0.003334702258726896
B0112XNCS0,1800 Bed Sheets,King,Tan,1072.53,1717.0800000000002,369,422,25,40,0.06775067750677506,0.0947867298578199,-0.027036052351044837
B0CNS16FHR,1800 Bed Sheets,Full,Sky Blue,1063.16,949.2500000000001,325,266,28,26,0.08615384615384615,0.09774436090225563,-0.011590514748409483
B08RZCP48J,1800 Bed Sheets,Full,Golden Ivory,1063.1599999999999,1366.16,433,433,28,36,0.06466512702078522,0.08314087759815242,-0.018475750577367195
B0CNRZDPG2,1800 Bed Sheets,Queen,Hazy Lilac,1038.42,1597.1999999999998,782,721,26,40,0.03324808184143223,0.05547850208044383,-0.022230420239011603
B0822YG3V8,1800 Pillowcase Set 4 pc,Standard,White,1016.28,776.96,122,110,38,29,0.3114754098360656,0.2636363636363636,0.04783904619970197
B07R8X7VXT,1800 Bed Sheets,Full,Pinstripe Gray,987.2200000000001,645.49,628,581,26,17,0.041401273885350316,0.029259896729776247,0.01214137715557407
B0CYCRHZR1,1800 Bed Sheet Set 6 PC With DEEP Fitted Sheet,King,White,951.49,839.55,122,102,17,15,0.13934426229508196,0.14705882352941177,-0.007714561234329814
B0822X1KV9,1800 Bed Sheet Set With DEEP Fitted Sheet,Queen,Beige,949.4300000000001,1048.37,265,273,19,21,0.07169811320754717,0.07692307692307693,-0.00522496371552976
B0BMW72PRP,1800 Bed Sheet Set With DEEP Fitted Sheet,Queen,Sage,949.43,1149.31,262,243,19,23,0.07251908396946564,0.09465020576131687,-0.022131121791851227
B00O35DBNG,1800 Bed Sheets,Full,Beige,948.4900000000001,607.5199999999999,158,151,25,16,0.15822784810126583,0.10596026490066225,0.05226758320060358
B08RZDZZHJ,1800 Bed Sheets,Twin,Golden Ivory,944.1899999999999,698.0,251,231,28,20,0.11155378486055777,0.08658008658008658,0.02497369828047119
B0822WXPVG,1800 Bed Sheet Set With DEEP Fitted Sheet,King,Spa Blue,935.4599999999999,467.72999999999996,285,302,18,9,0.06315789473684211,0.029801324503311258,0.03335657023353085
B0CNRZ4Y1C,1800 Bed Sheets,Queen,Blue Nova,919.31,1838.62,557,569,23,46,0.04129263913824058,0.08084358523725835,-0.03955094609901777
B08RZD3PN6,1800 Bed Sheets,Full,Sage,911.28,1024.43,281,275,24,27,0.08540925266903915,0.09818181818181818,-0.012772565512779027
B0BMW8JKMX,1800 Bed Sheet Set With DEEP Fitted Sheet,Queen,Pinstripe Gray,899.46,647.6100000000001,236,255,19,13,0.08050847457627118,0.050980392156862744,0.029528082419408436
B08CZZZVYR,1800 Bed Sheet Set With DEEP Fitted Sheet,King,Paisley Gray,883.49,1663.04,333,361,17,32,0.05105105105105105,0.0886426592797784,-0.03759160822872734
B00NLNDRUI,1800 Bed Sheets,Queen,Brown,879.3399999999999,959.2800000000001,390,300,22,24,0.05641025641025641,0.08,-0.02358974358974359
B01DN0A9IQ,1800 Bed Sheets,Full,Blue Hydrangea,872.5500000000001,1177.0700000000002,330,318,23,31,0.0696969696969697,0.09748427672955975,-0.027787307032590053
B01CYLCRO4,1800 Bed Sheets,King,Paisley Gray,859.4,816.4299999999998,432,492,20,19,0.046296296296296294,0.03861788617886179,0.007678410117434503
B0BMWBX14R,1800 Bed Sheet Set With DEEP Fitted Sheet,Queen,Blush Pink,849.49,1049.3700000000001,274,255,17,21,0.06204379562043796,0.08235294117647059,-0.02030914555603263
B0822YMKR5,1800 Bedskirt,King,White,803.9499999999999,666.13,603,494,35,29,0.05804311774461028,0.058704453441295545,-0.000661335696685264
B079YXK5SN,1800 Duvet Cover Set,Queen,White,800.81,660.93,169,167,23,19,0.13609467455621302,0.11377245508982035,0.022322219466392665
B00NLNDSZW,1800 Bed Sheets,Queen,Purple,799.4,919.31,314,311,20,23,0.06369426751592357,0.07395498392282958,-0.010260716406906012
B0BMW6YBL4,1800 Bed Sheet Set With DEEP Fitted Sheet,King,Pinstripe Gray,779.5500000000002,883.4900000000001,259,285,15,17,0.05791505791505792,0.05964912280701754,-0.0017340648919596247
B0CNRZQ14K,1800 Bed Sheets,King,Hazy Lilac,773.46,1239.33,400,402,18,29,0.045,0.07213930348258707,-0.02713930348258707
B07R5VPFDK,1800 Bed Sheets,King,Laced Sky Blue,773.4599999999999,1200.5800000000002,327,354,18,28,0.05504587155963303,0.07909604519774012,-0.02405017363810709
B08RZBT9K8,1800 Bed Sheets,King,Teal,763.26,770.06,330,384,18,18,0.05454545454545454,0.046875,0.007670454545454543
B0CNRWYNDF,1800 Bed Sheets,Queen,Terracotta,759.4300000000001,479.64,444,343,19,12,0.04279279279279279,0.03498542274052478,0.00780737005226801
B00ZSGVRE4,1800 Bed Sheets,King,Striped Gray/Silver,730.49,428.8399999999999,217,220,17,10,0.07834101382488479,0.045454545454545456,0.03288646837033933
B01DN0ASH8,1800 Bed Sheets,King,Emerald Green,730.49,1117.22,414,432,17,26,0.04106280193236715,0.06018518518518518,-0.01912238325281803
B08C1C46DQ,1800 Bed Sheet Set With DEEP Fitted Sheet,King,Aqua,727.58,727.58,242,216,14,15,0.05785123966942149,0.06944444444444445,-0.011593204775022958
B0CNRXLLCS,1800 Bed Sheets,Full,Blue Nova,721.4300000000001,417.66999999999996,173,131,19,11,0.10982658959537572,0.08396946564885496,0.02585712394652076
B01DN0APS0,1800 Bed Sheets,Queen,Yellow,719.4599999999999,479.64,686,656,18,12,0.026239067055393587,0.018292682926829267,0.00794638412856432
B0CLY98MH3,1800 Bed Sheets,Queen,Burgundy,718.6600000000001,319.76,175,138,18,8,0.10285714285714286,0.057971014492753624,0.04488612836438923
B08BZWJ6QK,1800 Bed Sheet Set With DEEP Fitted Sheet,Queen,Tan,699.58,749.5500000000002,163,166,14,15,0.08588957055214724,0.09036144578313253,-0.004471875230985287
B08BZYCY47,1800 Bed Sheet Set With DEEP Fitted Sheet,Queen,Aqua,699.5799999999999,899.4599999999999,223,224,14,18,0.06278026905829596,0.08035714285714286,-0.017576873798846898
B0CNRXVPC8,1800 Bed Sheets,King,Blue Nova,686.6599999999999,773.46,272,318,16,18,0.058823529411764705,0.05660377358490566,0.0022197558268590434
B01DN0AEXQ,1800 Bed Sheets,Full,Spa Mint,683.4599999999999,568.79,345,337,18,15,0.05217391304347826,0.04451038575667656,0.007663527286801697
B01DN0AKSK,1800 Bed Sheets,Queen,Coral,678.69,1079.1899999999998,412,418,17,27,0.0412621359223301,0.0645933014354067,-0.023331165513076603
B0DGQPSBKY,1800 Bed Sheets,Queen,Charcoal,675.49,359.73,116,105,17,9,0.14655172413793102,0.08571428571428572,0.06083743842364531
B00O35DPN2,1800 Bed Sheets,California King,Gray,674.55,403.83000000000004,112,127,15,9,0.13392857142857142,0.07086614173228346,0.06306242969628796
B016P42E9E,1800 Bed Sheets,Twin XL,Gray,663.73,909.2199999999999,249,194,19,26,0.07630522088353414,0.13402061855670103,-0.057715397673166885
B08CZXP1GF,1800 Bed Sheet Set With DEEP Fitted Sheet,Queen,Spa Mint,646.61,1048.3700000000001,303,346,13,21,0.0429042904290429,0.06069364161849711,-0.017789351189454204
B00WAIH49U,1800 Bed Sheets,King,Black,644.5500000000001,429.70000000000005,120,147,15,10,0.125,0.06802721088435375,0.05697278911564625
B00WAIH5ZI,1800 Bed Sheets,King,Lavender,644.55,644.55,350,402,16,15,0.045714285714285714,0.03731343283582089,0.008400852878464822
B0822XZ52Q,1800 Bed Sheet Set With DEEP Fitted Sheet,Twin XL,Light Gray,629.58,944.37,120,152,14,21,0.11666666666666667,0.13815789473684212,-0.02149122807017545
B08RZDW2H2,1800 Bed Sheets,Twin,Blush Pink,629.46,698.0,260,248,18,20,0.06923076923076923,0.08064516129032258,-0.011414392059553344
B0CLYD6CZX,1800 Bed Sheets,California King,Ivory,627.78,404.73,196,179,14,9,0.07142857142857142,0.05027932960893855,0.021149241819632875
B01NCLP7SY,Cotton Flannel Sheet Set 160GSM,Queen,Sage,623.6400000000001,311.82000000000005,61,83,13,6,0.21311475409836064,0.07228915662650602,0.14082559747185464
B08RZCP48K,1800 Bed Sheets,Twin,Sage,622.46,384.66999999999996,110,115,18,11,0.16363636363636364,0.09565217391304348,0.06798418972332015
B0DGQQ6JJ1,1800 Bed Sheets,Queen,Oxford Stripe Sage,599.55,639.52,373,319,16,16,0.04289544235924933,0.050156739811912224,-0.007261297452662893
B0822XTD1X,1800 Bed Sheet Set With DEEP Fitted Sheet,Full,Light Gray,597.6099999999999,459.69999999999993,93,86,13,10,0.13978494623655913,0.11627906976744186,0.023505876469117268
B01DN0A328,1800 Bed Sheets,Twin XL,Blue Hydrangea,593.79,874.25,230,186,17,25,0.07391304347826087,0.13440860215053763,-0.06049555867227675
B01ES3MMYG,1800 Fitted Sheet,King,White,593.19,703.0399999999998,93,109,28,32,0.3010752688172043,0.29357798165137616,0.007497287165828148
B01DN09YTG,1800 Bed Sheets,Twin,Blue Hydrangea,559.52,872.1500000000001,137,121,16,25,0.11678832116788321,0.2066115702479339,-0.08982324908005068
B08V93R9LN,1800 Bed Sheets,RV / Short Queen,Light Gray,559.52,629.46,91,113,16,18,0.17582417582417584,0.1592920353982301,0.01653214042594575
B016P42LGU,1800 Bed Sheets,Twin XL,Aqua,559.52,104.91,138,132,16,4,0.11594202898550725,0.030303030303030304,0.08563899868247694
B0CNRXT6D9,1800 Bed Sheets,Twin,Sky Blue,559.52,349.70000000000005,152,125,16,10,0.10526315789473684,0.08,0.025263157894736835
B0DGQRDZLP,1800 Bed Sheets,King,Oxford Stripe Sage,558.6100000000001,256.96,388,397,13,6,0.03350515463917526,0.015113350125944584,0.01839180451323067
B00NQDGDYA,1800 Bed Sheets,King,Navy Blue,558.61,429.7,138,172,13,10,0.09420289855072464,0.05813953488372093,0.03606336366700371
B0DGQPSZVY,1800 Bed Sheets,King,Mineral Gray,558.61,772.6,601,732,13,18,0.021630615640599003,0.02459016393442623,-0.002959548293827226
B0CNRZ5KZH,1800 Bed Sheets,King,Terracotta,557.75,513.9200000000001,203,257,13,14,0.06403940886699508,0.054474708171206226,0.009564700695788853
B0BMW7CQ51,1800 Bed Sheet Set With DEEP Fitted Sheet,Queen,Laced Sky Blue,549.6700000000001,799.52,212,248,11,16,0.05188679245283019,0.06451612903225806,-0.012629336579427872
B08CZZ5HLF,1800 Bed Sheet Set With DEEP Fitted Sheet,Queen,Purple,549.67,349.78999999999996,84,102,11,7,0.13095238095238096,0.06862745098039216,0.062324929971988796
B0822X3C9M,1800 Bed Sheet Set With DEEP Fitted Sheet,Twin,White,539.64,584.61,206,168,12,13,0.05825242718446602,0.07738095238095238,-0.019128525196486362
B00O35DFRI,1800 Bed Sheets,Full,Aqua,531.58,683.46,291,257,14,18,0.048109965635738834,0.07003891050583658,-0.021928944870097743
B0BTZ36NJC,1800 Bed Sheet Set 6 PIECE,Queen,Gray,527.6400000000001,131.91,39,33,12,3,0.3076923076923077,0.09090909090909091,0.2167832167832168
B0822Y1V11,1800 Pillowcase Set 4 pc,King,White,527.04,293.76,54,48,20,11,0.37037037037037035,0.22916666666666666,0.1412037037037037
B08V8V7VZF,1800 Bed Sheets,RV / Short Queen,White,524.55,873.5500000000001,376,552,15,25,0.0398936170212766,0.04528985507246377,-0.00539623805118717
B07R5VQK5V,1800 Bed Sheets,Twin XL,Pinstripe Gray,524.55,734.37,210,192,15,21,0.07142857142857142,0.109375,-0.037946428571428575
B0CLYCSPZB,1800 Bed Sheets,Twin XL,Ivory,523.8499999999999,699.4,240,199,15,20,0.0625,0.10050251256281408,-0.038002512562814075
B0822XT63Y,1800 Bed Sheet Set With DEEP Fitted Sheet,King,Navy Blue,519.6999999999999,571.6700000000001,114,103,10,11,0.08771929824561403,0.10679611650485436,-0.019076818259240333
B0DGQRDPMP,1800 Bed Sheets,Queen,Oxford Stripe Blue Nova,519.6099999999999,359.73,279,253,13,9,0.04659498207885305,0.03557312252964427,0.011021859549208778
B01DN0AX4G,1800 Bed Sheets,King,Yellow,515.6399999999999,343.76,310,333,12,8,0.03870967741935484,0.024024024024024024,0.014685653395330817
B0BMW9NHP1,1800 Bed Sheet Set With DEEP Fitted Sheet,Full,Blush Pink,505.66999999999996,505.6700000000001,123,102,11,11,0.08943089430894309,0.10784313725490197,-0.018412242945958876
B08BZWL45V,1800 Bed Sheet Set With DEEP Fitted Sheet,Queen,Lavender,499.7,649.61,193,189,10,13,0.05181347150259067,0.06878306878306878,-0.01696959728047811
B01ES3L33W,1800 Fitted Sheet,Queen,White,499.25,1198.1999999999998,175,170,25,61,0.14285714285714285,0.3588235294117647,-0.21596638655462186
B0822WFPWY,1800 Bed Sheet Set With DEEP Fitted Sheet,Queen,Navy Blue,498.7,498.70000000000005,149,140,10,10,0.06711409395973154,0.07142857142857142,-0.004314477468839881
B0DGQRH24Q,1800 Bed Sheets,Full,Mineral Gray,493.61,569.55,266,281,13,15,0.04887218045112782,0.05338078291814947,-0.004508602467021651
B0112XOOZ0,1800 Bed Sheets,Full,Tan,493.60999999999996,379.7,93,111,13,10,0.13978494623655913,0.09009009009009009,0.04969485614646904
B00SUF34LO,1800 Bed Sheets,Twin,Light Gray,489.58000000000004,524.55,134,164,14,15,0.1044776119402985,0.09146341463414634,0.013014197306152164
B013FJJOCM,1800 Bed Sheets,Queen,Royal Blue,478.84000000000003,639.5199999999999,336,386,12,16,0.03571428571428571,0.04145077720207254,-0.005736491487786828
B00NLNDR30,1800 Bed Sheets,Queen,Gold,478.84,199.85,661,156,12,5,0.018154311649016642,0.03205128205128205,-0.013896970402265407
B0822X6C25,1800 Bed Sheet Set With DEEP Fitted Sheet,California King,Beige,467.73000000000013,415.76,86,83,9,8,0.10465116279069768,0.0963855421686747,0.008265620622022976
B08BZXVCB5,1800 Bed Sheet Set With DEEP Fitted Sheet,King,Emerald Green,467.73,623.6400000000001,154,189,9,12,0.05844155844155844,0.06349206349206349,-0.005050505050505048
B0822X28WM,1800 Bed Sheet Set With DEEP Fitted Sheet,King,Black,467.73,311.82000000000005,92,78,9,6,0.09782608695652174,0.07692307692307693,0.020903010033444816
B0822W5J5M,1800 Bed Sheet Set With DEEP Fitted Sheet,California King,Gray,467.73,259.85,79,55,9,5,0.11392405063291139,0.09090909090909091,0.023014959723820477
B0822WMBHV,1800 Bed Sheet Set With DEEP Fitted Sheet,Full,Gray,459.7,459.69999999999993,74,79,10,10,0.13513513513513514,0.12658227848101267,0.008552856654122476
B08RZCXTG7,1800 Bed Sheets,Full,Teal,455.64,493.60999999999996,151,152,12,13,0.07947019867549669,0.08552631578947369,-0.006056117113976994
B08RZC21CJ,1800 Bed Sheets,Twin XL,Golden Ivory,454.61,524.55,211,167,13,15,0.061611374407582936,0.08982035928143713,-0.02820898487385419
B0822Z3PLW,1800 Bed Sheet Set With DEEP Fitted Sheet,Twin XL,Gray,449.7,584.61,99,84,10,13,0.10101010101010101,0.15476190476190477,-0.05375180375180376
B00SU0QUUQ,1800 Bed Sheets,California King,Light Gray,448.79999999999995,404.72999999999996,92,101,10,9,0.10869565217391304,0.0891089108910891,0.019586741282823936
B07GQ38TP8,1800 Duvet Cover Set,King,White,442.15999999999997,550.85,209,221,12,15,0.05741626794258373,0.06787330316742081,-0.010457035224837076
B0CNRYGRBQ,1800 Bed Sheets,Queen,Poppy Orange,439.66999999999996,439.66999999999996,267,245,11,11,0.04119850187265917,0.044897959183673466,-0.003699457311014294
B0BTZ7DKC5,1800 Bed Sheet Set 6 PIECE,Queen,Beige,438.82,307.78999999999996,88,80,10,7,0.11363636363636363,0.0875,0.026136363636363638
B016P42FZW,1800 Bed Sheets,Twin XL,Navy Blue,419.64,349.0,89,67,13,10,0.14606741573033707,0.14925373134328357,-0.0031863156129464942
B016P42YS0,1800 Bed Sheets,Twin XL,Black,419.64,209.82,49,43,12,6,0.24489795918367346,0.13953488372093023,0.10536307546274323
B013FJJJC2,1800 Bed Sheets,Full,Royal Blue,417.66999999999996,493.61,124,106,11,13,0.08870967741935484,0.12264150943396226,-0.03393183201460742
B07BKQ9YK9,1800 Bed Sheets,Full,Spa Blue,417.66999999999996,379.7,232,238,11,10,0.04741379310344827,0.04201680672268908,0.0053969863807591945
B0BMW6NBFV,1800 Bed Sheet Set With DEEP Fitted Sheet,King,Laced Sky Blue,415.76,675.6100000000001,261,308,8,13,0.03065134099616858,0.04220779220779221,-0.011556451211623627
B00ZSGW4FK,1800 Bed Sheets,California King,Striped White,404.73,89.94,152,91,9,2,0.05921052631578947,0.02197802197802198,0.037232504337767494
B0CYCRBWJS,1800 Bed Sheet Set 6 PC With DEEP Fitted Sheet,Queen,White,399.76,349.78999999999996,88,65,8,7,0.09090909090909091,0.1076923076923077,-0.016783216783216787
B00NLNDU00,1800 Bed Sheets,Queen,Brick Red,399.7,478.04,364,326,10,12,0.027472527472527472,0.03680981595092025,-0.009337288478392776
B01FWBWTGO,1800 Ultrasonic Coverlet,King,Spa Blue,384.7900000000001,494.73,438,761,7,9,0.01598173515981735,0.011826544021024968,0.004155191138792383
B0DGQQMQNK,1800 Bed Sheets,Twin XL,Mineral Gray,384.67,314.73,206,170,11,9,0.05339805825242718,0.052941176470588235,0.000456881781838947
B01DN0A7MY,1800 Bed Sheets,Twin XL,Spa Mint,384.66999999999996,139.88,196,173,11,4,0.05612244897959184,0.023121387283236993,0.03300106169635485
B0CNRYNKYC,1800 Bed Sheets,Twin XL,Blue Nova,384.66999999999996,454.61,134,112,11,13,0.08208955223880597,0.11607142857142858,-0.033981876332622604
B01DN0ABHU,1800 Bed Sheets,Full,Emerald Green,379.69999999999993,530.82,181,192,10,14,0.055248618784530384,0.07291666666666667,-0.017668047882136287
B0822YLBZP,1800 Bedskirt,Twin XL,White,379.42999999999995,519.22,255,189,19,26,0.07450980392156863,0.13756613756613756,-0.06305633364456893
B00RKHWL1M,1800 Pillowcase Set 2 pc,Set of 2 Standard Size,Beige,377.37,268.83,50,56,21,15,0.42,0.26785714285714285,0.15214285714285714
B01DN0B5JS,1800 Pillowcase Set 2 pc,Set of 2 Standard Size,Blue Hydrangea,377.36999999999995,380.60999999999996,84,85,21,22,0.25,0.25882352941176473,-0.00882352941176473
B0BMWCRXGG,1800 Bed Sheet Set With DEEP Fitted Sheet,King,Blush Pink,363.78999999999996,623.6400000000001,204,209,7,12,0.03431372549019608,0.05741626794258373,-0.023102542452387652
B01ETTFKIE,1800 Flat Sheet,King,White,359.46,1437.84,105,101,18,72,0.17142857142857143,0.7128712871287128,-0.5414427157001414
B0822V7SL6,1800 Pillow Shams 2 piece,Standard,Blue Hydrangea,359.28000000000003,314.37,161,191,24,21,0.14906832298136646,0.1099476439790576,0.03912067900230887
B0822VN7VK,1800 Bed Sheet Set With DEEP Fitted Sheet,Split King,White,349.78999999999996,249.85,140,175,7,5,0.05,0.02857142857142857,0.021428571428571432
B00O35D05A,1800 Bed Sheets,Twin,Navy Blue,349.70000000000005,279.76,38,37,10,8,0.2631578947368421,0.21621621621621623,0.04694167852062586
B00O35CYQG,1800 Bed Sheets,Twin,Gray,349.70000000000005,279.76,100,94,10,8,0.1,0.0851063829787234,0.014893617021276603
B07BKPDKCN,1800 Bed Sheets,Twin XL,Spa Blue,349.7,279.76,142,107,10,8,0.07042253521126761,0.07476635514018691,-0.004343819928919301
B08V8T4J6N,1800 Bed Sheets,RV / Short Queen,Beige,348.65,279.76,64,87,10,8,0.15625,0.09195402298850575,0.06429597701149425
B0CLYC7DLL,1800 Bed Sheets,King,Burgundy,343.76,342.9,77,80,8,9,0.1038961038961039,0.1125,-0.0086038961038961
B0CNRYQDF7,1800 Bed Sheets,Full,Hazy Lilac,341.73,265.78999999999996,162,185,9,7,0.05555555555555555,0.03783783783783784,0.017717717717717713
B00O35DD2U,1800 Bed Sheets,Full,Navy Blue,341.72999999999996,341.72999999999996,106,115,9,9,0.08490566037735849,0.0782608695652174,0.006644790812141088
B08TRRPSQN,1800 Pillowcase Set 2 pc,Set of 2 Standard Size,Golden Ivory,341.42999999999995,394.97999999999996,80,68,19,22,0.2375,0.3235294117647059,-0.08602941176470591
B014MVUDWM,1800 Pillowcase Set 2 pc,Set of 2 Standard Size,Light Gray,341.42999999999995,575.04,85,98,19,33,0.2235294117647059,0.336734693877551,-0.11320528211284511
B00WAIGZYK,1800 Bed Sheets,Full,Lavender,340.97,455.6400000000001,227,227,9,12,0.039647577092511016,0.05286343612334802,-0.013215859030837003
B00ZSGVP8W,1800 Bed Sheets,Full,Striped White,340.96999999999997,454.88,190,194,9,12,0.04736842105263158,0.061855670103092786,-0.014487249050461205
B07R924M7Y,1800 Bed Sheets,Full,Laced Sky Blue,339.37,455.64,371,334,9,12,0.02425876010781671,0.03592814371257485,-0.011669383604758138
B07BKMKJKQ,1800 Bed Sheets,Split King,Spa Blue,328.78999999999996,281.82,62,71,7,6,0.11290322580645161,0.08450704225352113,0.028396183552930485
B0BTZ5HKPM,1800 Bed Sheet Set 6 PIECE,King,Beige,317.82000000000005,264.85,61,65,6,5,0.09836065573770492,0.07692307692307693,0.02143757881462799
B0BMW8G18Z,1800 Bed Sheet Set With DEEP Fitted Sheet,Twin,Blush Pink,314.78999999999996,494.66999999999996,134,110,7,11,0.05223880597014925,0.1,-0.047761194029850754
B08RZDX3PY,1800 Bed Sheets,California King,Golden Ivory,314.78999999999996,359.76,121,122,7,8,0.05785123966942149,0.06557377049180328,-0.007722530822381793
B0822XD973,1800 Bed Sheet Set With DEEP Fitted Sheet,Twin XL,Beige,314.78999999999996,44.97,52,40,7,1,0.1346153846153846,0.025,0.10961538461538461
B00O35D38Y,1800 Bed Sheets,Twin,Aqua,314.73,384.67,118,124,9,11,0.07627118644067797,0.08870967741935484,-0.012438490978676872
B0822W4BT5,1800 Bed Sheet Set With DEEP Fitted Sheet,California King,Light Gray,311.82000000000005,155.91,89,70,6,3,0.06741573033707865,0.04285714285714286,0.024558587479935792
B08CZY4RXL,1800 Bed Sheet Set With DEEP Fitted Sheet,King,Purple,311.82,415.76,83,94,6,8,0.07228915662650602,0.0851063829787234,-0.012817226352217381
B0822WHDSY,1800 Bed Sheet Set With DEEP Fitted Sheet,California King,Spa Blue,310.78,155.91,54,62,6,3,0.1111111111111111,0.04838709677419355,0.06272401433691756
B0BTZ6J8CY,1800 Bed Sheet Set 6 PIECE,Queen,Spa Blue,307.78999999999996,87.94,44,48,7,2,0.1590909090909091,0.041666666666666664,0.11742424242424243
B00NQDGJ8A,1800 Bed Sheets,King,Gold,300.78999999999996,171.88,121,106,7,4,0.05785123966942149,0.03773584905660377,0.020115390612817717
B0CLYB7V8V,1800 Bed Sheets,King,Taupe,300.78999999999996,213.98999999999998,127,112,7,5,0.05511811023622047,0.044642857142857144,0.010475253093363328
B08CZZCRQS,1800 Bed Sheet Set With DEEP Fitted Sheet,Queen,Paisley Gray,299.82,1049.3700000000001,260,289,6,21,0.023076923076923078,0.0726643598615917,-0.04958743678466862
B08BZWSVC8,1800 Bed Sheet Set With DEEP Fitted Sheet,Queen,Brown,299.82,349.78999999999996,87,96,6,7,0.06896551724137931,0.07291666666666667,-0.003951149425287362
B08BZVYQ96,1800 Bed Sheet Set With DEEP Fitted Sheet,Queen,Emerald Green,299.82,99.94,173,157,6,2,0.03468208092485549,0.012738853503184714,0.021943227421670774
B07M5MCW2R,1800 Pillowcase Set 2 pc,Set of 2 Standard Size,Spa Blue,287.52,215.64,76,67,16,12,0.21052631578947367,0.1791044776119403,0.031421838177533384
B08RZDTTWQ,1800 Bed Sheets,Split King,Sage,281.82,422.72999999999996,145,127,7,9,0.04827586206896552,0.07086614173228346,-0.022590279663317947
B01MT8NMIM,1800 Bed Sheets,Split King,Aqua,281.82,234.85,49,44,6,5,0.12244897959183673,0.11363636363636363,0.0088126159554731
B0CLYBZB3P,1800 Bed Sheets,Queen,Taupe,279.78999999999996,399.7,145,131,7,10,0.04827586206896552,0.07633587786259542,-0.028060015793629906
B00ZSGV5LY,1800 Bed Sheets,Queen,Striped Gray/Silver,279.78999999999996,399.7,331,365,7,10,0.021148036253776436,0.0273972602739726,-0.006249224020196165
B0CNRYFVFL,1800 Bed Sheets,Queen,Pistachio,279.78999999999996,759.43,526,466,7,19,0.013307984790874524,0.0407725321888412,-0.027464547397966676
B01DK4LZV0,1800 Bed Sheets,Twin XL,Striped White,279.76,69.94,112,104,8,2,0.07142857142857142,0.019230769230769232,0.05219780219780219
B07R5VNM7R,1800 Bed Sheets,Twin,Pinstripe Gray,279.76,524.55,63,85,8,15,0.12698412698412698,0.17647058823529413,-0.04948646125116715
B016P42CLE,1800 Bed Sheets,Twin XL,Beige,279.76,416.84000000000003,114,70,8,12,0.07017543859649122,0.17142857142857143,-0.1012531328320802
B00ZSGV3E8,1800 Bed Sheets,Twin,Striped White,276.96000000000004,174.85,55,53,8,5,0.14545454545454545,0.09433962264150944,0.05111492281303601
B0BMW7ZJ2R,1800 Bed Sheet Set With DEEP Fitted Sheet,Full,Sage,274.9,183.88,84,107,7,4,0.08333333333333333,0.037383177570093455,0.045950155763239874
B0822W3JSL,1800 Bed Sheet Set With DEEP Fitted Sheet,Twin XL,Navy Blue,269.82,179.88,53,46,6,4,0.11320754716981132,0.08695652173913043,0.02625102543068089
B01DN0AAO4,1800 Bed Sheets,Full,Coral,265.78999999999996,189.09,168,120,7,5,0.041666666666666664,0.041666666666666664,0.0
B0BTZ92PKT,1800 Bed Sheet Set 6 PIECE,Twin XL,Blush Pink,265.78999999999996,265.78999999999996,108,139,7,7,0.06481481481481481,0.050359712230215826,0.014455102584598985
B00WAIGXVU,1800 Bed Sheets,Full,Black,265.78999999999996,378.18000000000006,81,86,7,10,0.08641975308641975,0.11627906976744186,-0.02985931668102211
B0BTZ5QZ4J,1800 Bed Sheet Set 6 PIECE,Twin XL,Blue Hydrangea,265.78999999999996,75.94,22,26,7,2,0.3181818181818182,0.07692307692307693,0.24125874125874125
B00O35DIC0,1800 Bed Sheets,Full,Brown,265.03,265.03,205,156,7,7,0.03414634146341464,0.04487179487179487,-0.010725453408380235
B0BTZ5SZVY,1800 Bed Sheet Set 6 PIECE,King,Sage,264.85,105.94,52,61,5,2,0.09615384615384616,0.03278688524590164,0.06336696090794453
B0BMWB3CKD,1800 Bed Sheet Set With DEEP Fitted Sheet,California King,Sage,259.85,311.82000000000005,63,49,5,6,0.07936507936507936,0.12244897959183673,-0.04308390022675737
B0822YSF4H,1800 Bed Sheet Set With DEEP Fitted Sheet,California King,Blue Hydrangea,259.85,155.91,59,71,5,3,0.0847457627118644,0.04225352112676056,0.04249224158510384
B08BZY1R1R,1800 Bed Sheet Set With DEEP Fitted Sheet,King,Lavender,259.85,259.85,126,142,5,5,0.03968253968253968,0.035211267605633804,0.004471272076905876
B01DN0ARJM,1800 Bed Sheets,King,Coral,254.42,469.27,237,259,6,11,0.02531645569620253,0.04247104247104247,-0.017154586774839938
B0D7F2CRMR,1800 Bed Sheet Set 6 PC With DEEP Fitted Sheet,Queen,Golden Ivory,249.85,0.0,27,28,5,0,0.18518518518518517,0.0,0.18518518518518517
B08CZY1XL7,1800 Bed Sheet Set With DEEP Fitted Sheet,Queen,Coral,249.85,199.88,98,123,5,4,0.05102040816326531,0.032520325203252036,0.01850008296001327
B00O35CXSK,1800 Bed Sheets,Twin,Beige,244.79,174.85,61,53,7,5,0.11475409836065574,0.09433962264150944,0.0204144757191463
B00WAIGW9S,1800 Bed Sheets,Twin,Lavender,244.79,279.76,117,197,7,8,0.05982905982905983,0.04060913705583756,0.01921992277322227
B08RZCQN3D,1800 Bed Sheets,Twin XL,Sage,244.79,279.76,118,103,7,8,0.059322033898305086,0.07766990291262135,-0.018347869014316266
B08RZC9FZ7,1800 Bed Sheets,Twin XL,Teal,244.79,174.85,60,64,7,5,0.11666666666666667,0.078125,0.03854166666666667
B01CYLCGFO,1800 Bed Sheets,Twin XL,Paisley Gray,243.39,69.94,77,55,7,2,0.09090909090909091,0.03636363636363636,0.05454545454545455
B0822VPJB6,1800 Pillow Shams 2 piece,King,Beige,239.22,209.57999999999998,163,144,17,14,0.10429447852760736,0.09722222222222222,0.007072256305385133
B0D7J6FGW4,1800 Bed Sheet Set 6 PC With DEEP Fitted Sheet,King,Beige,235.88,235.88,23,28,4,4,0.17391304347826086,0.14285714285714285,0.031055900621118016
B01N6H21GR,Cotton Flannel Sheet Set 160GSM,King,White,235.88,176.91,52,43,4,3,0.07692307692307693,0.06976744186046512,0.007155635062611812
B07J3THZTH,Cotton Flannel Sheet Set 180GSM,Queen,Gray,235.88,117.94,47,58,4,2,0.0851063829787234,0.034482758620689655,0.05062362435803375
B01MS6XZ05,1800 Bed Sheets,Split King,Light Gray,234.85,234.85,64,84,5,5,0.078125,0.05952380952380952,0.01860119047619048
B0BTZ4KPTZ,1800 Bed Sheet Set 6 PIECE,Full,White,233.82,389.7,97,84,6,10,0.061855670103092786,0.11904761904761904,-0.057191948944526255
B0822Y48HH,1800 Bedskirt,Queen,Beige,230.67,272.61,414,371,11,13,0.026570048309178744,0.03504043126684636,-0.008470382957667617
B01CYLCJMY,1800 Bed Sheets,Full,Paisley Gray,227.82,265.78999999999996,833,752,6,7,0.007202881152460984,0.009308510638297872,-0.0021056294858368876
B00ZSGVXS4,1800 Bed Sheets,Full,Striped Gray/Silver,227.06,113.91,103,89,6,3,0.05825242718446602,0.033707865168539325,0.024544562015926696
B01N10ETBD,1800 Bed Sheets,Split King,White,224.85,716.8199999999999,216,186,5,16,0.023148148148148147,0.08602150537634409,-0.06287335722819595
B0DGQQ56WT,1800 Bed Sheets,California King,Mineral Gray,224.85,449.7,88,89,5,10,0.056818181818181816,0.11235955056179775,-0.05554136874361593
B00O35DQMC,1800 Bed Sheets,California King,Navy Blue,224.85,178.98,26,24,5,4,0.19230769230769232,0.16666666666666666,0.02564102564102566
B01DN0B3PY,1800 Bed Sheets,California King,Spa Mint,224.85,44.97,86,102,5,1,0.05813953488372093,0.00980392156862745,0.04833561331509348
B08TRRF39C,1800 Pillowcase Set 2 pc,Set of 2 Standard Size,Sage,215.64,287.52,51,72,12,18,0.23529411764705882,0.25,-0.01470588235294118
B00RKHWN74,1800 Pillowcase Set 2 pc,Set of 2 Standard Size,Gray,215.64,305.49,64,65,12,17,0.1875,0.26153846153846155,-0.07403846153846155
B00RKHWWTI,1800 Pillowcase Set 2 pc,Set of 2 Standard Size,Gold,215.64,233.60999999999999,79,85,12,13,0.1518987341772152,0.15294117647058825,-0.0010424422933730526
B014MVUI36,1800 Pillowcase Set 2 pc,Set of 2 King Size,Light Gray,215.64,125.42999999999999,47,57,12,7,0.2553191489361702,0.12280701754385964,0.13251213139231055
B00RKHXDTG,1800 Pillowcase Set 2 pc,Set of 2 King Size,Aqua,215.64,35.94,23,16,12,2,0.5217391304347826,0.125,0.3967391304347826
B00RKHWU2W,1800 Pillowcase Set 2 pc,Set of 2 Standard Size,Aqua,215.64,125.78999999999999,23,31,12,7,0.5217391304347826,0.22580645161290322,0.29593267882187935
B013FJJQPM,1800 Bed Sheets,King,Royal Blue,214.85,556.0300000000001,172,200,5,13,0.029069767441860465,0.065,-0.03593023255813954
B0DGQQ3F3D,1800 Bed Sheets,King,Oxford Stripe Blue Nova,214.85,128.05,122,133,5,3,0.040983606557377046,0.022556390977443608,0.01842721557993344
B0DGQR5Q2K,1800 Bed Sheets,King,Charcoal,213.13,214.85,45,65,5,5,0.1111111111111111,0.07692307692307693,0.03418803418803418
B0BTZ759RC,1800 Bed Sheet Set 6 PIECE,King,Spa Blue,211.88,158.91,58,62,4,3,0.06896551724137931,0.04838709677419355,0.020578420467185762
B0BTZ5891D,1800 Bed Sheet Set 6 PIECE,King,Blue Hydrangea,211.88,105.94,35,35,4,2,0.11428571428571428,0.05714285714285714,0.05714285714285714
B0CLYDTMYZ,1800 Bed Sheets,Twin XL,Burgundy,209.82,104.91,44,45,6,3,0.13636363636363635,0.06666666666666667,0.06969696969696969
B07BKTVFBX,1800 Bed Sheets,Twin,Spa Blue,209.82,174.85,96,82,6,5,0.0625,0.06097560975609756,0.0015243902439024404
B07R6T8YGK,1800 Bed Sheets,Twin XL,Chevron Gray,209.82,139.88,287,275,6,4,0.020905923344947737,0.014545454545454545,0.0063604687994931915
B00WAIGUKO,1800 Bed Sheets,Twin,Black,209.82,34.97,33,40,6,1,0.18181818181818182,0.025,0.15681818181818183
B0CNRXLFGH,1800 Bed Sheets,RV / Short Queen,Sky Blue,209.82,209.82,51,92,6,6,0.11764705882352941,0.06521739130434782,0.052429667519181586
B016P430CY,1800 Bed Sheets,Twin XL,Lavender,209.82,279.76,102,92,6,8,0.058823529411764705,0.08695652173913043,-0.028132992327365727
B013FJJH1A,1800 Bed Sheets,Twin,Royal Blue,209.82,279.76,55,68,6,8,0.10909090909090909,0.11764705882352941,-0.008556149732620325
B01ES3NVCI,1800 Fitted Sheet,Full,White,208.67,246.60999999999999,40,49,11,13,0.275,0.2653061224489796,0.009693877551020413
B08BZXJS3M,1800 Bed Sheet Set With DEEP Fitted Sheet,King,Brown,207.88,415.76,125,120,4,8,0.032,0.06666666666666667,-0.034666666666666665
B0822X5BGN,1800 Bed Sheet Set With DEEP Fitted Sheet,California King,Navy Blue,207.88,0.0,33,19,4,0,0.12121212121212122,0.0,0.12121212121212122
B08BZWNVRD,1800 Bed Sheet Set With DEEP Fitted Sheet,California King,Tan,207.88,415.76,69,49,4,8,0.057971014492753624,0.16326530612244897,-0.10529429162969534
B0822W883H,1800 Bed Sheet Set With DEEP Fitted Sheet,King,Royal Blue,207.88,311.82000000000005,82,83,4,6,0.04878048780487805,0.07228915662650602,-0.02350866882162797
B08BZXLGBQ,1800 Bed Sheet Set With DEEP Fitted Sheet,California King,Aqua,207.88,207.88,46,46,4,4,0.08695652173913043,0.08695652173913043,0.0
B0BMWD2HRD,1800 Bed Sheet Set With DEEP Fitted Sheet,California King,Blush Pink,206.84,0.0,50,51,4,0,0.08,0.0,0.08
B08CZYZSGG,1800 Bed Sheet Set With DEEP Fitted Sheet,California King,Paisley Gray,206.84,467.72999999999996,77,69,4,9,0.05194805194805195,0.13043478260869565,-0.0784867306606437
B0822XLS97,1800 Bed Sheet Set With DEEP Fitted Sheet,Split King,Blue Hydrangea,199.88,0.0,43,36,4,0,0.09302325581395349,0.0,0.09302325581395349
B0822VQDHR,1800 Bed Sheet Set With DEEP Fitted Sheet,Queen,Black,199.88,449.72999999999996,93,114,4,9,0.043010752688172046,0.07894736842105263,-0.03593661573288058
B0822X88ND,1800 Bed Sheet Set With DEEP Fitted Sheet,Queen,Spa Blue,199.88,698.5799999999999,235,253,4,14,0.01702127659574468,0.05533596837944664,-0.03831469178370196
B0822X42YC,1800 Bed Sheet Set With DEEP Fitted Sheet,Split King,Light Gray,199.88,149.91,32,41,4,3,0.125,0.07317073170731707,0.05182926829268293
B0822WJHV4,1800 Bed Sheet Set With DEEP Fitted Sheet,Queen,Royal Blue,199.88,349.78999999999996,94,100,4,7,0.0425531914893617,0.07,-0.027446808510638306
B0DGQQ52Z7,1800 Bed Sheets,Queen,Oxford Stripe Hazy Lilac,199.85,239.82,188,194,5,6,0.026595744680851064,0.030927835051546393,-0.004332090370695329
B01ES3LRNS,1800 Fitted Sheet,Queen,Light Gray,199.7,79.88,42,36,10,4,0.23809523809523808,0.1111111111111111,0.12698412698412698
B0CYCPL4PN,1800 Bed Sheet Set 6 PC With DEEP Fitted Sheet,Queen,Light Gray,197.88,0.0,22,15,4,0,0.18181818181818182,0.0,0.18181818181818182
B01DN0B6A6,1800 Pillowcase Set 2 pc,Set of 2 Standard Size,Coral,197.67,53.91,37,32,11,3,0.2972972972972973,0.09375,0.2035472972972973
B0CNRYWWWY,1800 Bed Sheets,Full,Terracotta,189.85,265.78999999999996,114,141,5,7,0.043859649122807015,0.04964539007092199,-0.005785740948114973
B0CLY95T5V,1800 Bed Sheets,Full,Burgundy,189.85,227.82,56,75,5,6,0.08928571428571429,0.08,0.009285714285714286
B0DGQRDFJP,1800 Bed Sheets,Full,Oxford Stripe Blue Nova,189.85,151.88,93,89,5,4,0.053763440860215055,0.0449438202247191,0.008819620635495955
B0DGQNQFFX,1800 Bed Sheets,Full,Charcoal,189.85,227.82,30,31,5,6,0.16666666666666666,0.1935483870967742,-0.02688172043010753
B0CNRYLZCL,1800 Bed Sheets,Full,Poppy Orange,189.85,151.88,68,60,5,4,0.07352941176470588,0.06666666666666667,0.006862745098039219
B01ES3MHXC,1800 Fitted Sheet,Twin XL,White,189.7,132.79,41,38,10,7,0.24390243902439024,0.18421052631578946,0.059691912708600775
B01ES3L50S,1800 Fitted Sheet,Twin,White,189.7,208.67,37,30,10,11,0.2702702702702703,0.36666666666666664,-0.09639639639639636
B0DGQQYPRL,1800 Bed Sheets,Full,Oxford Stripe Sage,189.09,151.88,106,97,5,4,0.04716981132075472,0.041237113402061855,0.0059326979186928655
B01DN0AFSU,1800 Bed Sheets,Full,Yellow,189.09,189.85,155,175,5,5,0.03225806451612903,0.02857142857142857,0.003686635944700461
B01MY7SCEE,1800 Bed Sheets,Split King,Gray,187.88,93.94,38,52,4,2,0.10526315789473684,0.038461538461538464,0.06680161943319837
B01MS71I4Z,1800 Bed Sheets,Split King,Tan,187.88,0.0,32,39,4,0,0.125,0.0,0.125
B0CLYD3B2D,1800 Bed Sheets,Split King,Ivory,187.88,140.91,109,100,4,3,0.03669724770642202,0.03,0.0066972477064220215
B08RZDBH97,1800 Bed Sheets,Split King,Teal,187.88,187.88,44,45,4,4,0.09090909090909091,0.08888888888888889,0.0020202020202020193
B0BMW97GJF,1800 Bed Sheet Set With DEEP Fitted Sheet,Full,Golden Ivory,183.88,275.82,88,95,4,6,0.045454545454545456,0.06315789473684211,-0.01770334928229665
B08BZW8FG5,1800 Bed Sheet Set With DEEP Fitted Sheet,Full,Aqua,183.88,91.94,52,48,4,2,0.07692307692307693,0.041666666666666664,0.03525641025641026
B08CZZQMFC,1800 Bed Sheet Set With DEEP Fitted Sheet,Full,Paisley Gray,183.88,45.97,75,63,4,1,0.05333333333333334,0.015873015873015872,0.037460317460317465
B0CNRZBB6D,1800 Bed Sheets,California King,Sky Blue,179.88,134.91,63,70,4,3,0.06349206349206349,0.04285714285714286,0.02063492063492063
B0822X1F1C,1800 Bed Sheet Set With DEEP Fitted Sheet,Twin XL,Spa Blue,179.88,44.97,58,62,4,1,0.06896551724137931,0.016129032258064516,0.052836484983314794
B01DN0B0GG,1800 Bed Sheets,California King,Emerald Green,179.88,89.94,58,57,4,2,0.06896551724137931,0.03508771929824561,0.0338777979431337
B08BZYDJCT,1800 Bed Sheet Set With DEEP Fitted Sheet,Twin XL,Lavender,179.88,44.97,45,33,4,1,0.08888888888888889,0.030303030303030304,0.05858585858585859
B0112XOJJQ,1800 Bed Sheets,California King,Tan,179.88,179.88,48,68,4,4,0.08333333333333333,0.058823529411764705,0.024509803921568624
B0BMW9DRC4,1800 Bed Sheet Set With DEEP Fitted Sheet,Twin XL,Pinstripe Gray,179.88,314.78999999999996,79,88,4,7,0.05063291139240506,0.07954545454545454,-0.02891254315304948
B07R922JQZ,1800 Bed Sheets,California King,Pinstripe Gray,179.88,89.94,60,55,4,2,0.06666666666666667,0.03636363636363636,0.030303030303030304
B08TRS9MW9,1800 Fitted Sheet,Queen,Golden Ivory,179.73,99.85,20,22,9,5,0.45,0.22727272727272727,0.22272727272727275
B08TRRHGXW,1800 Pillowcase Set 2 pc,Set of 2 King Size,Teal,179.7,71.88,20,16,10,4,0.5,0.25,0.25
B01DN0BC0A,1800 Pillowcase Set 2 pc,Set of 2 King Size,Blue Hydrangea,179.7,179.7,31,29,10,10,0.3225806451612903,0.3448275862068966,-0.02224694104560626
B0CYCPFWQL,1800 Bed Sheet Set 6 PC With DEEP Fitted Sheet,King,Blue Hydrangea,176.91,0.0,17,13,3,0,0.17647058823529413,0.0,0.17647058823529413
B0CYCPG2PK,1800 Bed Sheet Set 6 PC With DEEP Fitted Sheet,King,Light Gray,176.91,176.91,15,17,3,3,0.2,0.17647058823529413,0.023529411764705882
B01NCM49W6,Cotton Flannel Sheet Set 160GSM,King,Sage,176.91,58.97,22,22,3,1,0.13636363636363635,0.045454545454545456,0.0909090909090909
B0CYCPGS5Q,1800 Bed Sheet Set 6 PC With DEEP Fitted Sheet,King,Ivory,176.91,58.97,31,23,3,1,0.0967741935483871,0.043478260869565216,0.05329593267882188
B0D7F2C7W1,1800 Bed Sheet Set 6 PC With DEEP Fitted Sheet,King,Spa Mint,176.91,117.94,30,19,3,2,0.1,0.10526315789473684,-0.005263157894736831
B0BTZ4CFWV,1800 Bed Sheet Set 6 PIECE,Queen,Light Gray,175.88,87.94,44,46,4,2,0.09090909090909091,0.043478260869565216,0.047430830039525695
B0BTZ81ZZK,1800 Bed Sheet Set 6 PIECE,Queen,Aqua,175.88,131.91,22,31,4,3,0.18181818181818182,0.0967741935483871,0.08504398826979473
B0CNRX7KCV,1800 Bed Sheets,Twin,Hazy Lilac,174.85,139.88,55,93,5,4,0.09090909090909091,0.043010752688172046,0.047898338220918865
B01DN0A3P0,1800 Bed Sheets,Twin XL,Coral,174.85,174.85,60,59,5,5,0.08333333333333333,0.0847457627118644,-0.0014124293785310743
B0CNRYNV4P,1800 Bed Sheets,Twin XL,Pistachio,174.85,34.97,54,52,5,1,0.09259259259259259,0.019230769230769232,0.07336182336182336
B08V8ZRKR3,1800 Bed Sheets,RV / Short Queen,Blue Hydrangea,174.85,139.88,61,62,5,4,0.08196721311475409,0.06451612903225806,0.01745108408249603
B00O35D5PA,1800 Bed Sheets,Twin,Gold,174.85,34.97,22,20,5,1,0.22727272727272727,0.05,0.17727272727272725
B0DGQRFYH8,1800 Bed Sheets,Twin,Mineral Gray,174.85,314.73,98,104,5,9,0.05102040816326531,0.08653846153846154,-0.03551805337519623
B0BTZ68TRH,1800 Bed Sheet Set 6 PIECE,Split King,Beige,173.91,39.98,15,38,3,2,0.2,0.05263157894736842,0.1473684210526316
B00NQDGLTW,1800 Bed Sheets,King,Brick Red,171.88,428.84,139,197,4,10,0.02877697841726619,0.050761421319796954,-0.021984442902530765
B0822VMF9C,1800 Pillow Shams 2 piece,Standard,Light Gray,164.67,179.64000000000001,75,67,11,12,0.14666666666666667,0.1791044776119403,-0.03243781094527362
B0822YRCDP,1800 Pillowcase Set 4 pc,Standard,Gray,162.0,54.0,22,26,7,2,0.3181818181818182,0.07692307692307693,0.24125874125874125
B01LXQW6IW,1800 Pillowcase Set 2 pc,Set of 2 King Size,Paisley Gray,161.73,89.85,33,26,9,5,0.2727272727272727,0.19230769230769232,0.08041958041958039
B01DG599TS,1800 Pillowcase Set 2 pc,Set of 2 Standard Size,Tan,161.73,143.76,27,17,9,8,0.3333333333333333,0.47058823529411764,-0.13725490196078433
B0BTZ5QFD7,1800 Bed Sheet Set 6 PIECE,Twin,White,161.4,299.96000000000004,17,101,5,8,0.29411764705882354,0.07920792079207921,0.21490972626674432
B0822ZK6VY,1800 Bedskirt,King,Blue Hydrangea,160.79,183.76,97,86,7,8,0.07216494845360824,0.09302325581395349,-0.020858307360345246
B0822XBDZW,1800 Bedskirt,Full,White,159.76,139.79,162,135,8,7,0.04938271604938271,0.05185185185185185,-0.002469135802469137
B0BTZ7QPLJ,1800 Bed Sheet Set 6 PIECE,King,Emerald Green,158.91,0.0,25,25,3,0,0.12,0.0,0.12
B0BTZ4YV6J,1800 Bed Sheet Set 6 PIECE,King,Golden Ivory,157.85,264.85,47,50,3,5,0.06382978723404255,0.1,-0.03617021276595746
B08CZY4WCP,1800 Bed Sheet Set With DEEP Fitted Sheet,King,Coral,155.91,103.94,100,96,3,2,0.03,0.020833333333333332,0.009166666666666667
B01MDQRQRR,Cotton Flannel Sheet Set 160GSM,Queen,White,155.91,103.94,24,21,4,2,0.16666666666666666,0.09523809523809523,0.07142857142857142
B0BMWL7N8S,1800 Bed Sheet Set With DEEP Fitted Sheet,California King,Pinstripe Gray,155.91,207.88,62,63,3,4,0.04838709677419355,0.06349206349206349,-0.015104966717869941
B01MYZYURF,Cotton Flannel Sheet Set 160GSM,Queen,Blue,155.91,103.94,20,29,3,2,0.15,0.06896551724137931,0.08103448275862069
B0822XMHH5,1800 Bed Sheet Set With DEEP Fitted Sheet,King,Brick Red,155.91,207.88,104,101,3,4,0.028846153846153848,0.039603960396039604,-0.010757806549885757
B0822WWZJR,1800 Bed Sheet Set With DEEP Fitted Sheet,California King,Black,155.91,155.91,25,17,3,3,0.12,0.17647058823529413,-0.056470588235294134
B01ETTFH14,1800 Flat Sheet,Twin XL,White,152.73,118.78999999999999,17,19,9,7,0.5294117647058824,0.3684210526315789,0.16099071207430343
B00O35DHNA,1800 Bed Sheets,Full,Gold,151.88,113.91,49,54,4,3,0.08163265306122448,0.05555555555555555,0.02607709750566893
B0BTZ6GX35,1800 Bed Sheet Set 6 PIECE,Twin,Navy Blue,151.88,37.97,5,9,4,1,0.8,0.1111111111111111,0.6888888888888889
B0BTZ5BY6R,1800 Bed Sheet Set 6 PIECE,Twin XL,Light Gray,151.88,189.85,27,23,4,5,0.14814814814814814,0.21739130434782608,-0.06924315619967794
B0BTZ2M96Q,1800 Bed Sheet Set 6 PIECE,Twin XL,Golden Ivory,151.88,113.91,17,24,4,3,0.23529411764705882,0.125,0.11029411764705882
B01ETTDTSM,1800 Flat Sheet,Queen,White,151.76,815.71,43,47,8,43,0.18604651162790697,0.9148936170212766,-0.7288471053933696
B0822X68ZT,1800 Bed Sheet Set With DEEP Fitted Sheet,Split King,Beige,149.91,49.97,24,29,3,1,0.125,0.034482758620689655,0.09051724137931035
B0CYCNYNXF,1800 Bed Sheet Set 6 PC With DEEP Fitted Sheet,Queen,Tan,149.91,49.97,24,18,3,1,0.125,0.05555555555555555,0.06944444444444445
B0CNWG3MCK,1800 Pillowcase Set 2 pc,Set of 2 Standard Size,Ivory,143.76,250.85999999999999,49,50,8,14,0.16326530612244897,0.28,-0.11673469387755106
B01DN0BH0K,1800 Pillowcase Set 2 pc,Set of 2 King Size,Spa Mint,143.76,125.78999999999999,42,41,8,7,0.19047619047619047,0.17073170731707318,0.019744483159117282
B01DN0BACU,1800 Pillowcase Set 2 pc,Set of 2 Standard Size,Spa Mint,143.76,305.49,73,68,8,17,0.1095890410958904,0.25,-0.1404109589041096
B0CNRYVY46,1800 Pillowcase Set 2 pc,Set of 2 Standard Size,Sky Blue,143.76,89.85,41,45,8,5,0.1951219512195122,0.1111111111111111,0.0840108401084011
B08RZFDKF9,1800 Bed Sheets,Split King,Blush Pink,140.91,140.91,38,33,3,3,0.07894736842105263,0.09090909090909091,-0.011961722488038284
B0CNRX5LHJ,1800 Bed Sheets,Split King,Hazy Lilac,139.97,140.91,34,42,3,3,0.08823529411764706,0.07142857142857142,0.01680672268907564
B07J3TFC6H,Cotton Flannel Sheet Set 180GSM,California King,White,139.94,0.0,13,0,2,0,0.15384615384615385,,
B08V91TK7Q,1800 Bed Sheets,RV / Short Queen,Spa Blue,139.88,139.88,59,63,4,4,0.06779661016949153,0.06349206349206349,0.004304546677428037
B0112XNQYU,1800 Bed Sheets,Twin,Tan,139.88,69.94,37,35,4,2,0.10810810810810811,0.05714285714285714,0.05096525096525097
B0CNRYK9MC,1800 Bed Sheets,Twin,Blue Nova,139.88,244.79,77,66,4,7,0.05194805194805195,0.10606060606060606,-0.05411255411255411
B0822XRHJV,1800 Bedskirt,Twin XL,Navy Blue,139.79,79.88,59,39,7,4,0.11864406779661017,0.10256410256410256,0.016079965232507612
B016P42QTC,1800 Bed Sheets,Twin XL,Brown,139.18,0.0,16,17,4,0,0.25,0.0,0.25
B0822YZKLZ,1800 Bed Sheet Set With DEEP Fitted Sheet,Full,Blue Hydrangea,137.91,413.72999999999996,70,67,3,9,0.04285714285714286,0.13432835820895522,-0.09147121535181237
B0822XTZ9H,1800 Bed Sheet Set With DEEP Fitted Sheet,Full,Royal Blue,137.91,0.0,30,23,3,0,0.1,0.0,0.1
B08CZZMK9Q,1800 Bed Sheet Set With DEEP Fitted Sheet,Full,Spa Mint,137.91,91.94,93,86,3,2,0.03225806451612903,0.023255813953488372,0.00900225056264066
B08BZVYMKN,1800 Bed Sheet Set With DEEP Fitted Sheet,Twin XL,Emerald Green,134.91,44.97,27,24,3,1,0.1111111111111111,0.041666666666666664,0.06944444444444445
B00O35CXRQ,1800 Bed Sheets,California King,Gold,134.91,44.97,45,44,3,1,0.06666666666666667,0.022727272727272728,0.04393939393939394
B00O35DOT2,1800 Bed Sheets,California King,Beige,134.91,312.99,60,63,3,7,0.05,0.1111111111111111,-0.0611111111111111
B0BMW7914Q,1800 Bed Sheet Set With DEEP Fitted Sheet,Twin XL,Golden Ivory,134.91,224.85,110,115,3,5,0.02727272727272727,0.043478260869565216,-0.016205533596837945
B08RZDNSMT,1800 Bed Sheets,California King,Teal,134.91,224.85,51,64,3,5,0.058823529411764705,0.078125,-0.019301470588235295
B0822WYDZD,1800 Bed Sheet Set With DEEP Fitted Sheet,Twin,Light Gray,134.91,0.0,48,47,3,0,0.0625,0.0,0.0625
B01CYLCUAK,1800 Bed Sheets,California King,Paisley Gray,134.91,44.97,63,60,3,1,0.047619047619047616,0.016666666666666666,0.03095238095238095
B08BZVPSCB,1800 Bed Sheet Set With DEEP Fitted Sheet,Twin XL,Tan,134.91,179.88,31,27,3,4,0.0967741935483871,0.14814814814814814,-0.051373954599761046
B0CNRX854V,1800 Bed Sheets,California King,Poppy Orange,134.91,0.0,30,20,3,0,0.1,0.0,0.1
B0822WFM2P,1800 Bed Sheet Set With DEEP Fitted Sheet,Twin XL,Black,134.91,179.88,29,29,3,4,0.10344827586206896,0.13793103448275862,-0.034482758620689655
B0CYCTK7HP,1800 Bed Sheet Set 6 PC With DEEP Fitted Sheet,Full,Sky Blue,134.91,44.97,18,16,3,1,0.16666666666666666,0.0625,0.10416666666666666
B00O35DTJM,1800 Bed Sheets,California King,Aqua,134.91,269.82,58,75,3,6,0.05172413793103448,0.08,-0.02827586206896552
B0BTZ5617G,1800 Bed Sheet Set 6 PIECE,Queen,Blush Pink,131.91,0.0,41,44,3,0,0.07317073170731707,0.0,0.07317073170731707
B07YYLSXJV,Cotton Flannel Sheet Set 160GSM,Twin XL,White,131.91,131.91,17,18,3,3,0.17647058823529413,0.16666666666666666,0.009803921568627472
B0822WGD4S,"1800 Fitted Sheet 21"" Deep",King,White,129.85,779.1,105,46,5,30,0.047619047619047616,0.6521739130434783,-0.6045548654244306
B0822V4YX9,"1800 Fitted Sheet 21"" Deep",King,Gray,129.85,25.97,18,20,5,1,0.2777777777777778,0.05,0.2277777777777778
B0DGQPRB4N,1800 Bed Sheets,King,Oxford Stripe Hazy Lilac,128.91,85.94,104,105,3,2,0.028846153846153848,0.01904761904761905,0.009798534798534798
B00NQDGKZC,1800 Bed Sheets,King,Purple,128.91,471.81,111,127,3,12,0.02702702702702703,0.09448818897637795,-0.06746116194935092
B0CNRX8GGP,1800 Bed Sheets,King,Poppy Orange,128.91,171.88,106,139,3,4,0.02830188679245283,0.02877697841726619,-0.0004750916248133577
B0CNWFHGRS,1800 Pillowcase Set 2 pc,Set of 2 King Size,Ivory,125.78999999999999,160.29,30,26,7,9,0.23333333333333334,0.34615384615384615,-0.11282051282051281
B08TRN118H,1800 Pillowcase Set 2 pc,Set of 2 King Size,Golden Ivory,125.78999999999999,107.82,27,28,7,6,0.25925925925925924,0.21428571428571427,0.04497354497354497
B08TRPW85X,1800 Pillowcase Set 2 pc,Set of 2 Standard Size,Teal,125.78999999999999,161.73,30,33,7,9,0.23333333333333334,0.2727272727272727,-0.03939393939393937
B0822WZZ26,1800 Pillowcase Set 2 pc,Set of 2 Standard Size,Laced Sky Blue,125.78999999999999,161.73,20,34,7,9,0.35,0.2647058823529412,0.0852941176470588
B00RKHX6VQ,1800 Pillowcase Set 2 pc,Set of 2 King Size,Gray,125.42999999999999,215.64,33,39,7,12,0.21212121212121213,0.3076923076923077,-0.09557109557109558
B07YYLQFGB,Cotton Flannel Sheet Set 160GSM,California King,Blue,121.94,0.0,20,8,2,0,0.1,0.0,0.1
B082311FB2,1800 Bedskirt,Twin XL,Black,119.82,159.76,67,60,6,8,0.08955223880597014,0.13333333333333333,-0.04378109452736319
B0CYCS32SP,1800 Bed Sheet Set 6 PC With DEEP Fitted Sheet,King,Spa Blue,117.94,0.0,14,22,2,0,0.14285714285714285,0.0,0.14285714285714285
B07J3WFHLF,Cotton Flannel Sheet Set 180GSM,Queen,White,117.94,58.97,21,15,2,1,0.09523809523809523,0.06666666666666667,0.028571428571428567
B0CYCQXPNV,1800 Bed Sheet Set 6 PC With DEEP Fitted Sheet,King,Hazy Lilac,117.94,0.0,13,9,2,0,0.15384615384615385,0.0,0.15384615384615385
B0CYCP3D24,1800 Bed Sheet Set 6 PC With DEEP Fitted Sheet,King,Tan,117.94,0.0,23,21,2,0,0.08695652173913043,0.0,0.08695652173913043
B07WZP4STM,Cotton Flannel Sheet Set 180GSM,Queen,Navy,117.94,0.0,48,30,2,0,0.041666666666666664,0.0,0.041666666666666664
B0CYCMX1XX,1800 Bed Sheet Set 6 PC With DEEP Fitted Sheet,King,Gray,117.94,117.94,15,12,2,2,0.13333333333333333,0.16666666666666666,-0.033333333333333326
B0BTZ7DKCD,1800 Bed Sheet Set 6 PIECE,Split King,Yellow,115.94,0.0,3,5,2,0,0.6666666666666666,0.0,0.6666666666666666
B0822Z2JQL,1800 Bedskirt,Cal King,Beige,114.85,68.91,64,56,5,3,0.078125,0.05357142857142857,0.02455357142857143
B0CYCQM95B,1800 Bed Sheet Set 6 PC With DEEP Fitted Sheet,California King,White,113.94,56.97,18,19,2,1,0.1111111111111111,0.05263157894736842,0.05847953216374269
B0CNRXQRJP,1800 Bed Sheets,Full,Pistachio,113.91,113.91,112,115,3,3,0.026785714285714284,0.02608695652173913,0.0006987577639751552
B0BTZ61X6H,1800 Bed Sheet Set 6 PIECE,Twin XL,Navy Blue,113.91,75.94,11,15,3,2,0.2727272727272727,0.13333333333333333,0.13939393939393938
B00O35DKHS,1800 Bed Sheets,Full,Purple,113.91,189.85,105,112,3,5,0.02857142857142857,0.044642857142857144,-0.016071428571428573
B0BTZ6B7XR,1800 Bed Sheet Set 6 PIECE,Twin XL,Spa Blue,113.91,37.97,24,11,3,1,0.125,0.09090909090909091,0.03409090909090909
B0BMCH8Q2F,1800 Pillowcase Set 2 pc,Set of 12 King Size,White,109.94,326.52,15,28,2,6,0.13333333333333333,0.21428571428571427,-0.08095238095238094
B01ES3NN4Y,1800 Fitted Sheet,King,Blue Hydrangea,109.85,21.97,20,15,5,1,0.25,0.06666666666666667,0.18333333333333335
B0822XNLKD,1800 Pillowcase Set 4 pc,Standard,Navy Blue,108.0,54.0,12,6,4,2,0.3333333333333333,0.3333333333333333,0.0
B0822YGP85,1800 Pillowcase Set 4 pc,Standard,Light Gray,108.0,162.0,20,28,4,6,0.2,0.21428571428571427,-0.014285714285714263
B013FJJVAC,1800 Pillowcase Set 2 pc,Set of 2 Standard Size,Royal Blue,107.82,143.76,22,31,6,8,0.2727272727272727,0.25806451612903225,0.014662756598240456
B01LZP8460,1800 Pillowcase Set 2 pc,Set of 2 Standard Size,Paisley Gray,107.82,197.67,82,103,6,11,0.07317073170731707,0.10679611650485436,-0.033625384797537294
B00RKHWP8G,1800 Pillowcase Set 2 pc,Set of 2 Standard Size,Navy Blue,107.82,107.82,19,22,6,6,0.3157894736842105,0.2727272727272727,0.0430622009569378
B08TRP6QMS,1800 Pillowcase Set 2 pc,Set of 2 Standard Size,Blush Pink,107.82,197.30999999999997,40,43,6,11,0.15,0.2558139534883721,-0.10581395348837211
B014MVUANE,1800 Pillowcase Set 2 pc,Set of 2 Standard Size,Black,107.82,143.76,23,12,6,8,0.2608695652173913,0.6666666666666666,-0.40579710144927533
B0822YV6M1,1800 Pillowcase Set 2 pc,Set of 2 Standard Size,Pinstripe Gray,107.82,143.76,18,31,6,8,0.3333333333333333,0.25806451612903225,0.07526881720430106
B00RKHX5CQ,1800 Pillowcase Set 2 pc,Set of 2 King Size,Beige,107.82,197.67,34,31,6,11,0.17647058823529413,0.3548387096774194,-0.17836812144212524
B0CNRYSG8F,1800 Pillowcase Set 2 pc,Set of 2 Standard Size,Terracotta,107.82,0.0,16,15,6,0,0.375,0.0,0.375
B0BTZ6R86Q,1800 Bed Sheet Set 6 PIECE,King,Light Gray,105.94,105.94,29,36,2,2,0.06896551724137931,0.05555555555555555,0.013409961685823757
B0BTZ51FTP,1800 Bed Sheet Set 6 PIECE,King,Gray,105.94,158.91,39,32,2,3,0.05128205128205128,0.09375,-0.04246794871794872
B0BTZ5L4DM,1800 Bed Sheet Set 6 PIECE,King,Coral,105.94,0.0,18,13,2,0,0.1111111111111111,0.0,0.1111111111111111
B0BTZ6RFZL,1800 Bed Sheet Set 6 PIECE,King,Navy Blue,105.94,158.91,20,26,2,3,0.1,0.11538461538461539,-0.015384615384615385
B016P42SOU,1800 Bed Sheets,Twin XL,Purple,104.91,139.88,33,27,3,4,0.09090909090909091,0.14814814814814814,-0.05723905723905723
B08RZCTQKF,1800 Bed Sheets,Twin,Teal,104.91,174.85,69,75,3,5,0.043478260869565216,0.06666666666666667,-0.02318840579710145
B08V8T981S,1800 Bed Sheets,RV / Short Queen,Black,104.91,34.97,32,37,3,1,0.09375,0.02702702702702703,0.06672297297297297
B0DGQR6JZW,1800 Bed Sheets,Twin XL,Charcoal,104.91,104.91,33,19,3,3,0.09090909090909091,0.15789473684210525,-0.06698564593301434
B0DGQS8V6Q,1800 Bed Sheets,Twin,Oxford Stripe Blue Nova,104.91,69.94,31,39,3,2,0.0967741935483871,0.05128205128205128,0.045492142266335814
B07PP4PSBZ,1800 Duvet Cover Set,Queen,Laced Sky Blue,104.91,34.97,27,46,3,1,0.1111111111111111,0.021739130434782608,0.0893719806763285
B07R8ZV5RP,1800 Bed Sheets,Twin,Laced Sky Blue,104.91,104.91,46,63,3,3,0.06521739130434782,0.047619047619047616,0.017598343685300208
B0CLYFB8ST,1800 Bed Sheets,Twin XL,Taupe,104.91,69.94,37,16,3,2,0.08108108108108109,0.125,-0.043918918918918914
B0CNRY8FZD,1800 Bed Sheets,Twin XL,Sky Blue,104.91,244.79,67,172,3,7,0.04477611940298507,0.040697674418604654,0.004078444984380418
B01DN0A4DQ,1800 Bed Sheets,Twin XL,Emerald Green,104.91,104.91,69,80,3,3,0.043478260869565216,0.0375,0.005978260869565218
B01DN09Z7M,1800 Bed Sheets,Twin,Coral,104.91,0.0,61,40,3,0,0.04918032786885246,0.0,0.04918032786885246
B082311F9Z,1800 Bedskirt,Queen,Navy Blue,104.85,272.61,69,90,5,13,0.07246376811594203,0.14444444444444443,-0.0719806763285024
B0822XSCPT,1800 Bedskirt,Queen,Blue Hydrangea,104.85,146.79,74,100,5,7,0.06756756756756757,0.07,-0.0024324324324324353
B0822ZSBN1,1800 Bedskirt,Queen,Light Gray,104.85,62.91,116,80,5,3,0.04310344827586207,0.0375,0.005603448275862073
B01CYLCDCU,1800 Bed Sheets,Twin,Paisley Gray,104.21000000000001,69.94,56,61,3,2,0.05357142857142857,0.03278688524590164,0.020784543325526927
B0822XYVZ7,1800 Bed Sheet Set With DEEP Fitted Sheet,California King,Royal Blue,103.94,51.97,20,19,2,1,0.1,0.05263157894736842,0.04736842105263159
B08BZX7GB9,1800 Bed Sheet Set With DEEP Fitted Sheet,California King,Brown,103.94,51.97,68,40,2,1,0.029411764705882353,0.025,0.004411764705882351
B0BMW6QWW7,1800 Bed Sheet Set With DEEP Fitted Sheet,California King,Golden Ivory,103.94,311.82,93,81,2,6,0.021505376344086023,0.07407407407407407,-0.05256869772998805
B08V92PDJ4,1800 Bed Sheets,RV / Short Queen,Gray,103.50999999999999,0.0,58,17,3,0,0.05172413793103448,0.0,0.05172413793103448
B0CYCPT2FR,1800 Bed Sheet Set 6 PC With DEEP Fitted Sheet,Queen,Blue Hydrangea,99.94,0.0,18,18,2,0,0.1111111111111111,0.0,0.1111111111111111
B01NGWLXLE,Cotton Flannel Sheet Set 160GSM,Full,Blue,99.94,49.97,23,19,2,1,0.08695652173913043,0.05263157894736842,0.034324942791762014
B0D7JFX2WC,1800 Bed Sheet Set 6 PC With DEEP Fitted Sheet,Queen,Spa Mint,99.94,49.97,40,26,2,1,0.05,0.038461538461538464,0.011538461538461539
B0822WT7JY,1800 Bed Sheet Set With DEEP Fitted Sheet,Split King,Spa Blue,99.94,49.97,41,29,2,1,0.04878048780487805,0.034482758620689655,0.014297729184188396
B07J3YKXS2,Cotton Flannel Sheet Set 180GSM,Twin XL,Gray,99.94,99.94,5,8,2,2,0.4,0.25,0.15000000000000002
B07J3T35D5,Cotton Flannel Sheet Set 180GSM,Twin XL,White,99.94,99.94,4,7,2,2,0.5,0.2857142857142857,0.2142857142857143
B01N7IE9TA,Cotton Flannel Sheet Set 160GSM,Full,Navy,99.94,0.0,5,4,2,0,0.4,0.0,0.4
B0822XYSQR,1800 Bedskirt,Full,Beige,99.85,99.85,62,54,5,5,0.08064516129032258,0.09259259259259259,-0.011947431302270009
B08D11NY4C,"1800 Fitted Sheet 21"" Deep",Queen,Brown,95.88,0.0,48,31,4,0,0.08333333333333333,0.0,0.08333333333333333
B0822W8CWV,"1800 Fitted Sheet 21"" Deep",Queen,White,95.88,47.94,29,12,4,2,0.13793103448275862,0.16666666666666666,-0.02873563218390804
B01ES3N46G,1800 Fitted Sheet,Twin XL,Light Gray,94.85,75.88,13,11,5,4,0.38461538461538464,0.36363636363636365,0.02097902097902099
B0DGQPGP7Q,1800 Bed Sheets,Split King,Oxford Stripe Sage,93.94,0.0,34,31,2,0,0.058823529411764705,0.0,0.058823529411764705
B01MY7UN7F,1800 Bed Sheets,Split King,Navy Blue,93.94,93.94,18,21,2,2,0.1111111111111111,0.09523809523809523,0.015873015873015872
B0CNRYSBM1,1800 Bed Sheets,Split King,Poppy Orange,93.94,0.0,9,12,2,0,0.2222222222222222,0.0,0.2222222222222222
B0CNRYT4DL,1800 Bed Sheets,Split King,Terracotta,93.0,0.0,19,14,2,0,0.10526315789473684,0.0,0.10526315789473684
B0BMW79MJQ,1800 Bed Sheet Set With DEEP Fitted Sheet,Full,Laced Sky Blue,91.94,91.94,64,52,2,2,0.03125,0.038461538461538464,-0.007211538461538464
B08BZWCLY2,1800 Bed Sheet Set With DEEP Fitted Sheet,Full,Lavender,91.94,45.97,49,52,2,1,0.04081632653061224,0.019230769230769232,0.02158555729984301
B08CZYZCPM,1800 Bed Sheet Set With DEEP Fitted Sheet,Full,Purple,91.94,45.97,30,30,2,1,0.06666666666666667,0.03333333333333333,0.03333333333333333
B08BZVT9FJ,1800 Bed Sheet Set With DEEP Fitted Sheet,Full,Brown,91.94,0.0,36,33,2,0,0.05555555555555555,0.0,0.05555555555555555
B0822VS5W8,1800 Bed Sheet Set With DEEP Fitted Sheet,Full,Black,91.94,183.88,30,32,2,4,0.06666666666666667,0.125,-0.058333333333333334
B0822VSKCD,1800 Bed Sheet Set With DEEP Fitted Sheet,Full,Beige,91.94,45.97,67,54,2,1,0.029850746268656716,0.018518518518518517,0.011332227750138198
B0823123JL,1800 Bedskirt,Cal King,Navy Blue,91.88,68.91,39,31,4,3,0.10256410256410256,0.0967741935483871,0.0057899090157154665
B0822XR323,1800 Bed Sheet Set With DEEP Fitted Sheet,Twin,Royal Blue,89.94,0.0,14,15,2,0,0.14285714285714285,0.0,0.14285714285714285
B0CNRX2YJB,1800 Bed Sheets,California King,Terracotta,89.94,44.97,34,32,2,1,0.058823529411764705,0.03125,0.027573529411764705
B08BZY2D1D,1800 Bed Sheet Set With DEEP Fitted Sheet,Twin XL,Aqua,89.94,89.94,62,38,2,2,0.03225806451612903,0.05263157894736842,-0.020373514431239387
B0BMW99MVD,1800 Bed Sheet Set With DEEP Fitted Sheet,Twin,Golden Ivory,89.94,44.97,51,23,2,1,0.0392156862745098,0.043478260869565216,-0.004262574595055413
B08CZXP1GG,1800 Bed Sheet Set With DEEP Fitted Sheet,Twin XL,Paisley Gray,89.94,89.94,44,52,2,2,0.045454545454545456,0.038461538461538464,0.006993006993006992
B08RZCW5QJ,1800 Bed Sheets,California King,Sage,89.94,449.7,95,116,2,10,0.021052631578947368,0.08620689655172414,-0.06515426497277678
B0BMWBZ188,1800 Bed Sheet Set With DEEP Fitted Sheet,Twin XL,Laced Sky Blue,89.94,179.88,37,48,2,4,0.05405405405405406,0.08333333333333333,-0.02927927927927927
B0822XJFYY,1800 Bed Sheet Set With DEEP Fitted Sheet,Twin XL,Blue Hydrangea,89.94,359.76,83,73,2,8,0.024096385542168676,0.1095890410958904,-0.08549265555372174
B0822WL4Z5,1800 Bed Sheet Set With DEEP Fitted Sheet,Twin,Blue Hydrangea,89.94,0.0,29,41,2,0,0.06896551724137931,0.0,0.06896551724137931
B08BZXC2VF,1800 Bed Sheet Set With DEEP Fitted Sheet,Twin,Aqua,89.94,44.97,24,23,2,1,0.08333333333333333,0.043478260869565216,0.03985507246376811
B00O35CYRK,1800 Bed Sheets,California King,Brown,89.94,179.88,26,36,2,4,0.07692307692307693,0.1111111111111111,-0.03418803418803418
B08BZX8G3H,1800 Bed Sheet Set With DEEP Fitted Sheet,Twin XL,Brown,89.94,0.0,17,21,2,0,0.11764705882352941,0.0,0.11764705882352941
B01DN0AZEE,1800 Bed Sheets,California King,Coral,89.94,44.07,33,32,2,1,0.06060606060606061,0.03125,0.029356060606060608
B013FJJSSW,1800 Bed Sheets,California King,Royal Blue,89.94,134.91,20,37,2,3,0.1,0.08108108108108109,0.01891891891891892
B0CLYCNW79,1800 Bed Sheets,California King,Burgundy,89.94,89.94,25,22,2,2,0.08,0.09090909090909091,-0.01090909090909091
B0BMW8H5KQ,1800 Bed Sheet Set With DEEP Fitted Sheet,Twin XL,Sage,89.94,89.94,55,37,2,2,0.03636363636363636,0.05405405405405406,-0.017690417690417695
B00WAIH7V0,1800 Bed Sheets,California King,Black,89.94,359.76,19,30,2,8,0.10526315789473684,0.26666666666666666,-0.16140350877192983
B010LAZQW0,1800 Pillowcase Set 2 pc,Set of 2 Standard Size,Striped White,89.85,35.94,14,10,5,2,0.35714285714285715,0.2,0.15714285714285714
B01ETTHIS4,1800 Flat Sheet,Full,White,89.85,125.78999999999999,14,9,5,7,0.35714285714285715,0.7777777777777778,-0.42063492063492064
B0CNRXX5TK,1800 Pillowcase Set 2 pc,Set of 2 Standard Size,Blue Nova,89.85,125.78999999999999,21,43,5,7,0.23809523809523808,0.16279069767441862,0.07530454042081947
B00RKHWYU0,1800 Pillowcase Set 2 pc,Set of 2 Standard Size,Brown,89.85,35.94,19,19,5,2,0.2631578947368421,0.10526315789473684,0.15789473684210525
B00RKHXIQO,1800 Pillowcase Set 2 pc,Set of 2 King Size,Brown,89.85,89.85,14,22,5,5,0.35714285714285715,0.22727272727272727,0.12987012987012989
B08TRP773N,1800 Pillowcase Set 2 pc,Set of 2 King Size,Sage,89.85,125.78999999999999,34,46,5,7,0.14705882352941177,0.15217391304347827,-0.005115089514066501
B07MMZ7VNL,1800 Pillowcase Set 2 pc,Set of 2 King Size,Spa Blue,89.85,107.82,30,42,5,6,0.16666666666666666,0.14285714285714285,0.023809523809523808
B01DG59M04,1800 Pillowcase Set 2 pc,Set of 2 King Size,Tan,89.85,161.73,21,21,5,9,0.23809523809523808,0.42857142857142855,-0.19047619047619047
B0822TXPDR,1800 Pillow Shams 2 piece,King,Blue Hydrangea,89.82000000000001,44.910000000000004,61,75,6,3,0.09836065573770492,0.04,0.058360655737704915
B0822TY5NY,1800 Pillow Shams 2 piece,Standard,Spa Blue,89.82,74.85000000000001,49,54,6,5,0.12244897959183673,0.09259259259259259,0.029856386999244144
B07YYL62HZ,Cotton Flannel Sheet Set 160GSM,Twin,Gray,87.94,0.0,11,6,2,0,0.18181818181818182,0.0,0.18181818181818182
B0BTZ6DDNN,1800 Bed Sheet Set 6 PIECE,Queen,Sage,87.94,263.82,31,37,2,6,0.06451612903225806,0.16216216216216217,-0.09764603312990411
B0BTZ5LJPM,1800 Bed Sheet Set 6 PIECE,Queen,Black,87.94,87.94,14,14,2,2,0.14285714285714285,0.14285714285714285,0.0
B0BTZ6DTKK,1800 Bed Sheet Set 6 PIECE,Queen,Brick Red,87.94,43.97,36,20,2,1,0.05555555555555555,0.05,0.00555555555555555
B01N6H23WO,Cotton Flannel Sheet Set 160GSM,Twin,Sage,87.94,0.0,10,6,2,0,0.2,0.0,0.2
B0BTZ59997,1800 Bed Sheet Set 6 PIECE,Queen,Blue Hydrangea,87.94,43.97,43,47,2,1,0.046511627906976744,0.02127659574468085,0.025235032162295893
B01ES3MP1G,1800 Fitted Sheet,King,Beige,87.88,87.88,12,20,4,4,0.3333333333333333,0.2,0.1333333333333333
B0822WVBNY,"1800 Fitted Sheet 21"" Deep",Twin XL,White,87.88,0.0,25,11,4,0,0.16,0.0,0.16
B08CZZSPDY,"1800 Fitted Sheet 21"" Deep",Full,Spa Mint,87.88,21.97,26,11,4,1,0.15384615384615385,0.09090909090909091,0.06293706293706294
B0BTZ4Z8X4,1800 Bed Sheet Set 6 PIECE,Queen,Navy Blue,87.06,43.97,22,19,2,1,0.09090909090909091,0.05263157894736842,0.038277511961722493
B0B2Q3FF48,1800 Bedskirt,Queen,Golden Ivory,83.88,188.52,121,128,4,9,0.03305785123966942,0.0703125,-0.03725464876033058
B0822YL1GF,1800 Pillowcase Set 4 pc,King,Spa Blue,81.0,0.0,7,7,3,0,0.42857142857142855,0.0,0.42857142857142855
B0822YC6GS,1800 Pillowcase Set 4 pc,Standard,Beige,81.0,0.0,8,12,3,0,0.375,0.0,0.375
B01ES3L7FG,1800 Fitted Sheet,Queen,Gray,79.88,19.97,27,23,4,1,0.14814814814814814,0.043478260869565216,0.10466988727858292
B01ETTGNJO,1800 Flat Sheet,King,Blue Hydrangea,79.88,39.94,29,14,4,2,0.13793103448275862,0.14285714285714285,-0.0049261083743842304
B08TRR3SNS,1800 Flat Sheet,King,Blush Pink,79.88,0.0,24,23,4,0,0.16666666666666666,0.0,0.16666666666666666
B0822Y8RZ1,1800 Bedskirt,Twin,White,79.88,139.79,44,24,4,7,0.09090909090909091,0.2916666666666667,-0.20075757575757577
B0822VY3C8,"1800 Fitted Sheet 21"" Deep",California King,White,77.91,25.97,46,34,3,1,0.06521739130434782,0.029411764705882353,0.03580562659846547
B0BTZ85K94,1800 Bed Sheet Set 6 PIECE,Full,Aqua,76.38,38.97,7,5,2,1,0.2857142857142857,0.2,0.08571428571428569
B07YYDGZ59,Silk Pillowcase,"Queen 20"" X 30""","White, Black Piping",75.94,0.0,6,7,2,0,0.3333333333333333,0.0,0.3333333333333333
B01ES3NWXQ,1800 Fitted Sheet,Full,Beige,75.88,0.0,11,11,4,0,0.36363636363636365,0.0,0.36363636363636365
B01ETTETZE,1800 Flat Sheet,Queen,Blue Hydrangea,75.88,0.0,22,14,4,0,0.18181818181818182,0.0,0.18181818181818182
B01ES3MLU6,1800 Fitted Sheet,Twin XL,Gray,75.88,56.91,14,12,4,3,0.2857142857142857,0.25,0.0357142857142857
B01ES3M318,1800 Fitted Sheet,Twin,Blue Hydrangea,75.88,0.0,8,10,4,0,0.5,0.0,0.5
B08NPRBV33,400TC Cotton Sheet Set,King,Ivory,74.97,0.0,6,7,1,0,0.16666666666666666,0.0,0.16666666666666666
B07PSK5GG2,1800 Duvet Cover Set,King,Laced Sky Blue,73.94,0.0,32,32,2,0,0.0625,0.0,0.0625
B0822V5KKJ,"1800 Fitted Sheet 21"" Deep",Queen,Black,71.91,71.91,8,16,3,3,0.375,0.1875,0.1875
B01DN0B728,1800 Pillowcase Set 2 pc,Set of 2 Standard Size,Emerald Green,71.88,89.85,43,33,4,5,0.09302325581395349,0.15151515151515152,-0.05849189570119803
B014MVUFAM,1800 Pillowcase Set 2 pc,Set of 2 King Size,Black,71.88,107.82,13,8,4,6,0.3076923076923077,0.75,-0.4423076923076923
B0CNWHMBHP,1800 Pillowcase Set 2 pc,Set of 2 Standard Size,Burgundy,71.88,17.97,19,10,4,1,0.21052631578947367,0.1,0.11052631578947367
B0822XR2SH,1800 Pillowcase Set 2 pc,Set of 2 King Size,Pinstripe Gray,71.88,71.88,14,11,4,4,0.2857142857142857,0.36363636363636365,-0.07792207792207795
B00RKHXK80,1800 Pillowcase Set 2 pc,Set of 2 King Size,Purple,71.88,0.0,10,9,4,0,0.4,0.0,0.4
B014MVUGNS,1800 Pillowcase Set 2 pc,Set of 2 King Size,Lavender,71.88,107.82,22,19,4,6,0.18181818181818182,0.3157894736842105,-0.13397129186602869
B014MVUCCI,1800 Pillowcase Set 2 pc,Set of 2 Standard Size,Lavender,71.88,125.78999999999999,30,29,4,7,0.13333333333333333,0.2413793103448276,-0.10804597701149427
B07J3SKJMZ,Cotton Flannel Sheet Set 180GSM,California King,Gray,69.97,0.0,3,4,1,0,0.3333333333333333,0.0,0.3333333333333333
B0CNRYPY8G,1800 Bed Sheets,RV / Short Queen,Hazy Lilac,69.94,174.85,32,56,2,5,0.0625,0.08928571428571429,-0.026785714285714288
B0CNRVZBRR,1800 Bed Sheets,Twin XL,Hazy Lilac,69.94,0.0,26,32,2,0,0.07692307692307693,0.0,0.07692307692307693
B0CLYF6S8G,1800 Bed Sheets,Twin,Burgundy,69.94,0.0,20,11,2,0,0.1,0.0,0.1
B01DN0A1PM,1800 Bed Sheets,Twin,Spa Mint,69.94,244.79,130,131,2,7,0.015384615384615385,0.05343511450381679,-0.03805049911920141
B0CNRXX15B,1800 Bed Sheets,Twin XL,Poppy Orange,69.94,0.0,28,28,2,0,0.07142857142857142,0.0,0.07142857142857142
B0DGQP5QR6,1800 Bed Sheets,Twin,Oxford Stripe Hazy Lilac,69.94,69.94,14,37,2,2,0.14285714285714285,0.05405405405405406,0.08880308880308879
B07MS7NX3D,1800 Duvet Cover Set,Queen,Light Gray,69.94,34.97,37,36,2,1,0.05405405405405406,0.027777777777777776,0.02627627627627628
B01DN09ZIG,1800 Bed Sheets,Twin,Emerald Green,69.94,209.82,69,106,2,6,0.028985507246376812,0.05660377358490566,-0.02761826633852885
B0CNRZ73D8,1800 Bed Sheets,Twin,Poppy Orange,69.94,34.97,23,30,2,1,0.08695652173913043,0.03333333333333333,0.0536231884057971
B08V91NK5W,1800 Bed Sheets,RV / Short Queen,Navy Blue,69.94,0.0,24,36,2,0,0.08333333333333333,0.0,0.08333333333333333
B01DK4M0H8,1800 Bed Sheets,Twin XL,Striped Gray/Silver,69.94,69.94,82,73,2,2,0.024390243902439025,0.0273972602739726,-0.003007016371533576
B01DN0A8L4,1800 Bed Sheets,Twin XL,Yellow,69.94,34.97,83,81,2,1,0.024096385542168676,0.012345679012345678,0.011750706529822998
B0822ZMPN8,1800 Bedskirt,Cal King,Blue Hydrangea,68.91,68.91,19,18,3,3,0.15789473684210525,0.16666666666666666,-0.008771929824561403
B0822Z5KTC,1800 Bedskirt,Cal King,Black,68.91,45.94,15,13,3,2,0.2,0.15384615384615385,0.046153846153846156
B0822YSV5P,1800 Bedskirt,King,Navy Blue,68.91,45.94,84,115,3,2,0.03571428571428571,0.017391304347826087,0.018322981366459625
B0822XW5PF,1800 Bedskirt,King,Spa Blue,68.91,114.85,62,58,4,5,0.06451612903225806,0.08620689655172414,-0.02169076751946608
B098PC693H,Velvet Ultrasonic Coverlet,King-California King,Teal,67.97,67.97,27,36,1,1,0.037037037037037035,0.027777777777777776,0.009259259259259259
B07J3SXSLT,Cotton Flannel Sheet Set 180GSM,King,Gray,65.97,0.0,27,26,1,0,0.037037037037037035,0.0,0.037037037037037035
B07WZP5QXR,Cotton Flannel Sheet Set 180GSM,King,Floral Feathers,65.97,0.0,10,8,1,0,0.1,0.0,0.1
B07X1SX66J,Cotton Flannel Sheet Set 180GSM,King,Light Gray Plaid,65.97,65.97,11,7,1,1,0.09090909090909091,0.14285714285714285,-0.05194805194805194
B01ES3MYUS,1800 Fitted Sheet,King,Aqua,65.91,21.97,12,12,3,1,0.25,0.08333333333333333,0.16666666666666669
B0822TSDVW,"1800 Fitted Sheet 21"" Deep",Twin XL,Gray,65.91,0.0,18,16,3,0,0.16666666666666666,0.0,0.16666666666666666
B08NPRQW9J,400TC Cotton Sheet Set,Queen,Light Gray,64.97,0.0,18,10,1,0,0.05555555555555555,0.0,0.05555555555555555
B08NPN1ZQR,400TC Cotton Sheet Set,Queen,Gray,64.97,0.0,11,6,1,0,0.09090909090909091,0.0,0.09090909090909091
B0822ZP2SL,1800 Bedskirt,Queen,Spa Blue,62.91,62.91,62,36,3,3,0.04838709677419355,0.08333333333333333,-0.03494623655913978
B081K6V8GD,Cotton Flannel Sheet Set 160GSM,California King,Sage,60.97,0.0,6,7,1,0,0.16666666666666666,0.0,0.16666666666666666
B01N7IELX1,Cotton Flannel Sheet Set 160GSM,California King,White,60.97,60.97,17,9,1,1,0.058823529411764705,0.1111111111111111,-0.0522875816993464
B01MU0UYAQ,Cotton Flannel Sheet Set 160GSM,California King,Burgundy,60.97,0.0,4,3,1,0,0.25,0.0,0.25
B08YP4GVZ7,Ruffle Skirt Bedspread Solid,King,Solid Gray,59.97,0.0,12,9,1,0,0.08333333333333333,0.0,0.08333333333333333
B0CYCQC3PH,1800 Bed Sheet Set 6 PC With DEEP Fitted Sheet,California King,Ivory,59.97,0.0,7,8,1,0,0.14285714285714285,0.0,0.14285714285714285
B0CYCQPWXR,1800 Bed Sheet Set 6 PC With DEEP Fitted Sheet,California King,Spa Blue,59.97,0.0,5,6,1,0,0.2,0.0,0.2
B0D7JMQPCQ,1800 Bed Sheet Set 6 PC With DEEP Fitted Sheet,California King,Spa Mint,59.97,59.97,6,7,1,1,0.16666666666666666,0.14285714285714285,0.023809523809523808
B0822YLVJG,1800 Bedskirt,Twin,Blue Hydrangea,59.91,0.0,18,13,3,0,0.16666666666666666,0.0,0.16666666666666666
B01ETTI3EC,1800 Flat Sheet,California King,Black,59.91,39.94,27,22,3,2,0.1111111111111111,0.09090909090909091,0.020202020202020193
B0823115FS,1800 Bedskirt,Full,Light Gray,59.91,59.91,26,17,3,3,0.11538461538461539,0.17647058823529413,-0.06108597285067874
B01ETTFPRA,1800 Flat Sheet,King,Gray,59.91,39.94,12,9,3,2,0.25,0.2222222222222222,0.02777777777777779
B0822ZFNGJ,1800 Bedskirt,Twin XL,Light Gray,59.91,0.0,37,21,3,0,0.08108108108108109,0.0,0.08108108108108109
B01ES3LXTQ,1800 Fitted Sheet,Queen,Lavender,59.91,19.97,22,12,3,1,0.13636363636363635,0.08333333333333333,0.053030303030303025
B01ETTGAC4,1800 Flat Sheet,King,Light Gray,59.91,19.97,10,7,3,1,0.3,0.14285714285714285,0.15714285714285714
B0822YT8ZZ,1800 Bedskirt,Full,Navy Blue,59.91,79.88,26,28,3,4,0.11538461538461539,0.14285714285714285,-0.027472527472527458
B0822T9KTD,1800 Pillow Shams 2 piece,Standard,Gray,59.88,0.0,22,21,4,0,0.18181818181818182,0.0,0.18181818181818182
B0822W7ZMZ,1800 Pillow Shams 2 piece,Standard,White,59.88,44.910000000000004,27,24,4,3,0.14814814814814814,0.125,0.02314814814814814
B01MQW83B5,Cotton Flannel Sheet Set 160GSM,King,Blue,58.97,0.0,14,12,1,0,0.07142857142857142,0.0,0.07142857142857142
B07X4X6YT7,Cotton Flannel Sheet Set 180GSM,Queen,Light Gray Plaid,58.97,117.94,16,19,1,2,0.0625,0.10526315789473684,-0.042763157894736836
B0CYCQXH5L,1800 Bed Sheet Set 6 PC With DEEP Fitted Sheet,King,Black,58.97,0.0,9,5,1,0,0.1111111111111111,0.0,0.1111111111111111
B0D7JBM5Z1,1800 Bed Sheet Set 6 PC With DEEP Fitted Sheet,King,Golden Ivory,58.97,176.91,22,24,1,3,0.045454545454545456,0.125,-0.07954545454545454
B01MXYFPYY,Cotton Flannel Sheet Set 160GSM,King,Navy,58.97,0.0,5,3,1,0,0.2,0.0,0.2
B0CYCRZYN3,1800 Bed Sheet Set 6 PC With DEEP Fitted Sheet,King,Sage,58.97,117.94,17,12,1,2,0.058823529411764705,0.16666666666666666,-0.10784313725490195
B0BTZ4JTHW,1800 Bed Sheet Set 6 PIECE,Split King,Brown,57.97,0.0,6,10,1,0,0.16666666666666666,0.0,0.16666666666666666
B01ES3LTUO,1800 Fitted Sheet,Twin,Black,56.91,0.0,9,4,3,0,0.3333333333333333,0.0,0.3333333333333333
B01ES3LAYO,1800 Fitted Sheet,Twin,Navy Blue,56.91,56.91,9,7,3,3,0.3333333333333333,0.42857142857142855,-0.09523809523809523
B08TRQ3JS8,1800 Fitted Sheet,Twin XL,Golden Ivory,56.91,18.97,9,12,3,1,0.3333333333333333,0.08333333333333333,0.25
B0BTZ62W7M,1800 Bed Sheet Set 6 PIECE,California King,Spa Blue,54.97,0.0,6,2,1,0,0.16666666666666666,0.0,0.16666666666666666
B0BTZ6CSJQ,1800 Bed Sheet Set 6 PIECE,California King,Light Gray,54.97,0.0,2,2,1,0,0.5,0.0,0.5
B076PH3HVF,1800 Ultrasonic Coverlet,King,Navy,54.97,289.82,241,375,1,6,0.004149377593360996,0.016,-0.011850622406639005
B0BTZ6WFS3,1800 Bed Sheet Set 6 PIECE,Split King,White,54.97,273.75,19,32,1,5,0.05263157894736842,0.15625,-0.10361842105263158
B0BTZ7MT37,1800 Bed Sheet Set 6 PIECE,California King,Beige,54.97,54.97,12,9,1,1,0.08333333333333333,0.1111111111111111,-0.027777777777777776
B0822ZVWFK,1800 Pillowcase Set 4 pc,King,Light Gray,54.0,0.0,14,10,2,0,0.14285714285714285,0.0,0.14285714285714285
B0822WYTFB,1800 Pillowcase Set 4 pc,Standard,Royal Blue,54.0,54.0,9,9,2,2,0.2222222222222222,0.2222222222222222,0.0
B0822Y1CB6,1800 Pillowcase Set 4 pc,King,Blue Hydrangea,54.0,54.0,4,14,2,2,0.5,0.14285714285714285,0.35714285714285715
B0822Y42LB,1800 Pillowcase Set 4 pc,Standard,Spa Blue,54.0,27.0,18,14,2,1,0.1111111111111111,0.07142857142857142,0.03968253968253968
B010LAZU9Y,1800 Pillowcase Set 2 pc,Set of 2 Standard Size,Striped Gray/Silver,53.91,35.94,19,9,3,2,0.15789473684210525,0.2222222222222222,-0.06432748538011696
B01DN0BCWS,1800 Pillowcase Set 2 pc,Set of 2 King Size,Coral,53.91,53.91,10,11,3,3,0.3,0.2727272727272727,0.027272727272727282
B00RKHX8OQ,1800 Pillowcase Set 2 pc,Set of 2 King Size,Navy Blue,53.91,107.82,7,13,3,6,0.42857142857142855,0.46153846153846156,-0.032967032967033016
B013FJJXBY,1800 Pillowcase Set 2 pc,Set of 2 King Size,Royal Blue,53.91,53.91,15,22,3,3,0.2,0.13636363636363635,0.06363636363636366
B0CNRVZVMG,1800 Pillowcase Set 2 pc,Set of 2 Standard Size,Hazy Lilac,53.91,107.46,27,24,3,6,0.1111111111111111,0.25,-0.1388888888888889
B01DN0BDW2,1800 Pillowcase Set 2 pc,Set of 2 King Size,Emerald Green,53.91,143.76,21,27,3,8,0.14285714285714285,0.2962962962962963,-0.15343915343915343
B0BTZ73R1X,1800 Bed Sheet Set 6 PIECE,King,Purple,52.97,105.94,6,10,1,2,0.16666666666666666,0.2,-0.033333333333333354
B0BTZ8K6K4,1800 Bed Sheet Set 6 PIECE,King,Aqua,52.97,0.0,20,18,1,0,0.05,0.0,0.05
B07J3QQ1QR,Cotton Flannel Sheet Set 180GSM,Full,Gray,52.97,0.0,3,8,1,0,0.3333333333333333,0.0,0.3333333333333333
B0BTZ7F43V,1800 Bed Sheet Set 6 PIECE,King,Yellow,52.97,52.97,15,11,1,1,0.06666666666666667,0.09090909090909091,-0.024242424242424246
B0BTZ5X2MF,1800 Bed Sheet Set 6 PIECE,King,Blush Pink,52.97,0.0,22,20,1,0,0.045454545454545456,0.0,0.045454545454545456
B08CZYQC9Y,1800 Bed Sheet Set With DEEP Fitted Sheet,California King,Purple,51.97,0.0,22,18,1,0,0.045454545454545456,0.0,0.045454545454545456
B08BZX5BKY,1800 Bed Sheet Set With DEEP Fitted Sheet,California King,Lavender,51.97,0.0,51,38,1,0,0.0196078431372549,0.0,0.0196078431372549
B0BMW9JMXG,1800 Bed Sheet Set With DEEP Fitted Sheet,California King,Laced Sky Blue,51.97,51.97,59,61,1,1,0.01694915254237288,0.01639344262295082,0.0005557099194220608
B0822X2TJD,1800 Bed Sheet Set With DEEP Fitted Sheet,California King,Brick Red,51.97,51.97,25,17,1,1,0.04,0.058823529411764705,-0.018823529411764704
B07X3WM444,Cotton Flannel Sheet Set 160GSM,Queen,Light Blue Plaid,51.97,103.94,15,23,1,2,0.06666666666666667,0.08695652173913043,-0.020289855072463767
B01M292VUS,Cotton Flannel Sheet Set 160GSM,Queen,Navy,51.97,51.97,9,18,1,1,0.1111111111111111,0.05555555555555555,0.05555555555555555
B0BTZ5S3T2,1800 Bed Sheet Set 6 PIECE,California King,White,51.97,103.94,32,21,1,2,0.03125,0.09523809523809523,-0.06398809523809523
B08D12F1DW,"1800 Fitted Sheet 21"" Deep",King,Spa Mint,51.94,25.97,22,15,2,1,0.09090909090909091,0.06666666666666667,0.024242424242424246
B0822WH4Q2,"1800 Fitted Sheet 21"" Deep",California King,Gray,51.94,25.97,6,10,2,1,0.3333333333333333,0.1,0.2333333333333333
B0822V9PBB,"1800 Fitted Sheet 21"" Deep",King,Beige,51.94,51.94,19,16,2,2,0.10526315789473684,0.125,-0.019736842105263164
B08CZZ9XPC,1800 Bed Sheet Set With DEEP Fitted Sheet,California King,Spa Mint,50.93,259.85,80,71,1,5,0.0125,0.07042253521126761,-0.05792253521126761
B07X5T8LSS,Cotton Flannel Sheet Set 160GSM,Queen,Pink,50.93,0.0,9,10,1,0,0.1111111111111111,0.0,0.1111111111111111
B08TRT459D,1800 Flat Sheet,Twin XL,Teal,50.91,0.0,5,1,3,0,0.6,0.0,0.6
B08BZVWFXT,1800 Bed Sheet Set With DEEP Fitted Sheet,Split King,Brown,49.97,49.97,15,9,1,1,0.06666666666666667,0.1111111111111111,-0.04444444444444444
B0CYCQQLY9,1800 Bed Sheet Set 6 PC With DEEP Fitted Sheet,Queen,Black,49.97,0.0,4,2,1,0,0.25,0.0,0.25
B0CYCPRDLR,1800 Bed Sheet Set 6 PC With DEEP Fitted Sheet,Queen,Ivory,49.97,0.0,24,27,1,0,0.041666666666666664,0.0,0.041666666666666664
B07X3VKLPV,Cotton Flannel Sheet Set 180GSM,Twin,Navy,49.97,0.0,7,3,1,0,0.14285714285714285,0.0,0.14285714285714285
B0822WFM2M,1800 Bed Sheet Set With DEEP Fitted Sheet,Split King,Gray,49.97,49.97,19,21,1,1,0.05263157894736842,0.047619047619047616,0.005012531328320802
B0822WFRNV,1800 Bed Sheet Set With DEEP Fitted Sheet,Queen,Brick Red,49.97,249.85,78,98,1,5,0.01282051282051282,0.05102040816326531,-0.03819989534275249
B07X2SPGN7,Cotton Flannel Sheet Set 180GSM,Twin XL,Navy,49.97,49.97,12,6,1,1,0.08333333333333333,0.16666666666666666,-0.08333333333333333
B08BZWY862,1800 Bed Sheet Set With DEEP Fitted Sheet,Split King,Lavender,49.97,99.94,20,27,1,2,0.05,0.07407407407407407,-0.024074074074074067
B0CYCPKTKS,1800 Bed Sheet Set 6 PC With DEEP Fitted Sheet,Queen,Sky Blue,49.97,99.94,23,25,1,2,0.043478260869565216,0.08,-0.036521739130434785
B0CYCPMZ75,1800 Bed Sheet Set 6 PC With DEEP Fitted Sheet,Queen,Emerald Green,49.97,0.0,13,9,1,0,0.07692307692307693,0.0,0.07692307692307693
B08BZW5JLC,1800 Bed Sheet Set With DEEP Fitted Sheet,Split King,Aqua,49.97,49.97,19,22,1,1,0.05263157894736842,0.045454545454545456,0.007177033492822962
B08BZWGHRB,1800 Bed Sheet Set With DEEP Fitted Sheet,Split King,Tan,49.97,99.94,39,71,1,2,0.02564102564102564,0.028169014084507043,-0.0025279884434814028
B07X2SKX7B,Cotton Flannel Sheet Set 160GSM,Full,Light Blue Plaid,49.97,0.0,9,4,1,0,0.1111111111111111,0.0,0.1111111111111111
B08CJ3SRSZ,1800 Ultrasonic Coverlet,Twin,Spa Mint,47.97,0.0,63,84,1,0,0.015873015873015872,0.0,0.015873015873015872
B0B5HQFYDR,1800 Duvet Cover Set,Oversized King,White,47.97,287.82,37,48,1,6,0.02702702702702703,0.125,-0.09797297297297297
B08CZZV6R5,"1800 Fitted Sheet 21"" Deep",Queen,Aqua,47.94,23.97,25,25,2,1,0.08,0.04,0.04
B01ETTDYPK,1800 Flat Sheet,Twin,White,47.91,287.46,14,22,3,18,0.21428571428571427,0.8181818181818182,-0.6038961038961039
B01MY7SKC2,1800 Bed Sheets,Split King,Brown,46.97,46.97,18,15,1,1,0.05555555555555555,0.06666666666666667,-0.011111111111111113
B0DGQPY788,1800 Bed Sheets,Split King,Oxford Stripe Hazy Lilac,46.97,93.94,27,30,1,2,0.037037037037037035,0.06666666666666667,-0.02962962962962963
B01MR5L532,1800 Bed Sheets,Split King,Lavender,46.97,93.94,39,37,1,2,0.02564102564102564,0.05405405405405406,-0.028413028413028417
B0CLYCPG5T,1800 Bed Sheets,Split King,Burgundy,46.97,46.97,14,13,1,1,0.07142857142857142,0.07692307692307693,-0.005494505494505503
B0CNS1M85H,1800 Bed Sheets,Split King,Blue Nova,46.97,46.97,29,26,1,1,0.034482758620689655,0.038461538461538464,-0.003978779840848809
B0DGQRP22Y,1800 Bed Sheets,Split King,Mineral Gray,46.97,0.0,47,59,1,0,0.02127659574468085,0.0,0.02127659574468085
B01MT8MY31,1800 Bed Sheets,Split King,Black,46.97,46.97,12,15,1,1,0.08333333333333333,0.06666666666666667,0.016666666666666663
B01MR5KTCB,1800 Bed Sheets,Split King,Beige,46.97,281.82,50,49,2,6,0.04,0.12244897959183673,-0.08244897959183672
B0822XCWY1,1800 Bed Sheet Set With DEEP Fitted Sheet,Full,Navy Blue,45.97,229.85,27,39,1,5,0.037037037037037035,0.1282051282051282,-0.09116809116809116
B08BZY4TYY,1800 Bed Sheet Set With DEEP Fitted Sheet,Full,Emerald Green,45.97,137.91,32,53,1,3,0.03125,0.05660377358490566,-0.02535377358490566
B08BZX45CN,1800 Bed Sheet Set With DEEP Fitted Sheet,Full,Tan,45.97,91.94,47,45,1,2,0.02127659574468085,0.044444444444444446,-0.023167848699763596
B08D11KZP7,1800 Bed Sheet Set With DEEP Fitted Sheet,Full,Coral,45.97,0.0,29,29,1,0,0.034482758620689655,0.0,0.034482758620689655
B0822WHWRZ,1800 Bed Sheet Set With DEEP Fitted Sheet,Full,Spa Blue,45.97,229.85,54,50,1,5,0.018518518518518517,0.1,-0.08148148148148149
B0B2Q3NLYP,1800 Bedskirt,King,Golden Ivory,45.94,160.79,85,89,2,7,0.023529411764705882,0.07865168539325842,-0.05512227362855254
B0822Y5XHB,1800 Bedskirt,King,Gray,45.94,68.91,19,30,2,3,0.10526315789473684,0.1,0.005263157894736831
B0822Z37LB,1800 Bedskirt,Cal King,Light Gray,45.94,22.97,23,19,2,1,0.08695652173913043,0.05263157894736842,0.034324942791762014
B09NC6DWPT,Mattress Pads Waterproof,"California King 21""",White,45.46,0.0,17,5,2,0,0.11764705882352941,0.0,0.11764705882352941
B00O35D0YQ,1800 Bed Sheets,California King,Brick Red,44.97,44.97,22,10,1,1,0.045454545454545456,0.1,-0.05454545454545455
B0DGQQNZWS,1800 Bed Sheets,California King,Oxford Stripe Hazy Lilac,44.97,0.0,22,25,1,0,0.045454545454545456,0.0,0.045454545454545456
B0CNRY813X,1800 Bed Sheets,California King,Blue Nova,44.97,224.85,36,52,1,5,0.027777777777777776,0.09615384615384616,-0.06837606837606838
B08CZYNG76,1800 Bed Sheet Set With DEEP Fitted Sheet,Twin XL,Spa Mint,44.97,44.97,73,102,1,1,0.0136986301369863,0.00980392156862745,0.0038947085683588498
B0D7J7269X,1800 Bed Sheet Set 6 PC With DEEP Fitted Sheet,Full,Beige,44.97,0.0,10,9,1,0,0.1,0.0,0.1
B01DN0AYFY,1800 Bed Sheets,California King,Blue Hydrangea,44.97,404.73,64,97,1,9,0.015625,0.09278350515463918,-0.07715850515463918
B0CYCP3H4R,1800 Bed Sheet Set 6 PC With DEEP Fitted Sheet,Full,Blue Nova,44.97,44.97,35,22,1,1,0.02857142857142857,0.045454545454545456,-0.016883116883116885
B08RZDLTVV,1800 Bed Sheets,California King,Blush Pink,44.97,44.97,60,62,1,1,0.016666666666666666,0.016129032258064516,0.0005376344086021508
B0BMW8ZDS9,1800 Bed Sheet Set With DEEP Fitted Sheet,Twin XL,Blush Pink,44.97,44.97,10,8,1,1,0.1,0.125,-0.024999999999999994
B0CYCQ8YLN,1800 Bed Sheet Set 6 PC With DEEP Fitted Sheet,Full,White,44.97,178.08,25,21,1,4,0.04,0.19047619047619047,-0.15047619047619046
B0D7J4XVRX,1800 Bed Sheet Set 6 PC With DEEP Fitted Sheet,Full,Spa Mint,44.97,0.0,14,10,1,0,0.07142857142857142,0.0,0.07142857142857142
B07R6TBBCQ,1800 Bed Sheets,California King,Laced Sky Blue,44.97,134.91,75,66,1,3,0.013333333333333334,0.045454545454545456,-0.03212121212121212
B0BMW6RRP6,1800 Bed Sheet Set With DEEP Fitted Sheet,Twin,Pinstripe Gray,44.97,224.85,34,37,1,5,0.029411764705882353,0.13513513513513514,-0.10572337042925278
B0DGQRMQ24,1800 Bed Sheets,California King,Oxford Stripe Blue Nova,44.97,0.0,17,19,1,0,0.058823529411764705,0.0,0.058823529411764705
B0822W2CT7,1800 Bed Sheet Set With DEEP Fitted Sheet,Twin XL,Royal Blue,44.97,89.94,23,24,1,2,0.043478260869565216,0.08333333333333333,-0.03985507246376811
B0822XDH17,1800 Bed Sheet Set With DEEP Fitted Sheet,Twin,Black,44.97,134.91,14,16,1,3,0.07142857142857142,0.1875,-0.11607142857142858
B0822WKWYQ,1800 Bed Sheet Set With DEEP Fitted Sheet,Twin,Gray,44.97,0.0,45,20,1,0,0.022222222222222223,0.0,0.022222222222222223
B08BZWQYW7,1800 Bed Sheet Set With DEEP Fitted Sheet,Twin,Tan,44.97,89.94,26,13,1,2,0.038461538461538464,0.15384615384615385,-0.11538461538461539
B0822WX2RK,1800 Bed Sheet Set With DEEP Fitted Sheet,Twin,Navy Blue,44.97,0.0,10,0,1,0,0.1,,
B07BKMZ5YD,1800 Bed Sheets,California King,Spa Blue,44.97,269.82,59,80,1,6,0.01694915254237288,0.075,-0.05805084745762712
B08CZYST4Y,1800 Bed Sheet Set With DEEP Fitted Sheet,Twin XL,Purple,44.97,89.94,25,14,1,2,0.04,0.14285714285714285,-0.10285714285714284
B0BMW8WYMQ,1800 Bed Sheet Set With DEEP Fitted Sheet,Twin,Laced Sky Blue,44.97,0.0,18,26,1,0,0.05555555555555555,0.0,0.05555555555555555
B0CYCRQ87P,1800 Bed Sheet Set 6 PC With DEEP Fitted Sheet,Full,Spa Blue,44.97,0.0,16,9,1,0,0.0625,0.0,0.0625
B0CLYBFG6K,1800 Bed Sheets,California King,Taupe,44.97,44.97,16,24,1,1,0.0625,0.041666666666666664,0.020833333333333336
B0822W37GB,1800 Pillow Shams 2 piece,King,Spa Blue,44.910000000000004,29.94,37,40,3,2,0.08108108108108109,0.05,0.031081081081081083
B0822TX6QS,1800 Pillow Shams 2 piece,King,White,44.910000000000004,44.910000000000004,16,22,3,3,0.1875,0.13636363636363635,0.051136363636363646
B08CZYSCZ9,1800 Bed Sheet Set With DEEP Fitted Sheet,Twin,Coral,44.07,0.0,15,9,1,0,0.06666666666666667,0.0,0.06666666666666667
B01N6H22Z5,Cotton Flannel Sheet Set 160GSM,Twin XL,Gray,43.97,175.88,36,38,1,4,0.027777777777777776,0.10526315789473684,-0.07748538011695906
B0BTZ5F2C9,1800 Bed Sheet Set 6 PIECE,Queen,Brown,43.97,87.94,22,26,1,2,0.045454545454545456,0.07692307692307693,-0.03146853146853147
B01N5FLSQY,Cotton Flannel Sheet Set 160GSM,Twin XL,Sage,43.97,87.94,44,29,1,2,0.022727272727272728,0.06896551724137931,-0.04623824451410658
B0BTZ45457,1800 Bed Sheet Set 6 PIECE,Queen,Golden Ivory,43.97,131.91,60,65,1,3,0.016666666666666666,0.046153846153846156,-0.02948717948717949
B0BTZ6C597,1800 Bed Sheet Set 6 PIECE,Queen,Emerald Green,43.97,0.0,29,20,1,0,0.034482758620689655,0.0,0.034482758620689655
B01N9HT70M,Cotton Flannel Sheet Set 160GSM,Twin XL,Navy,43.97,43.97,4,7,1,1,0.25,0.14285714285714285,0.10714285714285715
B0822VY3C6,"1800 Fitted Sheet 21"" Deep",Full,Beige,43.94,21.97,13,16,2,1,0.15384615384615385,0.0625,0.09134615384615385
B01ES3NA74,1800 Fitted Sheet,King,Light Gray,43.94,21.97,27,19,2,1,0.07407407407407407,0.05263157894736842,0.021442495126705652
B01ES3NEQQ,1800 Fitted Sheet,King,Lavender,43.94,0.0,8,9,2,0,0.25,0.0,0.25
B0822VNB18,"1800 Fitted Sheet 21"" Deep",Full,Black,43.94,0.0,12,10,2,0,0.16666666666666666,0.0,0.16666666666666666
B08TRPNC1C,1800 Fitted Sheet,King,Teal,43.94,21.97,9,9,2,1,0.2222222222222222,0.1111111111111111,0.1111111111111111
B08TRRPSM9,1800 Fitted Sheet,California King,Teal,43.94,0.0,2,1,2,0,1.0,0.0,1.0
B01ES3NWY0,1800 Fitted Sheet,King,Spa Mint,43.94,0.0,22,28,2,0,0.09090909090909091,0.0,0.09090909090909091
B08TRRF1JN,1800 Fitted Sheet,King,Golden Ivory,43.94,43.94,14,18,2,2,0.14285714285714285,0.1111111111111111,0.031746031746031744
B01ES3NCYK,1800 Fitted Sheet,King,Black,43.94,43.94,4,6,2,2,0.5,0.3333333333333333,0.16666666666666669
B0892N7BGH,1800 Fitted Sheet,King,Spa Blue,43.94,0.0,14,9,2,0,0.14285714285714285,0.0,0.14285714285714285
B0CNRYW1JW,1800 Bed Sheets,King,Pistachio,42.97,386.73,251,257,1,9,0.00398406374501992,0.03501945525291829,-0.031035391507898368
B0822XZ4VD,1800 Bedskirt,Queen,Brick Red,41.94,0.0,20,13,2,0,0.1,0.0,0.1
B01ES3MJ3U,1800 Fitted Sheet,Queen,Spa Mint,39.94,99.85,16,28,2,5,0.125,0.17857142857142858,-0.053571428571428575
B0892PJN9C,1800 Flat Sheet,King,Spa Blue,39.94,0.0,11,9,2,0,0.18181818181818182,0.0,0.18181818181818182
B08TRPRMH9,1800 Fitted Sheet,Queen,Teal,39.94,0.0,14,7,2,0,0.14285714285714285,0.0,0.14285714285714285
B01ETTH802,1800 Flat Sheet,California King,Beige,39.94,0.0,13,7,2,0,0.15384615384615385,0.0,0.15384615384615385
B01ETTH5H8,1800 Flat Sheet,California King,White,39.94,79.88,24,26,2,4,0.08333333333333333,0.15384615384615385,-0.07051282051282053
B01ES3L9GS,1800 Fitted Sheet,Queen,Navy Blue,39.94,99.85,13,14,2,5,0.15384615384615385,0.35714285714285715,-0.2032967032967033
B01ES3LNSC,1800 Fitted Sheet,Queen,Purple,39.94,39.94,11,7,2,2,0.18181818181818182,0.2857142857142857,-0.10389610389610388
B0892Q7ZKV,1800 Fitted Sheet,Queen,Spa Blue,39.94,39.94,20,21,2,2,0.1,0.09523809523809523,0.004761904761904773
B0822YHVQ4,1800 Bedskirt,Twin XL,Royal Blue,39.94,39.94,10,8,2,2,0.2,0.25,-0.04999999999999999
B0B2Q6VD38,1800 Bedskirt,Twin XL,Golden Ivory,39.94,59.91,24,35,2,3,0.08333333333333333,0.08571428571428572,-0.0023809523809523864
B01ES3M7U0,1800 Fitted Sheet,Queen,Blue Hydrangea,39.94,0.0,16,17,2,0,0.125,0.0,0.125
B0822YXV1M,1800 Bedskirt,Twin,Light Gray,39.94,0.0,14,3,2,0,0.14285714285714285,0.0,0.14285714285714285
B01ES3MBEM,1800 Fitted Sheet,Queen,Emerald Green,39.94,0.0,15,14,2,0,0.13333333333333333,0.0,0.13333333333333333
B0BTZ4QWHW,1800 Bed Sheet Set 6 PIECE,Full,Blush Pink,38.97,77.94,14,21,1,2,0.07142857142857142,0.09523809523809523,-0.023809523809523808
B0BTZ2SYMM,1800 Bed Sheet Set 6 PIECE,Full,Lavender,38.97,0.0,11,17,1,0,0.09090909090909091,0.0,0.09090909090909091
B0BTZ6HL5H,1800 Bed Sheet Set 6 PIECE,Full,Coral,38.97,38.97,9,6,1,1,0.1111111111111111,0.16666666666666666,-0.05555555555555555
B0BTZ6JY57,1800 Bed Sheet Set 6 PIECE,Full,Golden Ivory,38.97,0.0,13,13,1,0,0.07692307692307693,0.0,0.07692307692307693
B0BTZ4XGNW,1800 Bed Sheet Set 6 PIECE,Full,Blue Hydrangea,38.97,0.0,13,6,1,0,0.07692307692307693,0.0,0.07692307692307693
B0BTZ5LJPR,1800 Bed Sheet Set 6 PIECE,Full,Beige,38.19,0.0,16,14,1,0,0.0625,0.0,0.0625
B0BTZ6WFRX,1800 Bed Sheet Set 6 PIECE,Full,Light Gray,38.19,116.91,16,8,1,3,0.0625,0.375,-0.3125
B0BTZ86L2X,1800 Bed Sheet Set 6 PIECE,Twin XL,Gray,37.97,0.0,18,10,1,0,0.05555555555555555,0.0,0.05555555555555555
B0BTZ45V1H,1800 Bed Sheet Set 6 PIECE,Twin XL,Lavender,37.97,0.0,10,5,1,0,0.1,0.0,0.1
B0BTZ47QWS,1800 Bed Sheet Set 6 PIECE,Twin XL,Black,37.97,0.0,11,12,1,0,0.09090909090909091,0.0,0.09090909090909091
B0BTZ5WFGR,1800 Bed Sheet Set 6 PIECE,Twin,Beige,37.97,75.94,10,5,1,2,0.1,0.4,-0.30000000000000004
B0BTZ6P63N,1800 Bed Sheet Set 6 PIECE,Twin XL,Purple,37.97,0.0,9,2,1,0,0.1111111111111111,0.0,0.1111111111111111
B0DGQQY3LX,1800 Bed Sheets,Full,Oxford Stripe Hazy Lilac,37.97,37.97,100,68,1,1,0.01,0.014705882352941176,-0.004705882352941176
B00O35DMNU,1800 Bed Sheets,Full,Brick Red,37.97,75.94,52,41,1,2,0.019230769230769232,0.04878048780487805,-0.02954971857410882
B0BTZ4YX76,1800 Bed Sheet Set 6 PIECE,Twin XL,Aqua,37.97,0.0,20,15,1,0,0.05,0.0,0.05
B0BTZ6VF2T,1800 Bed Sheet Set 6 PIECE,Twin,Black,37.97,0.0,8,7,1,0,0.125,0.0,0.125
B0BTZ74CPX,1800 Bed Sheet Set 6 PIECE,Twin,Blue Hydrangea,37.97,113.91,6,12,1,3,0.16666666666666666,0.25,-0.08333333333333334
B0BTZ7KXB3,1800 Bed Sheet Set 6 PIECE,Twin,Aqua,37.97,0.0,5,4,1,0,0.2,0.0,0.2
B01ES3MNCM,1800 Fitted Sheet,Twin XL,Navy Blue,37.94,0.0,4,4,2,0,0.5,0.0,0.5
B01ES3LOBI,1800 Fitted Sheet,Twin,Purple,37.94,0.0,3,2,2,0,0.6666666666666666,0.0,0.6666666666666666
B01ETTEEWW,1800 Flat Sheet,Queen,Light Gray,37.94,37.94,5,14,2,2,0.4,0.14285714285714285,0.2571428571428572
B01ES3NGTQ,1800 Fitted Sheet,Twin XL,Blue Hydrangea,37.94,0.0,8,2,2,0,0.25,0.0,0.25
B01ES3OFDM,1800 Fitted Sheet,Full,Light Gray,37.94,18.97,16,11,2,1,0.125,0.09090909090909091,0.03409090909090909
B08TRQQR3C,1800 Fitted Sheet,Twin,Golden Ivory,37.94,0.0,4,8,2,0,0.5,0.0,0.5
B01ETTFFJI,1800 Flat Sheet,Queen,Spa Mint,37.94,0.0,12,9,2,0,0.16666666666666666,0.0,0.16666666666666666
B01ETTDUW2,1800 Flat Sheet,Queen,Gray,37.94,0.0,9,7,2,0,0.2222222222222222,0.0,0.2222222222222222
B01ES3O0Y6,1800 Fitted Sheet,Full,Navy Blue,37.94,18.97,6,7,2,1,0.3333333333333333,0.14285714285714285,0.19047619047619047
B08TRP2MBH,1800 Fitted Sheet,Twin XL,Blush Pink,37.94,37.94,8,13,2,2,0.25,0.15384615384615385,0.09615384615384615
B01ES3LH2Y,1800 Fitted Sheet,Twin,Aqua,37.94,18.97,4,11,2,1,0.5,0.09090909090909091,0.40909090909090906
B0CLYC255G,1800 Bed Sheets,Full,Taupe,37.21,0.0,14,50,1,0,0.07142857142857142,0.0,0.07142857142857142
B07YYD9QFN,Silk Pillowcase,"Standard 20"" X 26""","White, Black Piping",36.97,0.0,9,1,1,0,0.1111111111111111,0.0,0.1111111111111111
B00RKHXFNK,1800 Pillowcase Set 2 pc,Set of 2 King Size,Violet,35.94,0.0,8,6,2,0,0.25,0.0,0.25
B00RKHXH42,1800 Pillowcase Set 2 pc,Set of 2 King Size,Gold,35.94,161.73,24,26,2,9,0.08333333333333333,0.34615384615384615,-0.26282051282051283
B0CNRXP565,1800 Pillowcase Set 2 pc,Set of 2 King Size,Blue Nova,35.94,71.88,11,23,2,4,0.18181818181818182,0.17391304347826086,0.007905138339920958
B0CNRX9Q3L,1800 Pillowcase Set 2 pc,Set of 2 King Size,Hazy Lilac,35.94,89.85,10,21,2,5,0.2,0.23809523809523808,-0.03809523809523807
B010LB000M,1800 Pillowcase Set 2 pc,Set of 2 King Size,Striped White,35.94,89.85,7,11,2,5,0.2857142857142857,0.45454545454545453,-0.16883116883116883
B0822Z1DLW,1800 Pillowcase Set 2 pc,Set of 2 King Size,Laced Sky Blue,35.94,89.85,19,22,2,5,0.10526315789473684,0.22727272727272727,-0.12200956937799043
B01DN0BHR8,1800 Pillowcase Set 2 pc,Set of 2 King Size,Yellow,35.94,35.94,13,17,2,2,0.15384615384615385,0.11764705882352941,0.036199095022624445
B0892NX26C,1800 Flat Sheet,Full,Spa Blue,35.94,17.97,17,13,2,1,0.11764705882352941,0.07692307692307693,0.04072398190045248
B00RKHX1WA,1800 Pillowcase Set 2 pc,Set of 2 Standard Size,Brick Red,35.94,89.85,14,24,2,5,0.14285714285714285,0.20833333333333334,-0.0654761904761905
B0CNRZB226,1800 Bed Sheets,RV / Short Queen,Blue Nova,34.97,384.66999999999996,36,48,1,11,0.027777777777777776,0.22916666666666666,-0.2013888888888889
B08V8YBL7L,1800 Bed Sheets,RV / Short Queen,Royal Blue,34.97,69.94,20,28,1,2,0.05,0.07142857142857142,-0.021428571428571422
B00O35D8NY,1800 Bed Sheets,Twin,Purple,34.97,0.0,26,32,1,0,0.038461538461538464,0.0,0.038461538461538464
B0CLYCRY99,1800 Bed Sheets,Twin,Ivory,34.97,383.27,41,178,1,11,0.024390243902439025,0.06179775280898876,-0.03740750890654974
B0CNRYJ8QB,1800 Bed Sheets,RV / Short Queen,Terracotta,34.97,34.97,13,23,1,1,0.07692307692307693,0.043478260869565216,0.03344481605351171
B00ZSGVBZE,1800 Bed Sheets,Twin,Striped Gray/Silver,34.97,104.91,27,21,1,3,0.037037037037037035,0.14285714285714285,-0.10582010582010581
B016P4329A,1800 Bed Sheets,Twin XL,Tan,34.97,104.91,19,31,1,3,0.05263157894736842,0.0967741935483871,-0.044142614601018676
B016P433QC,1800 Bed Sheets,Twin XL,Royal Blue,34.97,0.0,70,57,1,0,0.014285714285714285,0.0,0.014285714285714285
B0CNRYJF31,1800 Bed Sheets,Twin,Pistachio,34.97,139.88,48,51,1,4,0.020833333333333332,0.0784313725490196,-0.05759803921568628
B016P42OTE,1800 Bed Sheets,Twin XL,Gold,34.97,104.91,43,23,1,3,0.023255813953488372,0.13043478260869565,-0.10717896865520728
B0CNS1GMMB,1800 Bed Sheets,Twin,Terracotta,34.97,34.97,28,27,1,1,0.03571428571428571,0.037037037037037035,-0.0013227513227513227
B0CNRXRWGJ,1800 Bed Sheets,RV / Short Queen,Pistachio,34.97,0.0,29,40,1,0,0.034482758620689655,0.0,0.034482758620689655
B00O35D74Y,1800 Bed Sheets,Twin,Brown,34.97,314.73,30,29,1,9,0.03333333333333333,0.3103448275862069,-0.2770114942528736
B01DN0A2F6,1800 Bed Sheets,Twin,Yellow,34.97,104.91,58,63,1,3,0.017241379310344827,0.047619047619047616,-0.03037766830870279
B0DGQQD2WB,1800 Bed Sheets,Twin,Charcoal,34.27,0.0,14,7,1,0,0.07142857142857142,0.0,0.07142857142857142
B08TRRGL9M,1800 Flat Sheet,Twin XL,Sage,33.94,16.97,6,5,2,1,0.3333333333333333,0.2,0.1333333333333333
B0892P6Z53,1800 Flat Sheet,Twin XL,Spa Blue,33.94,0.0,4,3,2,0,0.5,0.0,0.5
B099SF56G7,1800 Duvet Cover Set,Full,Black,32.97,0.0,6,10,1,0,0.16666666666666666,0.0,0.16666666666666666
B099SBTBPD,1800 Duvet Cover Set,Full,White,32.97,362.66999999999996,23,32,1,11,0.043478260869565216,0.34375,-0.3002717391304348
B01ETTE20Q,1800 Flat Sheet,Twin,Gray,31.94,0.0,6,2,2,0,0.3333333333333333,0.0,0.3333333333333333
B0822VSLCW,1800 Pillow Shams 2 piece,King,Light Gray,29.94,0.0,14,4,2,0,0.14285714285714285,0.0,0.14285714285714285
B08L6SJXTL,1800 Pillowcase Set 2 pc,1 Pillowcase Body,Blue Hydrangea,29.94,14.97,14,24,2,1,0.14285714285714285,0.041666666666666664,0.10119047619047619
B0822W17N1,1800 Pillow Shams 2 piece,Standard,Black,29.94,0.0,10,2,2,0,0.2,0.0,0.2
B07YYC3R65,Silk Pillowcase,"Throw 18"" X 18""",Gold,27.97,0.0,9,6,1,0,0.1111111111111111,0.0,0.1111111111111111
B0822Y8RMW,1800 Pillowcase Set 4 pc,Standard,Blue Hydrangea,27.0,108.0,35,32,1,4,0.02857142857142857,0.125,-0.09642857142857143
B0822XKZ4F,1800 Pillowcase Set 4 pc,King,Navy Blue,27.0,27.0,2,5,1,1,0.5,0.2,0.3
B0822XGM2X,1800 Pillowcase Set 4 pc,Standard,Black,27.0,27.0,6,6,1,1,0.16666666666666666,0.16666666666666666,0.0
B0822Z12BH,1800 Pillowcase Set 4 pc,King,Gray,27.0,27.0,7,12,1,1,0.14285714285714285,0.08333333333333333,0.05952380952380952
B08D12G8VL,"1800 Fitted Sheet 21"" Deep",King,Coral,25.97,25.97,13,12,1,1,0.07692307692307693,0.08333333333333333,-0.006410256410256401
B08CZZFFVX,"1800 Fitted Sheet 21"" Deep",King,Emerald Green,25.97,0.0,12,5,1,0,0.08333333333333333,0.0,0.08333333333333333
B08D12L3HQ,"1800 Fitted Sheet 21"" Deep",California King,Tan,25.97,0.0,9,5,1,0,0.1111111111111111,0.0,0.1111111111111111
B0822WNDSS,"1800 Fitted Sheet 21"" Deep",King,Light Gray,25.97,77.91,24,22,1,3,0.041666666666666664,0.13636363636363635,-0.0946969696969697
B08D119XFS,"1800 Fitted Sheet 21"" Deep",King,Aqua,25.97,0.0,14,9,1,0,0.07142857142857142,0.0,0.07142857142857142
B08L429KSS,Silk Pillowcase,"King 20"" X 36""",Lilac,24.58,0.0,5,4,1,0,0.2,0.0,0.2
B08CZZTNBQ,"1800 Fitted Sheet 21"" Deep",Queen,Spa Mint,23.97,0.0,36,19,1,0,0.027777777777777776,0.0,0.027777777777777776
B0822W5CW8,"1800 Fitted Sheet 21"" Deep",Queen,Navy Blue,23.97,0.0,10,11,1,0,0.1,0.0,0.1
B08CZZXTVT,"1800 Fitted Sheet 21"" Deep",Queen,Lavender,23.97,23.97,9,6,1,1,0.1111111111111111,0.16666666666666666,-0.05555555555555555
B08D114CF3,"1800 Fitted Sheet 21"" Deep",Queen,Coral,23.97,23.97,10,11,1,1,0.1,0.09090909090909091,0.009090909090909094
B0822YV9ZR,1800 Bedskirt,King,Light Gray,22.97,137.82,36,36,1,6,0.027777777777777776,0.16666666666666666,-0.1388888888888889
B0822XSX2L,1800 Bedskirt,King,Royal Blue,22.97,0.0,20,12,1,0,0.05,0.0,0.05
B0822YKJGX,1800 Bedskirt,Cal King,Gray,22.97,22.97,8,7,1,1,0.125,0.14285714285714285,-0.01785714285714285
B01ES3MT12,1800 Fitted Sheet,King,Navy Blue,21.97,43.94,3,11,1,2,0.3333333333333333,0.18181818181818182,0.1515151515151515
B01ES3MQX8,1800 Fitted Sheet,King,Gray,21.97,43.94,17,19,1,2,0.058823529411764705,0.10526315789473684,-0.04643962848297213
B01ES3N0M4,1800 Fitted Sheet,King,Violet,21.97,0.0,6,4,1,0,0.16666666666666666,0.0,0.16666666666666666
B01ES3NQBO,1800 Fitted Sheet,King,Emerald Green,21.97,43.94,13,16,1,2,0.07692307692307693,0.125,-0.04807692307692307
B01ES3O4BK,1800 Fitted Sheet,California King,Gray,21.97,21.97,2,3,1,1,0.5,0.3333333333333333,0.16666666666666669
B08TRPF6X4,1800 Fitted Sheet,California King,Dark Taupe,21.97,0.0,6,9,1,0,0.16666666666666666,0.0,0.16666666666666666
B0822VXJ3F,"1800 Fitted Sheet 21"" Deep",Full,Navy Blue,21.97,0.0,7,4,1,1,0.14285714285714285,0.25,-0.10714285714285715
B01ES3N6IW,1800 Fitted Sheet,King,Purple,21.97,43.94,7,3,1,2,0.14285714285714285,0.6666666666666666,-0.5238095238095237
B0822W781G,"1800 Fitted Sheet 21"" Deep",Twin,Royal Blue,21.97,0.0,26,27,1,0,0.038461538461538464,0.0,0.038461538461538464
B01ES3OLKY,1800 Fitted Sheet,California King,Black,21.97,0.0,2,2,1,0,0.5,0.0,0.5
B01ES3N4M0,1800 Fitted Sheet,King,Brown,21.97,0.0,7,9,1,0,0.14285714285714285,0.0,0.14285714285714285
B01ES3O0TG,1800 Fitted Sheet,California King,White,21.97,0.0,20,10,1,0,0.05,0.0,0.05
B01ES3O2HQ,1800 Fitted Sheet,California King,Beige,21.97,21.97,5,8,2,1,0.4,0.125,0.275
B01ES3OYHY,1800 Fitted Sheet,California King,Emerald Green,21.97,0.0,4,1,1,0,0.25,0.0,0.25
B0822WCRPX,"1800 Fitted Sheet 21"" Deep",Full,White,21.97,21.97,28,18,1,1,0.03571428571428571,0.05555555555555555,-0.01984126984126984
B07YYC671Z,Silk Pillowcase,"Throw 18"" X 18""",Pink,20.97,0.0,4,3,1,0,0.25,0.0,0.25
B0822Z86NL,1800 Bedskirt,Queen,Black,20.97,41.94,27,24,1,2,0.037037037037037035,0.08333333333333333,-0.046296296296296294
B01ETTIJO6,1800 Flat Sheet,California King,Coral,19.97,19.97,14,12,1,1,0.07142857142857142,0.08333333333333333,-0.011904761904761904
B08TRQYGNT,1800 Fitted Sheet,Queen,Blush Pink,19.97,59.91,20,21,1,3,0.05,0.14285714285714285,-0.09285714285714285
B0822XRVC6,1800 Bedskirt,Full,Spa Blue,19.97,39.94,14,14,1,2,0.07142857142857142,0.14285714285714285,-0.07142857142857142
B01ES3LL4I,1800 Fitted Sheet,Queen,Brown,19.97,19.97,12,12,1,1,0.08333333333333333,0.08333333333333333,0.0
B01ES3L5L2,1800 Fitted Sheet,Queen,Beige,19.97,59.91,11,18,1,3,0.09090909090909091,0.16666666666666666,-0.07575757575757575
B0B2Q5M6KH,1800 Bedskirt,Full,Golden Ivory,19.97,0.0,23,23,1,0,0.043478260869565216,0.0,0.043478260869565216
B01ETTH15O,1800 Flat Sheet,King,Spa Mint,19.97,0.0,8,8,1,0,0.125,0.0,0.125
B0822Y8J89,1800 Bedskirt,Twin XL,Beige,19.97,39.94,31,49,1,2,0.03225806451612903,0.04081632653061224,-0.00855826201448321
B01ETTI0UO,1800 Flat Sheet,California King,Light Gray,19.97,39.94,28,27,1,2,0.03571428571428571,0.07407407407407407,-0.03835978835978836
B0822Z48C9,1800 Bedskirt,Full,Royal Blue,19.97,19.97,9,11,1,1,0.1111111111111111,0.09090909090909091,0.020202020202020193
B01ETTGDOO,1800 Flat Sheet,King,Lavender,19.97,19.97,8,12,1,1,0.125,0.08333333333333333,0.04166666666666667
B01ETTG7S6,1800 Flat Sheet,King,Purple,19.97,19.97,6,8,1,1,0.16666666666666666,0.125,0.04166666666666666
B08TRPHQSR,1800 Fitted Sheet,Queen,Light Blue,19.97,59.91,19,21,1,3,0.05263157894736842,0.14285714285714285,-0.09022556390977443
B0822ZKZSY,1800 Bedskirt,Full,Gray,19.97,39.94,21,13,1,2,0.047619047619047616,0.15384615384615385,-0.10622710622710624
B01ES3MA0W,1800 Fitted Sheet,Queen,Coral,19.97,0.0,10,8,1,0,0.1,0.0,0.1
B0B2Q4BMD1,1800 Bedskirt,Twin,Golden Ivory,19.97,0.0,16,8,1,0,0.0625,0.0,0.0625
B08TRRBZSQ,1800 Fitted Sheet,Twin,Blush Pink,18.97,0.0,13,10,1,0,0.07692307692307693,0.0,0.07692307692307693
B01ES3LRXI,1800 Fitted Sheet,Twin,Light Gray,18.97,0.0,8,7,1,0,0.125,0.0,0.125
B01ES3OLY0,1800 Fitted Sheet,Full,Royal Blue,18.97,0.0,11,11,1,0,0.09090909090909091,0.0,0.09090909090909091
B01ES3N61Y,1800 Fitted Sheet,Twin XL,Black,18.97,0.0,5,5,1,0,0.2,0.0,0.2
B01ES3OQEA,1800 Fitted Sheet,Full,Blue Hydrangea,18.97,0.0,3,7,1,0,0.3333333333333333,0.0,0.3333333333333333
B01ES3MA7A,1800 Fitted Sheet,Twin,Persimmon,18.97,0.0,7,3,1,0,0.14285714285714285,0.0,0.14285714285714285
B01ES3L9AO,1800 Fitted Sheet,Twin,Gray,18.97,18.97,5,10,1,1,0.2,0.1,0.1
B08TRRBN7D,1800 Fitted Sheet,Full,Golden Ivory,18.97,37.94,9,17,1,2,0.1111111111111111,0.11764705882352941,-0.006535947712418305
B01ES3NZL0,1800 Fitted Sheet,Full,Gray,18.97,37.94,11,11,1,2,0.09090909090909091,0.18181818181818182,-0.09090909090909091
B0892MH6N9,1800 Fitted Sheet,Twin XL,Spa Blue,18.97,0.0,5,3,1,0,0.2,0.0,0.2
B08TRT7MXS,1800 Flat Sheet,Queen,Teal,18.97,37.94,8,8,1,2,0.125,0.25,-0.125
B08TRP9PWX,1800 Fitted Sheet,Twin XL,Sage,18.97,37.94,17,11,1,2,0.058823529411764705,0.18181818181818182,-0.12299465240641712
B01ES3OZUA,1800 Fitted Sheet,Full,Spa Mint,18.97,37.94,5,7,1,2,0.2,0.2857142857142857,-0.08571428571428569
B01ES3OTME,1800 Fitted Sheet,Full,Emerald Green,18.97,0.0,3,6,1,0,0.3333333333333333,0.0,0.3333333333333333
B01ETTDZY0,1800 Flat Sheet,Queen,Aqua,18.97,18.97,9,6,1,1,0.1111111111111111,0.16666666666666666,-0.05555555555555555
B0CNWG1SXZ,1800 Pillowcase Set 2 pc,Set of 2 King Size,Taupe,17.97,0.0,7,6,1,0,0.14285714285714285,0.0,0.14285714285714285
B010LAZW6K,1800 Pillowcase Set 2 pc,Set of 2 Standard Size,Striped Light Blue,17.97,53.91,9,16,1,3,0.1111111111111111,0.1875,-0.0763888888888889
B00RKHXLE8,1800 Pillowcase Set 2 pc,Set of 2 King Size,Brick Red,17.97,53.91,9,4,1,3,0.1111111111111111,0.75,-0.6388888888888888
B01ETTIP72,1800 Flat Sheet,Full,Blue Hydrangea,17.97,17.97,13,16,1,1,0.07692307692307693,0.0625,0.014423076923076927
B08TRQ9T7Y,1800 Pillowcase Set 2 pc,Set of 2 King Size,Blush Pink,17.97,53.91,23,26,1,4,0.043478260869565216,0.15384615384615385,-0.11036789297658864
B010LB03E0,1800 Pillowcase Set 2 pc,Set of 2 King Size,Striped Gray/Silver,17.97,17.97,6,4,1,1,0.16666666666666666,0.25,-0.08333333333333334
B0CNS23FJJ,1800 Pillowcase Set 2 pc,Set of 2 Standard Size,Pistachio,17.97,53.91,8,12,1,3,0.125,0.25,-0.125
B00RKHX0LC,1800 Pillowcase Set 2 pc,Set of 2 Standard Size,Purple,17.97,17.97,20,10,1,1,0.05,0.1,-0.05
B0822XRYKY,1800 Pillowcase Set 2 pc,Set of 2 Standard Size,Chevron Gray,17.97,107.46,24,15,1,6,0.041666666666666664,0.4,-0.35833333333333334
B0CNRX7KDJ,1800 Pillowcase Set 2 pc,Set of 2 King Size,Terracotta,17.97,53.91,4,9,1,3,0.25,0.3333333333333333,-0.08333333333333331
B0CNRYR2PJ,1800 Pillowcase Set 2 pc,Set of 2 Standard Size,Poppy Orange,17.97,17.97,17,20,1,1,0.058823529411764705,0.05,0.008823529411764702
B01DN0BGAG,1800 Pillowcase Set 2 pc,Set of 2 King Size,Pink,17.97,17.97,8,9,1,1,0.125,0.1111111111111111,0.013888888888888895
B0CNRZM2G6,1800 Pillowcase Set 2 pc,Set of 2 King Size,Sky Blue,17.97,17.97,16,11,1,1,0.0625,0.09090909090909091,-0.02840909090909091
B01ETTI5LI,1800 Flat Sheet,Full,Purple,17.97,0.0,7,5,1,0,0.14285714285714285,0.0,0.14285714285714285
B01ETTH8FW,1800 Flat Sheet,Twin XL,Persimmon,16.97,0.0,8,9,1,0,0.125,0.0,0.125
B01ETTG2U4,1800 Flat Sheet,Twin XL,Purple,16.97,16.97,5,6,1,1,0.2,0.16666666666666666,0.033333333333333354
B01ETTFLPG,1800 Flat Sheet,Twin XL,Gray,16.97,16.97,3,4,1,1,0.3333333333333333,0.25,0.08333333333333331
B01ETTEBIO,1800 Flat Sheet,Twin,Violet,15.97,0.0,20,22,1,0,0.05,0.0,0.05
B01ETTEJIQ,1800 Flat Sheet,Twin,Brick Red,15.97,0.0,4,5,1,0,0.25,0.0,0.25
B01ETTELIY,1800 Flat Sheet,Twin,Light Gray,15.97,47.910000000000004,3,8,1,3,0.3333333333333333,0.375,-0.041666666666666685
B01ETTF3NQ,1800 Flat Sheet,Twin,Emerald Green,15.97,15.97,3,4,1,1,0.3333333333333333,0.25,0.08333333333333331
B08L6RD8TT,1800 Pillowcase Set 2 pc,1 Pillowcase Body,Brick Red,14.97,0.0,2,3,1,0,0.5,0.0,0.5
B08L6S7RMB,1800 Pillowcase Set 2 pc,1 Pillowcase Body,White,14.97,0.0,13,0,1,0,0.07692307692307693,,
B0822TWJ26,1800 Pillow Shams 2 piece,King,Gray,14.97,0.0,3,11,1,0,0.3333333333333333,0.0,0.3333333333333333
B0B9YRWFGJ,Faux Leather Pillow Cover,18x18 Throw 1 Pack,Brown,14.97,0.0,4,4,1,0,0.25,0.0,0.25
B0822VYWK3,1800 Pillow Shams 2 piece,Standard,Royal Blue,14.97,0.0,20,13,1,0,0.05,0.0,0.05
B08NPRNCSJ,400TC Cotton Sheet Set,King,Navy,0.0,0.0,4,4,0,0,0.0,0.0,0.0
B0BMW5R2H2,Bundles,King,Lavender/White,0.0,0.0,2,0,0,0,0.0,,
B08TRRD9T6,1800 Flat Sheet,King,Golden Ivory,0.0,0.0,10,14,0,0,0.0,0.0,0.0
B0BTZ3NBBQ,1800 Bed Sheet Set 6 PIECE,Queen,Purple,0.0,43.97,17,18,0,1,0.0,0.05555555555555555,-0.05555555555555555
B0822V9KTM,"1800 Fitted Sheet 21"" Deep",California King,Light Gray,0.0,0.0,11,8,0,0,0.0,0.0,0.0
B01DN0B7S2,1800 Pillowcase Set 2 pc,Set of 2 Standard Size,Hot Pink,0.0,0.0,11,12,0,0,0.0,0.0,0.0
B01ES3LPWG,1800 Fitted Sheet,Queen,Brick Red,0.0,19.97,11,18,0,1,0.0,0.05555555555555555,-0.05555555555555555
B0CYCQC5JR,1800 Bed Sheet Set 6 PC With DEEP Fitted Sheet,Full,Navy Blue,0.0,0.0,6,1,0,0,0.0,0.0,0.0
B01ETTED6E,1800 Flat Sheet,Queen,Brick Red,0.0,0.0,4,7,0,0,0.0,0.0,0.0
B01N9HT5K2,Cotton Flannel Sheet Set 160GSM,Queen,Burgundy,0.0,51.97,9,27,0,1,0.0,0.037037037037037035,-0.037037037037037035
B01ES3O5RI,1800 Fitted Sheet,Full,Aqua,0.0,18.97,3,7,0,1,0.0,0.14285714285714285,-0.14285714285714285
B07M6VYV8R,1800 Duvet Cover Set,Twin,Light Gray,0.0,27.97,11,15,0,1,0.0,0.06666666666666667,-0.06666666666666667
B07YYLQ8SD,Cotton Flannel Sheet Set 160GSM,Twin,White,0.0,0.0,4,8,0,0,0.0,0.0,0.0
B0822XNZ8M,1800 Bedskirt,Twin XL,Gray,0.0,19.97,20,26,0,1,0.0,0.038461538461538464,-0.038461538461538464
B00WAIH9IQ,1800 Bed Sheets,California King,Lavender,0.0,89.94,40,55,0,2,0.0,0.03636363636363636,-0.03636363636363636
B07YYM3KHM,Cotton Flannel Sheet Set 160GSM,Full,Burgundy,0.0,0.0,17,19,0,0,0.0,0.0,0.0
B01ES3OK9G,1800 Fitted Sheet,California King,Light Gray,0.0,21.97,5,7,0,1,0.0,0.14285714285714285,-0.14285714285714285
B09PBT33DL,Bundles,BUNDLE,White,0.0,0.0,0,1,0,0,,0.0,
B08NQSRPB9,400TC Cotton Sheet Set,California King,Gray,0.0,0.0,3,1,0,0,0.0,0.0,0.0
B0CYCPVH5D,1800 Bed Sheet Set 6 PC With DEEP Fitted Sheet,Full,Lavender,0.0,0.0,8,5,0,0,0.0,0.0,0.0
B0822YDZBM,1800 Pillowcase Set 4 pc,King,Brick Red,0.0,0.0,2,2,0,0,0.0,0.0,0.0
B07J3T82SR,Cotton Flannel Sheet Set 180GSM,Twin,White,0.0,0.0,4,2,0,0,0.0,0.0,0.0
B08NPXQTF4,400TC Cotton Sheet Set,Twin,White,0.0,0.0,19,17,0,0,0.0,0.0,0.0
B0CYCR7QZZ,1800 Bed Sheet Set 6 PC With DEEP Fitted Sheet,Full,Hazy Lilac,0.0,0.0,12,10,0,0,0.0,0.0,0.0
B09SQDYXCW,1800 Duvet Cover Set,King,Sage,0.0,36.97,31,28,0,1,0.0,0.03571428571428571,-0.03571428571428571
B08NPY5B1H,400TC Cotton Sheet Set,Queen,Denim Blue,0.0,0.0,8,7,0,0,0.0,0.0,0.0
B08D11SYZG,"1800 Fitted Sheet 21"" Deep",Twin XL,Spa Mint,0.0,65.91,0,12,0,3,,0.25,
B08NPSNLSV,400TC Cotton Sheet Set,Full,Beige,0.0,0.0,2,6,0,0,0.0,0.0,0.0
B010LB01OM,1800 Pillowcase Set 2 pc,Set of 2 King Size,Striped Beige,0.0,0.0,3,2,0,0,0.0,0.0,0.0
B01ETTEBI4,1800 Flat Sheet,Queen,Purple,0.0,0.0,7,10,0,0,0.0,0.0,0.0
B0BTZ5617B,1800 Bed Sheet Set 6 PIECE,Split King,Navy Blue,0.0,57.97,1,4,0,1,0.0,0.25,-0.25
B0CJ9WSNK1,Bundles,King,Gray,0.0,0.0,2,2,0,0,0.0,0.0,0.0
B01ETTFWN2,1800 Flat Sheet,Twin XL,Violet,0.0,0.0,7,4,0,0,0.0,0.0,0.0
B09ZPX77BV,Bundles,Queen,Light Gray,0.0,0.0,0,1,0,0,,0.0,
B0BTZ623WS,1800 Bed Sheet Set 6 PIECE,California King,Black,0.0,0.0,3,5,0,0,0.0,0.0,0.0
B0822VQ53G,1800 Pillow Shams 2 piece,King,Navy Blue,0.0,0.0,5,3,0,0,0.0,0.0,0.0
B08NPRQKN6,400TC Cotton Sheet Set,Queen,Beige,0.0,0.0,11,11,0,0,0.0,0.0,0.0
B09K7NY44N,Bundles,BUNDLE,Light Gray,0.0,0.0,2,3,0,0,0.0,0.0,0.0
B0DN227Q1P,Bundles,Queen,Gray,0.0,0.0,0,2,0,0,,0.0,
B09NQG1H1K,Bundles,BUNDLE,White,0.0,0.0,4,5,0,0,0.0,0.0,0.0
B01ETTIHJS,1800 Flat Sheet,California King,Blue Hydrangea,0.0,0.0,4,6,0,0,0.0,0.0,0.0
B08NPT2QQ4,400TC Cotton Sheet Set,Twin,Light Blue,0.0,0.0,1,5,0,0,0.0,0.0,0.0
B08NPPD8V9,400TC Cotton Sheet Set,California King,White,0.0,0.0,1,2,0,0,0.0,0.0,0.0
B00ZSHJ0TM,1800 Bed Sheets,California King,Striped Gray/Silver,0.0,44.97,50,34,0,1,0.0,0.029411764705882353,-0.029411764705882353
B07J3XBXCW,Cotton Flannel Sheet Set 180GSM,Full,White,0.0,0.0,2,6,0,0,0.0,0.0,0.0
B0B5HRJ2NB,1800 Duvet Cover Set,Oversized Queen,Light Gray,0.0,45.97,5,12,0,1,0.0,0.08333333333333333,-0.08333333333333333
B08NPKVCBV,400TC Cotton Sheet Set,Queen,Ivory,0.0,64.97,5,10,0,1,0.0,0.1,-0.1
B01ES3OF78,1800 Fitted Sheet,California King,Brown,0.0,0.0,0,1,0,0,,0.0,
B01ES3LWJC,1800 Fitted Sheet,Queen,Black,0.0,79.88,14,8,0,4,0.0,0.5,-0.5
B07YYCT5BS,Silk Pillowcase,"Standard 20"" X 26""","Black, White Piping",0.0,18.48,5,10,0,1,0.0,0.1,-0.1
B097YX3GR4,Cotton Flannel Sheet Set 180GSM,Twin XL,Gray Animal,0.0,0.0,2,4,0,0,0.0,0.0,0.0
B08NPNZFWB,400TC Cotton Sheet Set,Twin,Navy,0.0,0.0,6,7,0,0,0.0,0.0,0.0
B0CYCP9R6B,1800 Bed Sheet Set 6 PC With DEEP Fitted Sheet,California King,Navy Blue,0.0,0.0,0,4,0,0,,0.0,
B0BXTCFZ3K,Microfiber Pillow Covers w/zipper,18x18,Coverlet Black,0.0,0.0,1,2,0,0,0.0,0.0,0.0
B0BXTDKB99,Microfiber Pillow Covers w/zipper,20x20,Coverlet Light Gray,0.0,0.0,2,1,0,0,0.0,0.0,0.0
B0BTZ7K3HN,1800 Bed Sheet Set 6 PIECE,Split King,Purple,0.0,0.0,1,3,0,0,0.0,0.0,0.0
B01ETTF6I8,1800 Flat Sheet,Queen,Emerald Green,0.0,0.0,3,4,0,0,0.0,0.0,0.0
B0D35SS1FB,Unmapped,,,0.0,0.0,2,1,0,0,0.0,0.0,0.0
B0CCJYK3VX,Unmapped,,,0.0,0.0,3,2,0,0,0.0,0.0,0.0
B0DGQPH1CB,1800 Bed Sheets,Split King,Oxford Stripe Blue Nova,0.0,0.0,30,26,0,0,0.0,0.0,0.0
B08NPZFK2H,400TC Cotton Sheet Set,Full,Light Blue,0.0,64.97,0,3,0,1,,0.3333333333333333,
B0822YFZ3Y,1800 Bedskirt,King,Brick Red,0.0,22.97,24,12,0,1,0.0,0.08333333333333333,-0.08333333333333333
B0822YMRLF,1800 Bedskirt,Twin,Gray,0.0,0.0,2,1,0,0,0.0,0.0,0.0
B08L432CN1,Silk Pillowcase,"King 20"" X 36""",Peacock Blue,0.0,0.0,4,3,0,0,0.0,0.0,0.0
B0822T5GM8,"1800 Fitted Sheet 21"" Deep",Full,Light Gray,0.0,21.97,13,7,0,1,0.0,0.14285714285714285,-0.14285714285714285
B0CYCQ4MC3,1800 Bed Sheet Set 6 PC With DEEP Fitted Sheet,Full,Blush Pink,0.0,0.0,6,6,0,0,0.0,0.0,0.0
B01ETTFY9O,1800 Flat Sheet,King,Aqua,0.0,19.97,5,3,0,1,0.0,0.3333333333333333,-0.3333333333333333
B0BTZ8LHTX,1800 Bed Sheet Set 6 PIECE,Split King,Black,0.0,0.0,4,2,0,0,0.0,0.0,0.0
B0822XDTL3,1800 Bed Sheet Set With DEEP Fitted Sheet,Full,Brick Red,0.0,45.97,18,25,0,1,0.0,0.04,-0.04
B0CNRVWHB1,1800 Bed Sheets,California King,Hazy Lilac,0.0,89.94,33,52,0,2,0.0,0.038461538461538464,-0.038461538461538464
B07PTCBNZX,1800 Duvet Cover Set,Twin,Laced Sky Blue,0.0,27.97,10,13,0,1,0.0,0.07692307692307693,-0.07692307692307693
B00O35D9LA,1800 Bed Sheets,Twin,Brick Red,0.0,69.94,28,39,0,2,0.0,0.05128205128205128,-0.05128205128205128
B01ES3OMTY,1800 Fitted Sheet,California King,Lavender,0.0,0.0,3,0,0,0,0.0,,
B0DGQQC5ZT,1800 Bed Sheets,Twin XL,Oxford Stripe Hazy Lilac,0.0,0.0,40,31,0,0,0.0,0.0,0.0
B0822W9Z31,1800 Pillow Shams 2 piece,King,Black,0.0,0.0,4,5,0,0,0.0,0.0,0.0
B0BTZ64KB1,1800 Bed Sheet Set 6 PIECE,Twin,Spa Blue,0.0,37.97,2,8,0,1,0.0,0.125,-0.125
B07YYCN2R6,Silk Pillowcase,"Queen 20"" X 30""",White,0.0,0.0,0,14,0,0,,0.0,
B08NPTZDTJ,400TC Cotton Sheet Set,Twin,Denim Blue,0.0,0.0,9,11,0,0,0.0,0.0,0.0
B0822YM74W,1800 Bedskirt,Twin,Black,0.0,19.97,2,4,0,1,0.0,0.25,-0.25
B09JB6BSCY,Bundles,BUNDLE,Gray,0.0,0.0,1,0,0,0,0.0,,
B01ETTE3O6,1800 Flat Sheet,Twin,Navy Blue,0.0,0.0,2,7,0,0,0.0,0.0,0.0
B09ZQ266F7,Bundles,Queen,Beige,0.0,0.0,1,0,0,0,0.0,,
B0BNNZKFVC,Bundles,Twin XL,Colorful,0.0,0.0,1,0,0,0,0.0,,
B0822XCR7V,1800 Pillowcase Set 4 pc,Standard,Brick Red,0.0,0.0,3,0,0,0,0.0,,
B08NPW1N2Y,400TC Cotton Sheet Set,Full,Navy,0.0,0.0,1,1,0,0,0.0,0.0,0.0
B08NPQ6FPY,400TC Cotton Sheet Set,Full,Burgundy,0.0,0.0,4,2,0,0,0.0,0.0,0.0
B07RBZ25P3,1800 Bed Sheets,Twin XL,Laced Sky Blue,0.0,69.94,98,100,0,2,0.0,0.02,-0.02
B0CNRX7KCP,1800 Bed Sheets,California King,Pistachio,0.0,44.97,32,35,0,1,0.0,0.02857142857142857,-0.02857142857142857
B07WZP5KZL,Cotton Flannel Sheet Set 180GSM,Queen,Floral Feathers,0.0,58.97,28,29,0,1,0.0,0.034482758620689655,-0.034482758620689655
B0DN22Z3MF,Bundles,King,White,0.0,0.0,2,2,0,0,0.0,0.0,0.0
B01ETTHKJG,1800 Flat Sheet,Full,Beige,0.0,35.94,0,9,0,2,,0.2222222222222222,
B08NPKL1TC,400TC Cotton Sheet Set,Queen,Green,0.0,0.0,4,4,0,0,0.0,0.0,0.0
B09QLB2PF1,Bundles,Queen,White,0.0,0.0,0,1,0,0,,0.0,
B08TRTD7SM,1800 Flat Sheet,Full,Golden Ivory,0.0,0.0,4,1,0,0,0.0,0.0,0.0
B08NPZPH8L,400TC Cotton Sheet Set,Twin,Gray,0.0,0.0,1,5,0,0,0.0,0.0,0.0
B08NPRYQZJ,400TC Cotton Sheet Set,Twin,Light Gray,0.0,49.97,0,4,0,1,,0.25,
B0822XFQ7J,1800 Pillowcase Set 2 pc,Set of 2 King Size,Chevron Gray,0.0,0.0,17,9,0,0,0.0,0.0,0.0
B08NPV51XW,400TC Cotton Sheet Set,California King,Navy,0.0,0.0,0,1,0,0,,0.0,
B08NPRB59K,400TC Cotton Sheet Set,Twin XL,Ivory,0.0,0.0,0,2,0,0,,0.0,
B0CYCQGKGP,1800 Bed Sheet Set 6 PC With DEEP Fitted Sheet,California King,Sky Blue,0.0,0.0,3,6,0,0,0.0,0.0,0.0
B0DN2851R7,Bundles,Queen,Gray,0.0,0.0,0,1,0,0,,0.0,
B01ETTED3M,1800 Flat Sheet,Twin,Gold,0.0,0.0,6,3,0,0,0.0,0.0,0.0
B0DN235229,Bundles,King,Light Gray,0.0,0.0,0,1,0,0,,0.0,
B0BTZ5W5H8,1800 Bed Sheet Set 6 PIECE,Full,Black,0.0,0.0,4,3,0,0,0.0,0.0,0.0
B01MYZYRHV,Cotton Flannel Sheet Set 160GSM,Twin,Blue/Gray Snowflakes,0.0,0.0,2,1,0,0,0.0,0.0,0.0
B07X4WY7QZ,Cotton Flannel Sheet Set 180GSM,Twin,Floral Feathers,0.0,0.0,27,32,0,0,0.0,0.0,0.0
B07X2SKBTX,Cotton Flannel Sheet Set 160GSM,California King,Pink,0.0,0.0,1,2,0,0,0.0,0.0,0.0
B0DN21G3VN,Bundles,Queen,Light Gray,0.0,0.0,0,1,0,0,,0.0,
B08BZX7VLP,1800 Bed Sheet Set With DEEP Fitted Sheet,Twin,Emerald Green,0.0,89.94,19,11,0,2,0.0,0.18181818181818182,-0.18181818181818182
B0BTZ4FMZ1,1800 Bed Sheet Set 6 PIECE,California King,Emerald Green,0.0,0.0,1,2,0,0,0.0,0.0,0.0
B01MQ4LRDY,Cotton Flannel Sheet Set 160GSM,Queen,Gray,0.0,0.0,15,14,0,0,0.0,0.0,0.0
B0822VY7BG,"1800 Fitted Sheet 21"" Deep",Queen,Gray,0.0,143.82,32,41,0,6,0.0,0.14634146341463414,-0.14634146341463414
B010LAZSLY,1800 Pillowcase Set 2 pc,Set of 2 Standard Size,Striped Beige,0.0,17.97,10,8,0,1,0.0,0.125,-0.125
B01ETTE1S4,1800 Flat Sheet,Queen,Violet,0.0,37.94,5,9,0,2,0.0,0.2222222222222222,-0.2222222222222222
B0822YXD3M,1800 Bedskirt,Twin,Spa Blue,0.0,29.94,8,10,0,2,0.0,0.2,-0.2
B07X4Y39HF,Cotton Flannel Sheet Set 180GSM,Twin,Light Gray Plaid,0.0,0.0,7,7,0,0,0.0,0.0,0.0
B08BZZ4MJY,1800 Bed Sheet Set With DEEP Fitted Sheet,Twin,Lavender,0.0,134.91,24,22,0,3,0.0,0.13636363636363635,-0.13636363636363635
B08CHNZBHQ,1800 Ultrasonic Coverlet,Twin,Beige,0.0,95.94,99,149,0,2,0.0,0.013422818791946308,-0.013422818791946308
B0BMWBCR3Y,1800 Bed Sheet Set With DEEP Fitted Sheet,Full,Pinstripe Gray,0.0,321.78999999999996,75,79,0,7,0.0,0.08860759493670886,-0.08860759493670886
B0DGQQ87MC,1800 Bed Sheets,Twin,Oxford Stripe Sage,0.0,69.94,39,35,0,2,0.0,0.05714285714285714,-0.05714285714285714
B0CYCPZCSK,1800 Bed Sheet Set 6 PC With DEEP Fitted Sheet,Queen,Aqua,0.0,49.97,12,11,0,1,0.0,0.09090909090909091,-0.09090909090909091
B0822W3F74,1800 Bed Sheet Set With DEEP Fitted Sheet,Split King,Black,0.0,0.0,15,19,0,0,0.0,0.0,0.0
B01ETTGYQG,1800 Flat Sheet,Twin XL,Blue Hydrangea,0.0,0.0,9,7,0,0,0.0,0.0,0.0
B08NPTZ9V4,400TC Cotton Sheet Set,Full,Light Gray,0.0,0.0,1,3,0,0,0.0,0.0,0.0
B0BTZ5KZ8G,1800 Bed Sheet Set 6 PIECE,Split King,Gray,0.0,0.0,2,6,0,0,0.0,0.0,0.0
B0CYCQM958,1800 Bed Sheet Set 6 PC With DEEP Fitted Sheet,King,Lavender,0.0,58.97,10,7,0,1,0.0,0.14285714285714285,-0.14285714285714285
B0BTZ96P6Q,1800 Bed Sheet Set 6 PIECE,Split King,Aqua,0.0,0.0,4,3,0,0,0.0,0.0,0.0
B08CZYSHDW,1800 Bed Sheet Set With DEEP Fitted Sheet,Twin,Paisley Gray,0.0,0.0,23,21,0,0,0.0,0.0,0.0
B0CYCRTCSN,1800 Bed Sheet Set 6 PC With DEEP Fitted Sheet,Queen,Lavender,0.0,99.94,22,16,0,2,0.0,0.125,-0.125
B0CYCNR9XQ,1800 Bed Sheet Set 6 PC With DEEP Fitted Sheet,California King,Blue Nova,0.0,0.0,5,4,0,0,0.0,0.0,0.0
B01ES3OD98,1800 Fitted Sheet,California King,Gold,0.0,0.0,0,3,0,0,,0.0,
B08D115YXL,"1800 Fitted Sheet 21"" Deep",Queen,Tan,0.0,0.0,26,13,0,0,0.0,0.0,0.0
B08NPR4NG7,400TC Cotton Sheet Set,Full,Gray,0.0,0.0,0,6,0,0,,0.0,
B0CYCQBH77,1800 Bed Sheet Set 6 PC With DEEP Fitted Sheet,King,Sky Blue,0.0,0.0,15,14,0,0,0.0,0.0,0.0
B0BTZ6XJMT,1800 Bed Sheet Set 6 PIECE,Queen,Lavender,0.0,0.0,30,34,0,0,0.0,0.0,0.0
B0822XD5NV,"1800 Fitted Sheet 21"" Deep",Twin XL,Beige,0.0,0.0,13,9,0,0,0.0,0.0,0.0
B0BTZ52JKC,1800 Bed Sheet Set 6 PIECE,Full,Brick Red,0.0,38.97,6,7,0,1,0.0,0.14285714285714285,-0.14285714285714285
B01ES3MWTQ,1800 Fitted Sheet,Twin XL,Gold,0.0,0.0,4,7,0,0,0.0,0.0,0.0
B0BMW5QLB2,Bundles,Queen,Lavender/White,0.0,0.0,0,2,0,0,,0.0,
B01ETTGH1S,1800 Flat Sheet,Twin XL,Light Gray,0.0,50.91,4,5,0,3,0.0,0.6,-0.6
B07MHRNH3W,1800 Duvet Cover Set,King,Light Gray,0.0,36.97,21,39,0,1,0.0,0.02564102564102564,-0.02564102564102564
B01ES3N9GQ,1800 Fitted Sheet,Twin XL,Tan,0.0,0.0,6,9,0,0,0.0,0.0,0.0
B01NCLXDWJ,Cotton Flannel Sheet Set 160GSM,Twin XL,Blue/Gray Snowflakes,0.0,0.0,4,5,0,0,0.0,0.0,0.0
B0CYCP8Q5H,1800 Bed Sheet Set 6 PC With DEEP Fitted Sheet,Full,Ivory,0.0,0.0,9,17,0,0,0.0,0.0,0.0
B08TRTG6SJ,1800 Flat Sheet,Twin,Teal,0.0,0.0,3,2,0,0,0.0,0.0,0.0
B0BTZ4Q11V,1800 Bed Sheet Set 6 PIECE,Twin,Coral,0.0,0.0,5,7,0,0,0.0,0.0,0.0
B0CKTWCPV1,Bundles,King,Navy,0.0,0.0,2,4,0,0,0.0,0.0,0.0
B0BTZ7KY66,1800 Bed Sheet Set 6 PIECE,Split King,Spa Blue,0.0,0.0,4,9,0,0,0.0,0.0,0.0
B01ES3OIJ8,1800 Fitted Sheet,California King,Brick Red,0.0,0.0,0,2,0,0,,0.0,
B07WZP1HM4,Cotton Flannel Sheet Set 160GSM,Twin,Pink,0.0,0.0,8,5,0,0,0.0,0.0,0.0
B0BTZ6PZJB,1800 Bed Sheet Set 6 PIECE,Split King,Light Gray,0.0,0.0,2,7,0,0,0.0,0.0,0.0
B098PBW9NV,Velvet Ultrasonic Coverlet,Full-Queen,Teal,0.0,39.97,14,12,0,1,0.0,0.08333333333333333,-0.08333333333333333
B01ES3NISA,1800 Fitted Sheet,Twin XL,Coral,0.0,0.0,0,2,0,0,,0.0,
B01ES3OAN2,1800 Fitted Sheet,Full,Brown,0.0,0.0,4,3,0,0,0.0,0.0,0.0
B0CYCR3DK3,1800 Bed Sheet Set 6 PC With DEEP Fitted Sheet,California King,Brown,0.0,0.0,2,5,0,0,0.0,0.0,0.0
B01ETTIBNK,1800 Flat Sheet,Full,Black,0.0,17.97,5,8,0,1,0.0,0.125,-0.125
B01N2U4RXO,Cotton Flannel Sheet Set 160GSM,Queen,Blue/Gray Snowflakes,0.0,51.97,10,12,0,1,0.0,0.08333333333333333,-0.08333333333333333
B0BMWHNQVN,Bundles,Full,Lavender/White,0.0,0.0,0,3,0,0,,0.0,
B08TRSXLRN,1800 Flat Sheet,California King,Golden Ivory,0.0,0.0,4,5,0,0,0.0,0.0,0.0
B0BTZ6993F,1800 Bed Sheet Set 6 PIECE,Twin,Yellow,0.0,0.0,11,3,0,0,0.0,0.0,0.0
B07YYD6YY8,Silk Pillowcase,"Queen 20"" X 30""",Dark Gray,0.0,101.91,9,10,0,3,0.0,0.3,-0.3
B01ETTGPYC,1800 Flat Sheet,King,Coral,0.0,19.97,5,5,0,1,0.0,0.2,-0.2
B0BTZ6J8CX,1800 Bed Sheet Set 6 PIECE,Full,Brown,0.0,38.97,7,6,0,1,0.0,0.16666666666666666,-0.16666666666666666
B0822YWR51,1800 Bedskirt,Full,Black,0.0,19.97,0,2,0,1,,0.5,
B0BTZ6L68K,1800 Bed Sheet Set 6 PIECE,Split King,Brick Red,0.0,0.0,3,1,0,0,0.0,0.0,0.0
B0BTZ64RRN,1800 Bed Sheet Set 6 PIECE,California King,Brown,0.0,0.0,7,3,0,0,0.0,0.0,0.0
B0DG5L6SPK,Unmapped,,,0.0,0.0,0,1,0,0,,0.0,
B0BNP1CLD6,Bundles,Twin,Colorful,0.0,0.0,0,1,0,0,,0.0,
B0CNRX8QBD,1800 Bed Sheets,Split King,Sky Blue,0.0,0.0,14,0,0,0,0.0,,
B0BNNYGL7M,Bundles,Full,Colorful,0.0,0.0,1,0,0,0,0.0,,
B0D8V1VQX1,Unmapped,,,0.0,0.0,1,0,0,0,0.0,,
B0D5HPLWC5,Unmapped,,,0.0,0.0,1,0,0,0,0.0,,
B0822VYT3Z,1800 Pillow Shams 2 piece,Standard,Beige,0.0,0.0,14,0,0,0,0.0,,
B0BTZ6B7XL,1800 Bed Sheet Set 6 PIECE,Twin,Brown,0.0,0.0,5,2,0,0,0.0,0.0,0.0
B01ES3LMEM,1800 Fitted Sheet,Twin,Brown,0.0,18.97,0,2,0,1,,0.5,
B0822YQTX5,1800 Bedskirt,Queen,Gray,0.0,20.97,0,20,0,1,,0.05,
B01ES3P3YW,1800 Fitted Sheet,California King,Spa Mint,0.0,0.0,13,28,0,0,0.0,0.0,0.0
B0BTZ96P6M,1800 Bed Sheet Set 6 PIECE,California King,Golden Ivory,0.0,54.97,5,10,0,1,0.0,0.1,-0.1
B01NBKTF3M,Cotton Flannel Sheet Set 160GSM,Full,Blue/Gray Snowflakes,0.0,0.0,2,2,0,0,0.0,0.0,0.0
B01ES3MK1Q,1800 Fitted Sheet,Twin XL,Beige,0.0,37.94,5,12,0,2,0.0,0.16666666666666666,-0.16666666666666666
B0BTZ3PP1J,1800 Bed Sheet Set 6 PIECE,Split King,Emerald Green,0.0,0.0,2,6,0,0,0.0,0.0,0.0
B097YXCRQF,Cotton Flannel Sheet Set 180GSM,Twin,Ivory,0.0,0.0,8,5,0,0,0.0,0.0,0.0
B09SQFHBDY,1800 Duvet Cover Set,Full,Sage,0.0,65.94,9,10,0,2,0.0,0.2,-0.2
B0CYCNNTMH,1800 Bed Sheet Set 6 PC With DEEP Fitted Sheet,Full,Light Gray,0.0,44.97,0,3,0,1,,0.3333333333333333,
B0822WG5HJ,"1800 Fitted Sheet 21"" Deep",California King,Navy Blue,0.0,25.97,7,3,0,1,0.0,0.3333333333333333,-0.3333333333333333
B01ETTHEGU,1800 Flat Sheet,California King,Navy Blue,0.0,19.97,8,8,0,1,0.0,0.125,-0.125
B0822WHSF5,1800 Bed Sheet Set With DEEP Fitted Sheet,Twin,Spa Blue,0.0,0.0,25,22,0,0,0.0,0.0,0.0
B0822YRN5P,1800 Pillowcase Set 4 pc,King,Beige,0.0,0.0,3,11,0,0,0.0,0.0,0.0
B0822X4J7R,1800 Bed Sheet Set With DEEP Fitted Sheet,Split King,Brick Red,0.0,0.0,9,5,0,0,0.0,0.0,0.0
B08D112MZC,"1800 Fitted Sheet 21"" Deep",King,Tan,0.0,0.0,15,17,0,0,0.0,0.0,0.0
B0CKTW1KMN,Bundles,King,Spa Blue,0.0,0.0,4,7,0,0,0.0,0.0,0.0
B0CYCTJ5M7,1800 Bed Sheet Set 6 PC With DEEP Fitted Sheet,Full,Tan,0.0,0.0,10,8,0,0,0.0,0.0,0.0
B01ETTHM8K,1800 Flat Sheet,California King,Aqua,0.0,19.97,0,9,0,1,,0.1111111111111111,
B0BTZ6Q4ZS,1800 Bed Sheet Set 6 PIECE,Twin,Brick Red,0.0,0.0,8,5,0,0,0.0,0.0,0.0
B0BTZ6FX8J,1800 Bed Sheet Set 6 PIECE,California King,Coral,0.0,0.0,8,3,0,0,0.0,0.0,0.0
B0BTZ4CCZC,1800 Bed Sheet Set 6 PIECE,Twin XL,Emerald Green,0.0,37.97,16,11,0,1,0.0,0.09090909090909091,-0.09090909090909091
B0BTZ5WPV4,1800 Bed Sheet Set 6 PIECE,California King,Lavender,0.0,0.0,2,4,0,0,0.0,0.0,0.0
B0BTZ2ZK8K,1800 Bed Sheet Set 6 PIECE,Full,Sage,0.0,38.97,14,8,0,1,0.0,0.125,-0.125
B0CYCPB6JF,1800 Bed Sheet Set 6 PC With DEEP Fitted Sheet,California King,Black,0.0,0.0,1,3,0,0,0.0,0.0,0.0
B0CYCR2SC7,1800 Bed Sheet Set 6 PC With DEEP Fitted Sheet,California King,Taupe,0.0,0.0,3,4,0,0,0.0,0.0,0.0
B0BTZ5QTKY,1800 Bed Sheet Set 6 PIECE,Twin,Light Gray,0.0,37.21,4,4,0,1,0.0,0.25,-0.25
B08NPT1SYZ,400TC Cotton Sheet Set,Twin XL,Light Blue,0.0,0.0,1,3,0,0,0.0,0.0,0.0
B06XYWHZHN,Toddler 1800 Fitted Sheet,"2 Fitted Sheets 28"" x 52""",Animal Print and Pink,0.0,0.0,1,2,0,0,0.0,0.0,0.0
B0822X11FD,1800 Bed Sheet Set With DEEP Fitted Sheet,Split King,Navy Blue,0.0,49.97,15,14,0,1,0.0,0.07142857142857142,-0.07142857142857142
B01ES3LFHQ,1800 Fitted Sheet,Queen,Aqua,0.0,0.0,14,15,0,0,0.0,0.0,0.0
B0CYCNYBCJ,1800 Bed Sheet Set 6 PC With DEEP Fitted Sheet,California King,Blue Hydrangea,0.0,59.97,3,4,0,1,0.0,0.25,-0.25
B08NPRNYVK,400TC Cotton Sheet Set,King,Beige,0.0,0.0,5,7,0,0,0.0,0.0,0.0
B0CYCPVH5H,1800 Bed Sheet Set 6 PC With DEEP Fitted Sheet,Full,Brown,0.0,0.0,15,5,0,0,0.0,0.0,0.0
B08NPVN1G9,400TC Cotton Sheet Set,King,Gray,0.0,0.0,2,8,0,0,0.0,0.0,0.0
B0CYCPDP31,1800 Bed Sheet Set 6 PC With DEEP Fitted Sheet,California King,Gray,0.0,0.0,0,2,0,0,,0.0,
B0CYCQ8LZ1,1800 Bed Sheet Set 6 PC With DEEP Fitted Sheet,California King,Aqua,0.0,0.0,4,6,0,0,0.0,0.0,0.0
B08TRSQYPJ,1800 Flat Sheet,Twin,Golden Ivory,0.0,0.0,5,10,0,0,0.0,0.0,0.0
B01ETTEJL8,1800 Flat Sheet,Queen,Lavender,0.0,18.97,5,7,0,1,0.0,0.14285714285714285,-0.14285714285714285
B01ETTFJ5I,1800 Flat Sheet,Twin XL,Beige,0.0,33.94,4,9,0,2,0.0,0.2222222222222222,-0.2222222222222222
B01ETTHAAA,1800 Flat Sheet,California King,Gray,0.0,19.97,11,6,0,1,0.0,0.16666666666666666,-0.16666666666666666
B08CZZDG5Q,"1800 Fitted Sheet 21"" Deep",King,Lavender,0.0,25.97,7,4,0,1,0.0,0.25,-0.25
B08D11B5DC,"1800 Fitted Sheet 21"" Deep",California King,Coral,0.0,0.0,6,5,0,0,0.0,0.0,0.0
B01ETTFS0E,1800 Flat Sheet,King,Navy Blue,0.0,19.97,6,7,0,1,0.0,0.14285714285714285,-0.14285714285714285
B01ES3MSYK,1800 Fitted Sheet,Twin XL,Aqua,0.0,0.0,7,8,0,0,0.0,0.0,0.0
B09ZPYSWZ1,Bundles,Queen,White,0.0,0.0,3,1,0,0,0.0,0.0,0.0
B01N4E72H6,Cotton Flannel Sheet Set 160GSM,California King,Blue/Gray Snowflakes,0.0,0.0,4,6,0,0,0.0,0.0,0.0
B0BTZ6GPMT,1800 Bed Sheet Set 6 PIECE,Twin XL,Brown,0.0,0.0,3,4,0,1,0.0,0.25,-0.25
B0CYCNWF94,1800 Bed Sheet Set 6 PC With DEEP Fitted Sheet,King,Taupe,0.0,0.0,13,16,0,0,0.0,0.0,0.0
B08TRRS9DS,1800 Flat Sheet,Queen,Sage,0.0,18.97,13,11,0,1,0.0,0.09090909090909091,-0.09090909090909091
B01ETTE95O,1800 Flat Sheet,Twin,Aqua,0.0,0.0,4,7,0,0,0.0,0.0,0.0
B01MT8NVMQ,1800 Bed Sheets,Split King,Brick Red,0.0,0.0,11,13,0,0,0.0,0.0,0.0
B0DN27LTYB,Bundles,Queen,White,0.0,0.0,2,4,0,0,0.0,0.0,0.0
B08D11YSHS,"1800 Fitted Sheet 21"" Deep",Queen,Emerald Green,0.0,0.0,6,10,0,0,0.0,0.0,0.0
B08NPT4KJ4,400TC Cotton Sheet Set,King,Burgundy,0.0,0.0,1,4,0,0,0.0,0.0,0.0
B09SQF6WDH,1800 Duvet Cover Set,Twin,Sage,0.0,27.97,4,13,0,1,0.0,0.07692307692307693,-0.07692307692307693
B08CZZKK5S,1800 Bed Sheet Set With DEEP Fitted Sheet,California King,Coral,0.0,51.97,21,13,0,1,0.0,0.07692307692307693,-0.07692307692307693
B0BTZ7F43W,1800 Bed Sheet Set 6 PIECE,Twin,Lavender,0.0,0.0,5,1,0,0,0.0,0.0,0.0
B01NCLTDAE,Cotton Flannel Sheet Set 160GSM,California King,Gray,0.0,0.0,6,4,0,0,0.0,0.0,0.0
B01ES3O5V4,1800 Fitted Sheet,California King,Navy Blue,0.0,0.0,0,5,0,0,,0.0,
B08YP8XH4F,Ruffle Skirt Bedspread Solid,Queen,Solid Ivory,0.0,0.0,5,3,0,0,0.0,0.0,0.0
B01ETTIRC0,1800 Flat Sheet,Full,Coral,0.0,0.0,9,7,0,0,0.0,0.0,0.0
B0CNRYCQQB,1800 Bed Sheets,Split King,Pistachio,0.0,93.94,18,17,0,2,0.0,0.11764705882352941,-0.11764705882352941
B01ETTI9UA,1800 Flat Sheet,Full,Light Gray,0.0,0.0,3,6,0,0,0.0,0.0,0.0
B01ES3OWQM,1800 Fitted Sheet,Full,Persimmon,0.0,0.0,4,7,0,0,0.0,0.0,0.0
B08CZYFXCC,"1800 Fitted Sheet 21"" Deep",Full,Emerald Green,0.0,0.0,11,6,0,0,0.0,0.0,0.0
B07WZNZTMM,Cotton Flannel Sheet Set 160GSM,King,Light Blue Plaid,0.0,0.0,11,14,0,0,0.0,0.0,0.0
B0CYCQWVVL,1800 Bed Sheet Set 6 PC With DEEP Fitted Sheet,California King,Emerald Green,0.0,0.0,3,1,0,0,0.0,0.0,0.0
B08TRR3MVX,1800 Flat Sheet,Twin XL,Blush Pink,0.0,0.0,34,15,0,0,0.0,0.0,0.0
B01N6H24DP,Cotton Flannel Sheet Set 160GSM,King,Gray,0.0,0.0,7,8,0,0,0.0,0.0,0.0
B0CYCQ7NHL,1800 Bed Sheet Set 6 PC With DEEP Fitted Sheet,King,Blush Pink,0.0,0.0,19,6,0,0,0.0,0.0,0.0
B0BTZ7XLK4,1800 Bed Sheet Set 6 PIECE,Full,Spa Blue,0.0,0.0,12,6,0,0,0.0,0.0,0.0
B0DGQRXZ43,1800 Bed Sheets,California King,Charcoal,0.0,0.0,10,12,0,0,0.0,0.0,0.0
B08TRSP8L3,1800 Fitted Sheet,Twin,Sage,0.0,18.97,5,5,0,1,0.0,0.2,-0.2
B0CNRYSD6P,1800 Bed Sheets,RV / Short Queen,Poppy Orange,0.0,34.97,16,19,0,1,0.0,0.05263157894736842,-0.05263157894736842
B07WZP1ZLN,Cotton Flannel Sheet Set 160GSM,Full,Pink,0.0,0.0,5,5,0,0,0.0,0.0,0.0
B0CYCSC4DD,1800 Bed Sheet Set 6 PC With DEEP Fitted Sheet,King,Emerald Green,0.0,58.97,15,10,0,1,0.0,0.1,-0.1
B0CNRZ31Y6,1800 Bed Sheets,Twin XL,Terracotta,0.0,139.88,32,46,0,4,0.0,0.08695652173913043,-0.08695652173913043
B0CYCR1VRD,1800 Bed Sheet Set 6 PC With DEEP Fitted Sheet,Full,Sage,0.0,44.97,10,11,0,1,0.0,0.09090909090909091,-0.09090909090909091
B08CZZWN9N,"1800 Fitted Sheet 21"" Deep",California King,Emerald Green,0.0,0.0,4,9,0,0,0.0,0.0,0.0
B01ETTG970,1800 Flat Sheet,King,Brick Red,0.0,0.0,3,6,0,0,0.0,0.0,0.0
B0DGQTCZ9Q,1800 Bed Sheets,Split King,Charcoal,0.0,0.0,8,6,0,0,0.0,0.0,0.0
B01ES3M6OW,1800 Fitted Sheet,Twin,Emerald Green,0.0,0.0,4,7,0,0,0.0,0.0,0.0
B0BTZ4S1BW,1800 Bed Sheet Set 6 PIECE,Full,Emerald Green,0.0,0.0,2,1,0,0,0.0,0.0,0.0
B0BTZ6Q3QW,1800 Bed Sheet Set 6 PIECE,Queen,Yellow,0.0,0.0,28,26,0,0,0.0,0.0,0.0
B0CYCQQ89M,1800 Bed Sheet Set 6 PC With DEEP Fitted Sheet,King,Blue Nova,0.0,117.94,19,14,0,2,0.0,0.14285714285714285,-0.14285714285714285
B01ETTILRG,1800 Flat Sheet,California King,Emerald Green,0.0,19.97,5,6,0,1,0.0,0.16666666666666666,-0.16666666666666666
B0CYCQ94HT,1800 Bed Sheet Set 6 PC With DEEP Fitted Sheet,Full,Black,0.0,0.0,6,4,0,0,0.0,0.0,0.0
B07X1SS7N7,Cotton Flannel Sheet Set 160GSM,King,Pink,0.0,0.0,5,9,0,0,0.0,0.0,0.0
B0CYCQC3PJ,1800 Bed Sheet Set 6 PC With DEEP Fitted Sheet,Queen,Blush Pink,0.0,149.91,19,11,0,3,0.0,0.2727272727272727,-0.2727272727272727
B0822VTP9F,1800 Bed Sheet Set With DEEP Fitted Sheet,Twin,Beige,0.0,89.94,18,15,0,2,0.0,0.13333333333333333,-0.13333333333333333
B0BMBFH19B,1800 Pillowcase Set 2 pc,Set of 12 Standard Size,White,0.0,148.91,24,19,0,3,0.0,0.15789473684210525,-0.15789473684210525
B0BTZ6FYXD,1800 Bed Sheet Set 6 PIECE,California King,Sage,0.0,0.0,6,5,0,0,0.0,0.0,0.0
B08D137JFR,"1800 Fitted Sheet 21"" Deep",Twin XL,Lavender,0.0,0.0,9,7,0,0,0.0,0.0,0.0
B08XMXCVGJ,1800 Duvet Cover Set Velvet Stripe,Queen,White,0.0,0.0,6,8,0,0,0.0,0.0,0.0
B0BXTDFJ3S,Microfiber Pillow Covers w/zipper,16x16,Coverlet Olive Green,0.0,0.0,1,1,0,0,0.0,0.0,0.0
B01ES3LKR6,1800 Fitted Sheet,Twin,Gold,0.0,18.97,2,7,0,1,0.0,0.14285714285714285,-0.14285714285714285
B09QL94W51,Bundles,Queen,Gray,0.0,0.0,1,1,0,0,0.0,0.0,0.0
B01ETTIDMY,1800 Flat Sheet,Full,Lavender,0.0,0.0,7,7,0,0,0.0,0.0,0.0
B01ES3LD14,1800 Fitted Sheet,Twin,Mocha,0.0,9.48,0,8,0,1,,0.125,
B01ETTHN7U,1800 Flat Sheet,Full,Gray,0.0,0.0,12,15,0,0,0.0,0.0,0.0
B09PBTQ3ML,Bundles,BUNDLE,Light Gray,0.0,0.0,0,2,0,0,,0.0,
B01ETTGSFI,1800 Flat Sheet,King,Emerald Green,0.0,0.0,4,6,0,0,0.0,0.0,0.0
B0892NDBPD,1800 Flat Sheet,Queen,Spa Blue,0.0,37.94,10,6,0,2,0.0,0.3333333333333333,-0.3333333333333333
B0BTZ5T52H,1800 Bed Sheet Set 6 PIECE,Split King,Sage,0.0,0.0,4,10,0,0,0.0,0.0,0.0
B01ES3M4SA,1800 Fitted Sheet,Twin,Coral,0.0,37.94,7,7,0,2,0.0,0.2857142857142857,-0.2857142857142857
B08TRTM71S,1800 Flat Sheet,King,Teal,0.0,39.94,6,6,0,2,0.0,0.3333333333333333,-0.3333333333333333
B07YYBX99F,Silk Pillowcase,"King 20"" X 36""","White, Black Piping",0.0,0.0,4,7,0,0,0.0,0.0,0.0
B0BTZ6R4FW,1800 Bed Sheet Set 6 PIECE,Split King,Lavender,0.0,0.0,1,5,0,0,0.0,0.0,0.0
B0CJ9WGVM1,Bundles,Queen,White,0.0,0.0,3,2,0,0,0.0,0.0,0.0
B0822Z6C7P,1800 Bedskirt,Twin,Royal Blue,0.0,0.0,5,2,0,0,0.0,0.0,0.0
B01ETTG60A,1800 Flat Sheet,King,Brown,0.0,0.0,10,5,0,0,0.0,0.0,0.0
B0D7J69H6B,1800 Bed Sheet Set 6 PC With DEEP Fitted Sheet,Queen,Beige,0.0,199.88,24,19,0,4,0.0,0.21052631578947367,-0.21052631578947367
B08RZCL98X,1800 Bed Sheets,Twin XL,Blush Pink,0.0,174.85,0,77,0,5,,0.06493506493506493,
B01ES3ORXU,1800 Fitted Sheet,Full,Coral,0.0,0.0,3,3,0,0,0.0,0.0,0.0
B0CYCPB6JH,1800 Bed Sheet Set 6 PC With DEEP Fitted Sheet,California King,Hazy Lilac,0.0,59.97,2,4,0,1,0.0,0.25,-0.25
B08D12145H,"1800 Fitted Sheet 21"" Deep",Twin XL,Aqua,0.0,0.0,22,23,0,0,0.0,0.0,0.0
B08L6QYT3L,1800 Pillowcase Set 2 pc,1 Pillowcase Body,Black,0.0,29.94,9,11,0,2,0.0,0.18181818181818182,-0.18181818181818182
B01ES3NKDS,1800 Fitted Sheet,Twin XL,Emerald Green,0.0,0.0,3,12,0,0,0.0,0.0,0.0
B0CYCP355Y,1800 Bed Sheet Set 6 PC With DEEP Fitted Sheet,King,Navy Blue,0.0,117.94,7,12,0,2,0.0,0.16666666666666666,-0.16666666666666666
B01ES3N7Q8,1800 Fitted Sheet,Twin XL,Lavender,0.0,0.0,9,12,0,0,0.0,0.0,0.0
B09PBXKHHK,Bundles,BUNDLE,Gray,0.0,0.0,1,0,0,0,0.0,,
B08NPQ82QL,400TC Cotton Sheet Set,California King,Beige,0.0,0.0,1,0,0,0,0.0,,
B08NPRPVTT,400TC Cotton Sheet Set,Twin XL,Navy,0.0,0.0,3,0,0,0,0.0,,
B01ES3LVXE,1800 Fitted Sheet,Twin,Tan,0.0,0.0,4,5,0,0,0.0,0.0,0.0
B0FDX6VGTN,Unmapped,,,0.0,0.0,1,0,0,0,0.0,,
B09SQFZWQ1,1800 Pillowcase Set 2 pc,Set of 2 Standard Size,Madison Blue,0.0,17.97,19,18,0,1,0.0,0.05555555555555555,-0.05555555555555555
B08NPY95PW,400TC Cotton Sheet Set,California King,Green,0.0,0.0,2,0,0,0,0.0,,
B01MT8KYHK,1800 Bed Sheets,Split King,Royal Blue,0.0,46.97,7,19,0,1,0.0,0.05263157894736842,-0.05263157894736842
B0CJ9XVJPF,Bundles,Full,White,0.0,0.0,1,0,0,0,0.0,,
B0BNP4G464,Bundles,Queen,Colorful,0.0,0.0,0,1,0,0,,0.0,
B0CYCRLVKL,1800 Bed Sheet Set 6 PC With DEEP Fitted Sheet,Queen,Hazy Lilac,0.0,49.97,20,21,0,1,0.0,0.047619047619047616,-0.047619047619047616
B0BTZ5SDV8,1800 Bed Sheet Set 6 PIECE,Twin XL,Beige,0.0,0.0,26,21,0,0,0.0,0.0,0.0
B08TRQ44QX,1800 Flat Sheet,California King,Blush Pink,0.0,0.0,1,4,0,0,0.0,0.0,0.0
B0BTZ66G9R,1800 Bed Sheet Set 6 PIECE,Twin,Gray,0.0,75.18,3,8,0,2,0.0,0.25,-0.25
B0GGVY4RSF,Bundles_virtual,Twin XL,White,0.0,0.0,733,591,0,0,0.0,0.0,0.0
B0DGQQR6R8,1800 Bed Sheets,Twin XL,Oxford Stripe Sage,0.0,34.97,52,42,0,1,0.0,0.023809523809523808,-0.023809523809523808
B09P3ZMW7C,Bundles,BUNDLE,White,0.0,0.0,2,2,0,0,0.0,0.0,0.0
B08NPQFHBK,400TC Cotton Sheet Set,Twin XL,Gray,0.0,0.0,3,6,0,0,0.0,0.0,0.0
B08RZG1KTW,1800 Bed Sheets,Split King,Golden Ivory,0.0,0.0,76,71,0,0,0.0,0.0,0.0
B01ES3MUXO,1800 Fitted Sheet,Twin XL,Violet,0.0,0.0,5,9,0,0,0.0,0.0,0.0
B07X4WRZVN,Cotton Flannel Sheet Set 180GSM,Full,Light Gray Plaid,0.0,0.0,4,4,0,0,0.0,0.0,0.0
B0BTZ48312,1800 Bed Sheet Set 6 PIECE,California King,Blue Hydrangea,0.0,0.0,6,4,0,0,0.0,0.0,0.0
B0DGQQHL23,1800 Bed Sheets,California King,Oxford Stripe Sage,0.0,0.0,55,44,0,0,0.0,0.0,0.0
B08BZVYQ99,1800 Bed Sheet Set With DEEP Fitted Sheet,Split King,Emerald Green,0.0,0.0,21,23,0,0,0.0,0.0,0.0
B01DN0B4OO,1800 Bed Sheets,California King,Yellow,0.0,89.94,45,62,0,2,0.0,0.03225806451612903,-0.03225806451612903
B09SQF6K5D,1800 Duvet Cover Set,Queen,Sage,0.0,104.91,24,36,0,3,0.0,0.08333333333333333,-0.08333333333333333
B01ETTFMOQ,1800 Flat Sheet,King,Beige,0.0,39.94,15,13,0,2,0.0,0.15384615384615385,-0.15384615384615385
B01ETTDUK4,1800 Flat Sheet,Queen,Beige,0.0,18.97,7,7,0,1,0.0,0.14285714285714285,-0.14285714285714285
B0CLYF44J8,1800 Bed Sheets,Split King,Taupe,0.0,46.97,36,30,0,1,0.0,0.03333333333333333,-0.03333333333333333
B078SYGWWF,1800 Duvet Cover Set,King,Hotel White with Gray Embroidery,0.0,134.01,53,57,0,3,0.0,0.05263157894736842,-0.05263157894736842
B0GGVCX2G1,Bundles_virtual,King,White,0.0,0.0,18,19,0,0,0.0,0.0,0.0
B0CYCP394Q,1800 Bed Sheet Set 6 PC With DEEP Fitted Sheet,Queen,Sage,0.0,49.97,20,25,0,1,0.0,0.04,-0.04
B01ETTE0EO,1800 Flat Sheet,Twin,Beige,0.0,63.879999999999995,15,12,0,4,0.0,0.3333333333333333,-0.3333333333333333
B016P42UWA,1800 Bed Sheets,Twin XL,Brick Red,0.0,104.91,65,34,0,3,0.0,0.08823529411764706,-0.08823529411764706
B01ES3OCD0,1800 Fitted Sheet,Full,Purple,0.0,18.97,5,1,0,1,0.0,1.0,-1.0
B0822Y83D3,1800 Bedskirt,Twin,Beige,0.0,39.94,23,17,0,2,0.0,0.11764705882352941,-0.11764705882352941
B0BBMTWX36,Unmapped,,,0.0,0.0,3,1,0,0,0.0,0.0,0.0
B0DN236S12,Bundles,King,Gray,0.0,0.0,1,3,0,0,0.0,0.0,0.0
B0DN268KX6,Bundles,King,White,0.0,0.0,0,2,0,0,,0.0,
B0BTZ5CZGC,1800 Bed Sheet Set 6 PIECE,California King,Blush Pink,0.0,0.0,2,5,0,0,0.0,0.0,0.0
B01ETTFUGQ,1800 Flat Sheet,Twin XL,Aqua,0.0,0.0,2,4,0,0,0.0,0.0,0.0
B0B5HSBY5X,1800 Duvet Cover Set,Oversized King,Light Gray,0.0,0.0,5,11,0,0,0.0,0.0,0.0
B0822VJLK9,1800 Pillow Shams 2 piece,Standard,Brick Red,0.0,0.0,2,21,0,0,0.0,0.0,0.0
B0CYCRPGBJ,1800 Bed Sheet Set 6 PC With DEEP Fitted Sheet,California King,Sage,0.0,0.0,16,15,0,0,0.0,0.0,0.0
B08NPSG4YB,400TC Cotton Sheet Set,Queen,Light Blue,0.0,0.0,1,2,0,0,0.0,0.0,0.0
B0CJ9W1W39,Bundles,Queen,Gray,0.0,0.0,1,2,0,0,0.0,0.0,0.0
B0822TRHC4,"1800 Fitted Sheet 21"" Deep",Queen,Blue Hydrangea,0.0,23.97,24,32,0,1,0.0,0.03125,-0.03125
B0DTKQH91T,Unmapped,,,0.0,0.0,2,2,0,0,0.0,0.0,0.0
B01ES3N0BA,1800 Fitted Sheet,Twin XL,Purple,0.0,0.0,4,1,0,0,0.0,0.0,0.0
B0BMW4YJ1T,Bundles,Twin,Lavender/White,0.0,0.0,2,1,0,0,0.0,0.0,0.0
B01ETTHPUA,1800 Flat Sheet,California King,Violet,0.0,0.0,4,4,0,0,0.0,0.0,0.0
B08NPKNG2B,400TC Cotton Sheet Set,Queen,Burgundy,0.0,0.0,3,2,0,0,0.0,0.0,0.0
B0CYCQ212T,1800 Bed Sheet Set 6 PC With DEEP Fitted Sheet,Queen,Spa Blue,0.0,49.97,25,25,0,1,0.0,0.04,-0.04
B07J3TWWST,Cotton Flannel Sheet Set 180GSM,Twin,Gray,0.0,0.0,3,3,0,0,0.0,0.0,0.0
B0H8DHC5NK,Unmapped,,,0.0,0.0,0,1,0,0,,0.0,
B0BTZ6S4QR,1800 Bed Sheet Set 6 PIECE,King,Brown,0.0,52.97,21,17,0,1,0.0,0.058823529411764705,-0.058823529411764705
B0822WXH7Z,"1800 Fitted Sheet 21"" Deep",Twin XL,Light Gray,0.0,65.91,29,9,0,3,0.0,0.3333333333333333,-0.3333333333333333
B01ETTDVSK,1800 Flat Sheet,Queen,Navy Blue,0.0,0.0,8,10,0,0,0.0,0.0,0.0
B08XMY6LHV,1800 Duvet Cover Set Velvet Stripe,Twin,Gray,0.0,0.0,6,2,0,0,0.0,0.0,0.0
B0822Z1N5D,1800 Bedskirt,King,Black,0.0,22.97,16,14,0,1,0.0,0.07142857142857142,-0.07142857142857142
B0822ZKT44,1800 Bedskirt,Twin XL,Brick Red,0.0,39.94,4,9,0,2,0.0,0.2222222222222222,-0.2222222222222222
B07YYCMGJH,Silk Pillowcase,"Body 20"" X 54""",Dark Gray,0.0,0.0,3,5,0,0,0.0,0.0,0.0
B0BXTPG1HY,Microfiber Pillow Covers w/zipper,16x16,Coverlet Black,0.0,0.0,3,4,0,0,0.0,0.0,0.0
B095KKH6MN,1800 Ultrasonic Coverlet,Twin,Paloma Beige,0.0,0.0,36,51,0,0,0.0,0.0,0.0
B0B5HTGS75,1800 Duvet Cover Set,Oversized Queen,Black,0.0,0.0,2,4,0,0,0.0,0.0,0.0
B0DN2G9G7L,Bundles,King,Gray,0.0,0.0,1,2,0,0,0.0,0.0,0.0
B079YXSQ5C,1800 Duvet Cover Set,Twin,White,0.0,194.67000000000002,64,62,0,7,0.0,0.11290322580645161,-0.11290322580645161
B098PCK3R7,Velvet Ultrasonic Coverlet,Full-Queen,Blush Pink,0.0,0.0,8,14,0,0,0.0,0.0,0.0
B0BTZ6RFZR,1800 Bed Sheet Set 6 PIECE,King,Black,0.0,52.97,11,10,0,1,0.0,0.1,-0.1
B0D7J5RP1G,1800 Bed Sheet Set 6 PC With DEEP Fitted Sheet,California King,Golden Ivory,0.0,79.96,8,22,0,2,0.0,0.09090909090909091,-0.09090909090909091
B08NPTGRG6,400TC Cotton Sheet Set,King,Denim Blue,0.0,0.0,8,4,0,0,0.0,0.0,0.0
B07YYBH2T9,Silk Pillowcase,"Throw 18"" X 18""","White, Black Piping",0.0,0.0,3,5,0,0,0.0,0.0,0.0
B0822WWR9B,1800 Pillow Shams 2 piece,Standard,Navy Blue,0.0,74.85,13,18,0,5,0.0,0.2777777777777778,-0.2777777777777778
B08TRRBKDT,1800 Flat Sheet,Queen,Golden Ivory,0.0,0.0,4,4,0,0,0.0,0.0,0.0
B07YYLTXKZ,Cotton Flannel Sheet Set 160GSM,Twin,Burgundy,0.0,0.0,2,2,0,0,0.0,0.0,0.0
B0D7J7G354,1800 Bed Sheet Set 6 PC With DEEP Fitted Sheet,California King,Beige,0.0,0.0,8,4,0,0,0.0,0.0,0.0
B08NPYXYHY,400TC Cotton Sheet Set,King,Light Blue,0.0,0.0,3,4,0,0,0.0,0.0,0.0
B01NCLWHO4,Cotton Flannel Sheet Set 160GSM,California King,Navy,0.0,0.0,6,5,0,0,0.0,0.0,0.0
B01N0R133G,Cotton Flannel Sheet Set 160GSM,Twin XL,Blue,0.0,0.0,10,7,0,0,0.0,0.0,0.0
B01N2U4UA3,Cotton Flannel Sheet Set 160GSM,King,Burgundy,0.0,0.0,7,10,0,0,0.0,0.0,0.0
B0CYCPQ54K,1800 Bed Sheet Set 6 PC With DEEP Fitted Sheet,Full,Aqua,0.0,0.0,7,3,0,0,0.0,0.0,0.0
B07X3WN9MY,Cotton Flannel Sheet Set 180GSM,King,Navy,0.0,0.0,8,5,0,0,0.0,0.0,0.0
B0CJ9WJCQW,Bundles,King,White,0.0,0.0,0,1,0,0,,0.0,
B09P1VDYCX,Bundles,BUNDLE,White,0.0,0.0,8,16,0,0,0.0,0.0,0.0
B0H6XN2CRL,Unmapped,,,0.0,0.0,1,1,0,0,0.0,0.0,0.0
B07YY9Z2JF,Silk Pillowcase,"Standard 20"" X 26""",Pink,0.0,0.0,8,6,0,0,0.0,0.0,0.0
B01ES3OGYA,1800 Fitted Sheet,California King,Purple,0.0,0.0,0,2,0,0,,0.0,
B0BTZ6DW43,1800 Bed Sheet Set 6 PIECE,Split King,Blue Hydrangea,0.0,0.0,7,19,0,0,0.0,0.0,0.0
B08NPTCFMC,400TC Cotton Sheet Set,Full,Ivory,0.0,0.0,2,3,0,0,0.0,0.0,0.0
B07MS7QWTG,1800 Duvet Cover Set,King,Black,0.0,36.97,15,22,0,1,0.0,0.045454545454545456,-0.045454545454545456
B0CYCQ2TNH,1800 Bed Sheet Set 6 PC With DEEP Fitted Sheet,Queen,Taupe,0.0,0.0,14,16,0,0,0.0,0.0,0.0
B0GGW7VNBM,Bundles_virtual,Queen,White,0.0,0.0,4,2,0,0,0.0,0.0,0.0
B0CYCNPNLC,1800 Bed Sheet Set 6 PC With DEEP Fitted Sheet,California King,Light Gray,0.0,0.0,0,7,0,0,,0.0,
B07X3VMFKQ,Cotton Flannel Sheet Set 180GSM,Full,Floral Feathers,0.0,0.0,4,9,0,0,0.0,0.0,0.0
B09PBTJ5NG,Bundles,BUNDLE,White,0.0,0.0,1,2,0,0,0.0,0.0,0.0
B0CLYBGP2S,1800 Bed Sheets,Twin,Taupe,0.0,0.0,15,20,0,0,0.0,0.0,0.0
B0BTZ4V7MT,1800 Bed Sheet Set 6 PIECE,Queen,Coral,0.0,87.94,23,27,0,2,0.0,0.07407407407407407,-0.07407407407407407
B01N4E6W8F,Cotton Flannel Sheet Set 160GSM,Full,White,0.0,0.0,5,5,0,0,0.0,0.0,0.0
B08YPBNF54,Ruffle Skirt Bedspread Ruffle,Full,Ruffle Gray,0.0,0.0,5,5,0,0,0.0,0.0,0.0
B0DN24S1Z1,Bundles,Queen,Light Gray,0.0,0.0,0,2,0,0,,0.0,
B01NCMALG3,Cotton Flannel Sheet Set 160GSM,Twin,Blue,0.0,0.0,5,2,0,0,0.0,0.0,0.0
B01ES3O7HG,1800 Fitted Sheet,Full,Violet,0.0,0.0,2,6,0,0,0.0,0.0,0.0
B0B9ZV7Z4J,Faux Leather Pillow Cover,18x18 Throw 2 Pack,Brown,0.0,0.0,5,10,0,0,0.0,0.0,0.0
B0DGQR27PJ,1800 Bed Sheets,Twin XL,Oxford Stripe Blue Nova,0.0,34.97,80,53,0,1,0.0,0.018867924528301886,-0.018867924528301886
B0CYCRC9TK,1800 Bed Sheet Set 6 PC With DEEP Fitted Sheet,California King,Blush Pink,0.0,0.0,1,3,0,0,0.0,0.0,0.0
B01ES3OWTE,1800 Fitted Sheet,California King,Coral,0.0,0.0,1,2,0,0,0.0,0.0,0.0
B08NPRM8MG,400TC Cotton Sheet Set,California King,Light Gray,0.0,0.0,2,1,0,0,0.0,0.0,0.0
B07J3SN523,Cotton Flannel Sheet Set 180GSM,King,White,0.0,263.88,28,27,0,4,0.0,0.14814814814814814,-0.14814814814814814
B0822XPVC9,1800 Bedskirt,Queen,Royal Blue,0.0,0.0,12,6,0,0,0.0,0.0,0.0
B08BZX1V5H,1800 Bed Sheet Set With DEEP Fitted Sheet,California King,Emerald Green,0.0,51.97,52,32,0,1,0.0,0.03125,-0.03125
B08CHPM1CK,1800 Ultrasonic Coverlet,Twin,Gray,0.0,0.0,35,44,0,0,0.0,0.0,0.0
B08NPTYVK7,400TC Cotton Sheet Set,California King,Denim Blue,0.0,0.0,2,3,0,0,0.0,0.0,0.0
B01ETTHPD2,1800 Flat Sheet,Full,Navy Blue,0.0,0.0,2,4,0,0,0.0,0.0,0.0
B0GGVC7Q3M,Bundles_virtual,Standard,White,0.0,0.0,18,13,0,0,0.0,0.0,0.0
B00O35D014,1800 Bed Sheets,California King,Purple,0.0,89.94,32,46,0,2,0.0,0.043478260869565216,-0.043478260869565216
B0CYCPYDS6,1800 Bed Sheet Set 6 PC With DEEP Fitted Sheet,Full,Taupe,0.0,0.0,8,9,0,0,0.0,0.0,0.0
B0BTZ4QXLJ,1800 Bed Sheet Set 6 PIECE,California King,Navy Blue,0.0,54.97,4,7,0,1,0.0,0.14285714285714285,-0.14285714285714285
B0CYCPCC58,1800 Bed Sheet Set 6 PC With DEEP Fitted Sheet,California King,Tan,0.0,0.0,4,8,0,0,0.0,0.0,0.0
B08V8ZVGQ6,1800 Bed Sheets,RV / Short Queen,Brick Red,0.0,0.0,12,17,0,0,0.0,0.0,0.0
B08TRPK4KV,1800 Fitted Sheet,Full,Teal,0.0,0.0,4,7,0,0,0.0,0.0,0.0
B08TRRY8RX,1800 Fitted Sheet,Twin XL,Dark Taupe,0.0,0.0,6,9,0,1,0.0,0.1111111111111111,-0.1111111111111111
B010LB05D4,1800 Pillowcase Set 2 pc,Set of 2 King Size,Striped Light Blue,0.0,13.48,1,3,0,1,0.0,0.3333333333333333,-0.3333333333333333
B08NPP9P15,400TC Cotton Sheet Set,Twin XL,White,0.0,0.0,2,5,0,0,0.0,0.0,0.0
B078STM7RW,1800 Duvet Cover Set,Queen,Hotel White with Gray Embroidery,0.0,79.94,55,71,0,2,0.0,0.028169014084507043,-0.028169014084507043
B08TRSR2QF,1800 Flat Sheet,Queen,Blush Pink,0.0,0.0,9,7,0,0,0.0,0.0,0.0
B01ES3N8F8,1800 Fitted Sheet,King,Brick Red,0.0,0.0,5,4,0,0,0.0,0.0,0.0
B01ES3LXCI,1800 Fitted Sheet,Twin,Royal Blue,0.0,0.0,4,6,0,0,0.0,0.0,0.0
B08NPKCWCT,400TC Cotton Sheet Set,California King,Light Blue,0.0,0.0,0,4,0,0,,0.0,
B07X1SSD9W,Cotton Flannel Sheet Set 160GSM,Twin,Light Blue Plaid,0.0,0.0,3,5,0,0,0.0,0.0,0.0
B0BTZ5JV9H,1800 Bed Sheet Set 6 PIECE,California King,Aqua,0.0,0.0,5,3,0,0,0.0,0.0,0.0
B0BTZ4TM7G,1800 Bed Sheet Set 6 PIECE,California King,Yellow,0.0,0.0,5,6,0,0,0.0,0.0,0.0
B09PBTLVSG,Bundles,BUNDLE,Gray,0.0,0.0,0,1,0,0,,0.0,
B0822W322Q,1800 Bed Sheet Set With DEEP Fitted Sheet,Split King,Royal Blue,0.0,99.94,12,10,0,2,0.0,0.2,-0.2
B08CZZWCJ5,"1800 Fitted Sheet 21"" Deep",Queen,Purple,0.0,0.0,22,15,0,0,0.0,0.0,0.0
B0BTZ6N5GC,1800 Bed Sheet Set 6 PIECE,Twin,Emerald Green,0.0,113.91,6,5,0,3,0.0,0.6,-0.6
B08L3ZBPQ3,Silk Pillowcase,"King 20"" X 36""",Light Green,0.0,0.0,4,4,0,0,0.0,0.0,0.0
B07M6VHK9G,1800 Duvet Cover Set,Queen,Black,0.0,0.0,11,19,0,0,0.0,0.0,0.0
B07X4YQGYN,Cotton Flannel Sheet Set 180GSM,Twin,Burgundy Plaid,0.0,0.0,7,3,0,0,0.0,0.0,0.0
B01N9HT80N,Cotton Flannel Sheet Set 160GSM,Twin,Beige,0.0,0.0,14,16,0,0,0.0,0.0,0.0
B0B5HSDTJP,1800 Duvet Cover Set,Oversized Queen,White,0.0,0.0,25,36,0,0,0.0,0.0,0.0
B097YXVHZS,Duvet Cover Set Flannel,King-California King,Sage,0.0,0.0,6,5,0,0,0.0,0.0,0.0
B01ES3NNP8,1800 Fitted Sheet,Twin XL,Persimmon,0.0,0.0,2,3,0,0,0.0,0.0,0.0
B01ES3P14Y,1800 Fitted Sheet,California King,Persimmon,0.0,0.0,2,4,0,0,0.0,0.0,0.0
B08KHCVCMS,1800 Ultrasonic Coverlet,Twin,Rosette Gray,0.0,48.97,35,59,0,1,0.0,0.01694915254237288,-0.01694915254237288
B0CYCN8T3Y,1800 Bed Sheet Set 6 PC With DEEP Fitted Sheet,California King,Lavender,0.0,0.0,1,4,0,0,0.0,0.0,0.0
B0822ZGPDG,1800 Bedskirt,Twin XL,Spa Blue,0.0,19.97,24,11,0,1,0.0,0.09090909090909091,-0.09090909090909091
B0BTZ5LZSN,1800 Bed Sheet Set 6 PIECE,Split King,Blush Pink,0.0,0.0,2,7,0,0,0.0,0.0,0.0
B01ES3NOPM,1800 Fitted Sheet,King,Coral,0.0,21.97,8,8,0,1,0.0,0.125,-0.125
B07YYKZTKW,Cotton Flannel Sheet Set 160GSM,Twin XL,Burgundy,0.0,0.0,8,5,0,0,0.0,0.0,0.0
B01ETTGC04,1800 Flat Sheet,King,Black,0.0,0.0,5,5,0,0,0.0,0.0,0.0
B08D111DYP,"1800 Fitted Sheet 21"" Deep",Twin XL,Brown,0.0,0.0,3,2,0,0,0.0,0.0,0.0
B096MTK6H5,Duvet Cover Set Faux Fur,Queen,Faux Fur - Black,0.0,0.0,2,5,0,0,0.0,0.0,0.0
B09ZPWGR9B,Bundles,Full,White,0.0,0.0,2,4,0,0,0.0,0.0,0.0
B0BTZ85LRT,1800 Bed Sheet Set 6 PIECE,California King,Gray,0.0,0.0,6,7,0,0,0.0,0.0,0.0
B08TRTB2DF,1800 Flat Sheet,Twin,Sage,0.0,0.0,6,7,0,0,0.0,0.0,0.0
B08TRQ3PGB,1800 Fitted Sheet,Twin,Teal,0.0,0.0,2,3,0,0,0.0,0.0,0.0
B0BTZ6C48G,1800 Bed Sheet Set 6 PIECE,Twin,Golden Ivory,0.0,75.18,20,12,0,2,0.0,0.16666666666666666,-0.16666666666666666
B01ETTISKG,1800 Flat Sheet,California King,Spa Mint,0.0,0.0,4,7,0,0,0.0,0.0,0.0
B0DN22LDSC,Bundles,Queen,White,0.0,0.0,5,6,0,0,0.0,0.0,0.0
B01ETTHW7G,1800 Flat Sheet,California King,Purple,0.0,0.0,6,9,0,0,0.0,0.0,0.0
B0822Z1P7N,1800 Bedskirt,Twin,Navy Blue,0.0,0.0,4,5,0,0,0.0,0.0,0.0
B0BTZ356YF,1800 Bed Sheet Set 6 PIECE,Full,Navy Blue,0.0,0.0,7,4,0,0,0.0,0.0,0.0
B08NPNP2WT,400TC Cotton Sheet Set,Full,Green,0.0,0.0,0,4,0,0,,0.0,
B0892N55VZ,1800 Fitted Sheet,Twin,Spa Blue,0.0,0.0,4,5,0,0,0.0,0.0,0.0
B0BTZ3TJ85,1800 Bed Sheet Set 6 PIECE,Full,Yellow,0.0,0.0,11,11,0,0,0.0,0.0,0.0
B0892NN6XL,1800 Flat Sheet,California King,Spa Blue,0.0,0.0,3,7,0,0,0.0,0.0,0.0
B0822YSQQG,1800 Bedskirt,Full,Blue Hydrangea,0.0,99.85,15,21,0,5,0.0,0.23809523809523808,-0.23809523809523808
B01ES3OIE8,1800 Fitted Sheet,Full,Lavender,0.0,0.0,2,7,0,0,0.0,0.0,0.0
B0CYCQ4MC5,1800 Bed Sheet Set 6 PC With DEEP Fitted Sheet,Full,Blue Hydrangea,0.0,0.0,14,9,0,0,0.0,0.0,0.0
B09P1TQHWY,Bundles,BUNDLE,White,0.0,0.0,3,4,0,0,0.0,0.0,0.0
B0CJ9YC7Q8,Bundles,Queen,Light Gray,0.0,0.0,1,2,0,0,0.0,0.0,0.0
B096MX1T2H,Duvet Cover Set Faux Fur,King,Faux Fur - Black,0.0,0.0,5,5,0,0,0.0,0.0,0.0
B01ES3MCM8,1800 Fitted Sheet,Twin,Pink,0.0,18.97,10,12,0,1,0.0,0.08333333333333333,-0.08333333333333333
B0B5HTK9GV,1800 Duvet Cover Set,Oversized King,Black,0.0,0.0,6,7,0,0,0.0,0.0,0.0
B0BTZ74YXG,1800 Bed Sheet Set 6 PIECE,Split King,Golden Ivory,0.0,57.97,8,13,0,1,0.0,0.07692307692307693,-0.07692307692307693
B0892NS1YD,1800 Fitted Sheet,Full,Spa Blue,0.0,18.97,3,6,0,1,0.0,0.16666666666666666,-0.16666666666666666
B0CYCQLNLX,1800 Bed Sheet Set 6 PC With DEEP Fitted Sheet,Full,Emerald Green,0.0,0.0,10,3,0,0,0.0,0.0,0.0
B0CYCR9GW5,1800 Bed Sheet Set 6 PC With DEEP Fitted Sheet,Queen,Brown,0.0,0.0,10,7,0,0,0.0,0.0,0.0
B08TRR95RM,1800 Fitted Sheet,King,Sage,0.0,43.94,0,15,0,2,,0.13333333333333333,
B08TRSWRFS,1800 Flat Sheet,California King,Teal,0.0,19.97,2,4,0,1,0.0,0.25,-0.25
B01ES3MYOY,1800 Fitted Sheet,Twin XL,Brown,0.0,37.94,5,5,0,2,0.0,0.4,-0.4
B0GHK4B6LH,Bundles_virtual,Full,White,0.0,0.0,292,288,0,0,0.0,0.0,0.0
B08NPPSR1F,400TC Cotton Sheet Set,King,Green,0.0,0.0,3,3,0,0,0.0,0.0,0.0
B07YYCK27R,Silk Pillowcase,"Standard 20"" X 26""",Black,0.0,0.0,9,7,0,0,0.0,0.0,0.0
B01ES3N286,1800 Fitted Sheet,Twin XL,Brick Red,0.0,0.0,2,8,0,0,0.0,0.0,0.0
B0CYCPRX95,1800 Bed Sheet Set 6 PC With DEEP Fitted Sheet,Full,Gray,0.0,0.0,8,5,0,0,0.0,0.0,0.0
B0BTZ6C2CX,1800 Bed Sheet Set 6 PIECE,Split King,Coral,0.0,0.0,4,4,0,0,0.0,0.0,0.0
B09K7NWF3H,Bundles,BUNDLE,Light Gray,0.0,0.0,1,2,0,0,0.0,0.0,0.0
B0822WCBNG,"1800 Fitted Sheet 21"" Deep",Twin XL,Navy Blue,0.0,0.0,3,3,0,0,0.0,0.0,0.0
B07YYCDGFZ,Silk Pillowcase,"Body 20"" X 54""",Black,0.0,49.97,2,3,0,1,0.0,0.3333333333333333,-0.3333333333333333
B01ES3OAJQ,1800 Fitted Sheet,California King,Aqua,0.0,21.97,0,4,0,1,,0.25,
B01ETTEHOC,1800 Flat Sheet,Queen,Black,0.0,37.94,5,4,0,2,0.0,0.5,-0.5
B08TRSK3WJ,1800 Fitted Sheet,Twin XL,Teal,0.0,0.0,1,3,0,0,0.0,0.0,0.0
B0BTZ7XWCV,1800 Bed Sheet Set 6 PIECE,Full,Purple,0.0,38.97,8,5,0,1,0.0,0.2,-0.2
B01ETTHTP6,1800 Flat Sheet,California King,Brown,0.0,19.97,2,3,0,1,0.0,0.3333333333333333,-0.3333333333333333
B08TRQBMZD,1800 Fitted Sheet,California King,Golden Ivory,0.0,21.97,2,4,0,1,0.0,0.25,-0.25
B08NPRQW9G,400TC Cotton Sheet Set,Twin XL,Light Gray,0.0,0.0,4,6,0,0,0.0,0.0,0.0
B0BTZ4HCRP,1800 Bed Sheet Set 6 PIECE,Full,Gray,0.0,311.76,9,11,0,8,0.0,0.7272727272727273,-0.7272727272727273
B0CYCPX4BZ,1800 Bed Sheet Set 6 PC With DEEP Fitted Sheet,King,Brown,0.0,58.97,11,14,0,1,0.0,0.07142857142857142,-0.07142857142857142
B0CNWH9YHL,1800 Pillowcase Set 2 pc,Set of 2 Standard Size,Taupe,0.0,0.0,12,2,0,0,0.0,0.0,0.0
B01ETTI5CC,1800 Flat Sheet,California King,Lavender,0.0,39.94,5,6,0,2,0.0,0.3333333333333333,-0.3333333333333333
B0822YSHTY,1800 Bedskirt,Cal King,White,0.0,68.45,0,9,0,3,,0.3333333333333333,
B01ES3ME9Y,1800 Fitted Sheet,Twin,Spa Mint,0.0,0.0,6,6,0,0,0.0,0.0,0.0
B0BTZ3TTFC,1800 Bed Sheet Set 6 PIECE,King,Brick Red,0.0,0.0,14,7,0,0,0.0,0.0,0.0
B09JB1HWPF,Bundles,BUNDLE,White,0.0,0.0,3,0,0,0,0.0,,
B08YP663VF,Ruffle Skirt Bedspread Ruffle,King,Ruffle White,0.0,0.0,2,0,0,0,0.0,,
B08NPN3JZX,400TC Cotton Sheet Set,Queen,Navy,0.0,0.0,7,8,0,0,0.0,0.0,0.0
