asin,collection,size,color,sales,prior_sales,sessions,prior_sessions,units,prior_units,conversion,prior_conversion,conversion_change_pp,sales_delta,sales_wow
B00NLLUMOE,1800 Bed Sheets,Queen,White,47890.86,50143.81,21410,21487,1304,1365,0.06090611863615133,0.06352678363661748,-0.002620665000466156,-2252.949999999997,-0.04492977298693492
B00NQDGAP2,1800 Bed Sheets,King,White,31350.190000000002,34505.700000000004,7685,16972,773,851,0.10058555627846454,0.05014140938015555,0.050444146898308985,-3155.510000000002,-0.09144894901422089
B00O35DAL4,1800 Bed Sheets,Full,White,16472.67,17484.36,3023,3156,475,500,0.157128680119087,0.15842839036755388,-0.0012997102484668677,-1011.6900000000023,-0.05786256974804924
B0822X1VP7,1800 Bed Sheet Set With DEEP Fitted Sheet,King,White,11456.009999999998,9982.98,2195,2379,226,196,0.1029612756264237,0.08238755779739386,0.020573717829029836,1473.0299999999988,0.14755413714141458
B016P42ARU,1800 Bed Sheets,Twin XL,White,9777.199999999999,9077.8,1527,1647,299,274,0.19580877537655533,0.16636308439587127,0.02944569098068406,699.3999999999996,0.07704509903280528
B0822X4TLW,1800 Bed Sheet Set With DEEP Fitted Sheet,Queen,White,9157.27,7089.65,2098,2456,198,151,0.09437559580552908,0.061482084690553745,0.032893511114975335,2067.620000000001,0.2916392205539062
B00O35CWQ8,1800 Bed Sheets,Twin,White,7258.36,9646.82,738,1487,209,276,0.28319783197831977,0.18560860793544048,0.09758922404287929,-2388.46,-0.24759039766472268
B00SBZJ8NG,1800 Bed Sheets,Queen,Light Gray,6428.7699999999995,6111.41,2038,2184,161,154,0.07899901864573111,0.07051282051282051,0.0084861981329106,317.3599999999997,0.051929096558731895
B0CLYC7B2G,1800 Bed Sheets,Queen,Ivory,4953.880000000001,4794.8,2124,2435,124,121,0.0583804143126177,0.04969199178644764,0.00868842252617006,159.08000000000084,0.03317760907649971
B08RZDBZZJ,1800 Bed Sheets,Queen,Golden Ivory,4953.08,4196.85,1951,2059,124,105,0.06355715017939519,0.05099562894609033,0.012561521233304854,756.2299999999996,0.18018990433301155
B0CLYDPTWV,1800 Bed Sheets,King,Ivory,3953.2699999999995,3650.7300000000005,1502,1899,93,85,0.061917443408788284,0.04476040021063718,0.017157043198151103,302.53999999999905,0.08287109701347375
B00NLLUNSE,1800 Bed Sheets,Queen,Beige,3634.07,2913.81,1115,1835,91,74,0.08161434977578476,0.040326975476839236,0.04128737429894552,720.2600000000002,0.24718838908508112
B00SU0QSZ8,1800 Bed Sheets,King,Light Gray,3561.35,3299.23,1011,1223,86,77,0.08506429277942631,0.06295993458708095,0.022104358192345366,262.1199999999999,0.07944884109322475
B08RZBVSZR,1800 Bed Sheets,Queen,Blush Pink,3355.88,3474.19,1415,1554,85,87,0.06007067137809187,0.055984555984555984,0.004086115393535886,-118.30999999999995,-0.03405398092792851
B08RZFVS95,1800 Bed Sheets,Queen,Sage,3316.7099999999996,2636.42,1219,1291,85,66,0.06972928630024611,0.05112316034082107,0.01860612595942504,680.2899999999995,0.2580355178613421
B00NLLUP4G,1800 Bed Sheets,Queen,Gray,3116.06,3953.03,1417,1506,79,99,0.05575158786167961,0.06573705179282868,-0.009985463931149074,-836.9700000000003,-0.211728724548005
B0822Y7786,1800 Bed Sheet Set With DEEP Fitted Sheet,Full,White,2849.2200000000003,1790.99,474,695,62,40,0.1308016877637131,0.05755395683453238,0.07324773092918072,1058.2300000000002,0.5908631538981235
B01DN0AJXQ,1800 Bed Sheets,Queen,Blue Hydrangea,2836.2699999999995,3475.79,1154,1338,71,88,0.06152512998266898,0.06576980568011959,-0.0042446756974506075,-639.5200000000004,-0.1839927038169741
B08RZCYC5X,1800 Bed Sheets,King,Golden Ivory,2836.02,3092.98,1233,1603,66,72,0.0535279805352798,0.044915782907049284,0.008612197628230518,-256.96000000000004,-0.0830784550821538
B0CNRZBCFQ,1800 Bed Sheets,Queen,Sky Blue,2635.62,2198.35,990,1235,66,55,0.06666666666666667,0.044534412955465584,0.02213225371120108,437.27,0.1989082721131758
B01DN0AQN4,1800 Bed Sheets,King,Blue Hydrangea,2577.34,1847.71,687,865,60,43,0.08733624454148471,0.04971098265895954,0.03762526188252517,729.6300000000001,0.3948833962039498
B00RKHWJ1O,1800 Pillowcase Set 2 pc,Set of 2 Standard Size,White,2551.38,2023.1900000000003,493,483,142,113,0.2880324543610548,0.23395445134575568,0.05407800301529911,528.1899999999998,0.2610679174966265
B07R5VP98P,1800 Bed Sheets,Queen,Pinstripe Gray,2396.6,2477.34,774,834,60,62,0.07751937984496124,0.07434052757793765,0.0031788522670235936,-80.74000000000024,-0.032591408526887806
B00NQDGBTC,1800 Bed Sheets,King,Beige,2363.35,1974.9,639,685,55,46,0.08607198748043818,0.06715328467153285,0.018918702808905327,388.4499999999998,0.19669350346852996
B01DN0AW8I,1800 Bed Sheets,King,Spa Mint,2359.91,1932.79,878,1103,55,46,0.06264236902050115,0.04170444242973708,0.020937926590764065,427.1199999999999,0.2209862426854443
B00SUF39K0,1800 Bed Sheets,Full,Light Gray,2201.5,1516.52,449,438,58,41,0.1291759465478842,0.09360730593607305,0.03556864061181114,684.98,0.4516788436683987
B01DN0AOW2,1800 Bed Sheets,Queen,Spa Mint,2155.98,2597.25,1403,1620,55,66,0.039201710620099785,0.040740740740740744,-0.0015390301206409593,-441.27,-0.16989893156222927
B08RZDH679,1800 Bed Sheets,King,Sage,2062.56,1804.7399999999998,755,870,48,42,0.06357615894039735,0.04827586206896552,0.015300296871431834,257.82000000000016,0.14285714285714296
B08RZF62QM,1800 Bed Sheets,Full,Blush Pink,2048.86,1404.13,667,612,54,37,0.08095952023988005,0.06045751633986928,0.020502003900010772,644.73,0.4591668862569705
B0CLY99SL5,1800 Bed Sheets,Full,Ivory,1822.56,1556.0099999999998,650,659,48,41,0.07384615384615385,0.0622154779969651,0.011630675849188754,266.5500000000002,0.17130352632695178
B00NQDGCW8,1800 Bed Sheets,King,Gray,1801.3,3522.6499999999996,614,664,42,83,0.06840390879478828,0.125,-0.056596091205211724,-1721.3499999999997,-0.4886520091408456
B0822W82LP,1800 Bed Sheet Set With DEEP Fitted Sheet,King,Blue Hydrangea,1766.98,1351.22,341,331,34,26,0.09970674486803519,0.07854984894259819,0.021156895925437,415.76,0.30769230769230765
B0DGQSDWFD,1800 Bed Sheets,Queen,Mineral Gray,1717.91,1478.89,1116,1173,43,37,0.03853046594982079,0.03154305200341006,0.006987413946410732,239.01999999999998,0.16162121591193393
B0822WHPQZ,1800 Bed Sheet Set With DEEP Fitted Sheet,Queen,Blue Hydrangea,1649.0099999999998,1098.34,333,360,33,22,0.0990990990990991,0.06111111111111111,0.03798798798798799,550.6699999999998,0.5013656973250541
B07BKMXCYF,1800 Bed Sheets,Queen,Spa Blue,1637.9699999999998,1478.8899999999999,1090,1041,41,37,0.03761467889908257,0.03554274735830932,0.0020719315407732516,159.07999999999993,0.10756716185787986
B0112XPNDW,1800 Bed Sheets,Queen,Tan,1598.0,1438.92,508,511,40,36,0.07874015748031496,0.07045009784735812,0.008290059632956842,159.07999999999993,0.11055513857615429
B00NLNDP1Y,1800 Bed Sheets,Queen,Aqua,1557.23,1356.58,1042,1080,40,34,0.03838771593090211,0.03148148148148148,0.00690623444942063,200.6500000000001,0.14790871161302696
B0112XNCS0,1800 Bed Sheets,King,Tan,1545.2,1971.46,424,421,36,46,0.08490566037735849,0.10926365795724466,-0.024357997579886173,-426.26,-0.21621539366763717
B00O35DNS4,1800 Bed Sheets,California King,White,1527.18,2425.6800000000003,416,477,34,54,0.08173076923076923,0.11320754716981132,-0.03147677793904209,-898.5000000000002,-0.37041159592361733
B0BMW6K3FD,1800 Bed Sheet Set With DEEP Fitted Sheet,King,Sage,1507.13,1507.1299999999999,316,354,29,29,0.09177215189873418,0.08192090395480225,0.009851247943931926,2.2737367544323206e-13,1.5086533705999622e-16
B08BZY7QCJ,1800 Bed Sheet Set With DEEP Fitted Sheet,King,Tan,1507.13,1559.1,297,304,29,30,0.09764309764309764,0.09868421052631579,-0.0010411128832181482,-51.9699999999998,-0.03333333333333321
B0BTZ5HGMB,1800 Bed Sheet Set 6 PIECE,Queen,White,1505.0900000000001,4816.25,627,673,37,120,0.05901116427432217,0.17830609212481427,-0.1192949278504921,-3311.16,-0.6874975343887879
B0BMW9MMY9,1800 Bed Sheet Set With DEEP Fitted Sheet,King,Golden Ivory,1504.63,1922.8899999999999,434,461,29,37,0.06682027649769585,0.08026030368763558,-0.013440027189939724,-418.25999999999976,-0.2175163425884995
B07R5VPFDK,1800 Bed Sheets,King,Laced Sky Blue,1503.0899999999997,1245.27,349,423,36,29,0.10315186246418338,0.06855791962174941,0.03459394284243397,257.8199999999997,0.2070394372304799
B0CNRZ4Y1C,1800 Bed Sheets,Queen,Blue Nova,1438.9199999999998,1512.06,548,607,36,39,0.06569343065693431,0.0642504118616145,0.0014430187953198143,-73.1400000000001,-0.04837109638506415
B07RC2W7Q8,1800 Bed Sheets,Queen,Laced Sky Blue,1438.1200000000003,1279.04,462,513,36,32,0.07792207792207792,0.06237816764132553,0.015543910280752388,159.08000000000038,0.12437453089817394
B01CYLCQEK,1800 Bed Sheets,Queen,Paisley Gray,1398.9499999999998,1558.83,923,1220,35,39,0.03791982665222102,0.031967213114754096,0.005952613537466921,-159.8800000000001,-0.10256410256410264
B00RKHX3E6,1800 Pillowcase Set 2 pc,Set of 2 King Size,White,1380.81,1220.88,210,220,77,69,0.36666666666666664,0.31363636363636366,0.05303030303030298,159.92999999999984,0.13099567525063874
B0822XGGJ6,1800 Bed Sheet Set With DEEP Fitted Sheet,Queen,Light Gray,1349.1899999999998,1198.28,398,422,27,24,0.0678391959798995,0.05687203791469194,0.01096715806520756,150.90999999999985,0.12593884567880617
B00NQDGK3O,1800 Bed Sheets,King,Brown,1331.2099999999998,1288.24,456,513,31,30,0.06798245614035088,0.05847953216374269,0.009502923976608194,42.9699999999998,0.03335558591566773
B0822WVF4H,1800 Bed Sheet Set With DEEP Fitted Sheet,Queen,Gray,1299.2199999999998,2298.62,278,314,26,46,0.09352517985611511,0.1464968152866242,-0.05297163543050909,-999.4000000000001,-0.4347826086956522
B0BTZ24S9W,1800 Bed Sheet Set 6 PIECE,King,White,1298.2199999999998,3419.0699999999997,276,310,26,81,0.09420289855072464,0.26129032258064516,-0.16708742402992052,-2120.85,-0.6203002570874536
B0822X9LJN,1800 Bed Sheet Set With DEEP Fitted Sheet,King,Light Gray,1296.75,2026.8300000000004,383,400,25,40,0.06527415143603134,0.1,-0.03472584856396867,-730.0800000000004,-0.3602078121993459
B00NLNDRUI,1800 Bed Sheets,Queen,Brown,1279.04,2078.44,384,442,32,52,0.08333333333333333,0.11764705882352941,-0.03431372549019608,-799.4000000000001,-0.38461538461538464
B0822X3C9M,1800 Bed Sheet Set With DEEP Fitted Sheet,Twin,White,1259.1599999999999,1034.31,182,238,28,24,0.15384615384615385,0.10084033613445378,0.05300581771170007,224.8499999999999,0.217391304347826
B00O384OYI,1800 Bed Sheets,Full,Gray,1252.2500000000002,1556.77,313,315,33,41,0.10543130990415335,0.13015873015873017,-0.024727420254576818,-304.51999999999975,-0.1956101415109488
B07R8X7VXT,1800 Bed Sheets,Full,Pinstripe Gray,1215.04,1663.08,729,648,32,85,0.0438957475994513,0.13117283950617284,-0.08727709190672153,-448.03999999999996,-0.2694037568848161
B00O35DPN2,1800 Bed Sheets,California King,Gray,1214.19,449.69999999999993,189,114,27,10,0.14285714285714285,0.08771929824561403,0.05513784461152882,764.4900000000001,1.7000000000000006
B07BKP98B7,1800 Bed Sheets,King,Spa Blue,1203.1599999999999,1846.85,665,814,28,43,0.042105263157894736,0.052825552825552825,-0.01072028966765809,-643.69,-0.34853399030782145
B00ZSGVJE2,1800 Bed Sheets,King,Striped White,1199.72,1201.44,471,512,28,28,0.059447983014861996,0.0546875,0.004760483014861996,-1.7200000000000273,-0.0014316153948595246
B08RZDCWPX,1800 Bed Sheets,Queen,Teal,1198.2999999999997,2038.47,707,709,30,51,0.042432814710042434,0.07193229901269393,-0.0294994843026515,-840.1700000000003,-0.41215715708349904
B0822WT3R6,1800 Bed Sheet Set With DEEP Fitted Sheet,King,Gray,1195.3100000000002,1298.21,302,280,24,25,0.07947019867549669,0.08928571428571429,-0.009815515610217596,-102.89999999999986,-0.07926298518729624
B0822XQ9DZ,1800 Bed Sheet Set With DEEP Fitted Sheet,California King,White,1195.31,1662.0,513,616,23,33,0.04483430799220273,0.05357142857142857,-0.008737120579225842,-466.69000000000005,-0.2808002406738869
B08CZZ4SYJ,1800 Bed Sheet Set With DEEP Fitted Sheet,King,Spa Mint,1192.8100000000002,1507.13,421,456,23,29,0.05463182897862233,0.06359649122807018,-0.00896466224944785,-314.31999999999994,-0.20855533364739598
B0822YG3V8,1800 Pillowcase Set 4 pc,Standard,White,1177.74,937.98,154,145,45,35,0.2922077922077922,0.2413793103448276,0.0508284818629646,239.76,0.2556131260794473
B00ZSGWAHC,1800 Bed Sheets,Queen,Striped White,1157.53,1678.7400000000002,513,595,29,42,0.056530214424951264,0.07058823529411765,-0.014058020869166382,-521.2100000000003,-0.31047690529802124
B00NLNDO6K,1800 Bed Sheets,Queen,Navy Blue,1156.73,1116.76,292,311,29,28,0.09931506849315068,0.09003215434083602,0.009282914152314664,39.97000000000003,0.03579103836097284
B08RZD3PN6,1800 Bed Sheets,Full,Sage,1139.1,645.49,325,295,30,17,0.09230769230769231,0.0576271186440678,0.034680573663624516,493.6099999999999,0.764705882352941
B0822ZZJLL,1800 Bedskirt,Queen,White,1132.3799999999999,1216.26,875,969,55,60,0.06285714285714286,0.06191950464396285,0.0009376382131800129,-83.88000000000011,-0.0689655172413794
B016P42E9E,1800 Bed Sheets,Twin XL,Gray,1118.3400000000001,907.8199999999999,222,246,32,26,0.14414414414414414,0.10569105691056911,0.03845308723357503,210.5200000000002,0.23189619087484328
B00WAIH1FW,1800 Bed Sheets,Queen,Black,1117.56,837.77,310,353,28,21,0.09032258064516129,0.059490084985835696,0.03083249565932559,279.78999999999996,0.33396994401804786
B08RZCP48J,1800 Bed Sheets,Full,Golden Ivory,1101.1299999999999,1442.1000000000001,499,502,29,38,0.05811623246492986,0.07569721115537849,-0.017580978690448626,-340.97000000000025,-0.23643991401428488
B0CNRXJ7ZB,1800 Bed Sheets,King,Sky Blue,1074.25,1545.2,508,584,25,36,0.04921259842519685,0.06164383561643835,-0.0124312371912415,-470.95000000000005,-0.3047825524203987
B07RBZ1MYN,1800 Bed Sheets,King,Pinstripe Gray,1072.53,1375.04,502,505,25,32,0.049800796812749,0.06336633663366337,-0.013565539820914366,-302.51,-0.22000087270188504
B0BMWCNGW8,1800 Bed Sheet Set With DEEP Fitted Sheet,Queen,Golden Ivory,1049.37,1349.19,368,401,21,28,0.057065217391304345,0.06982543640897755,-0.012760219017673206,-299.82000000000016,-0.22222222222222232
B00NLNDU00,1800 Bed Sheets,Queen,Brick Red,1038.42,598.75,379,385,26,15,0.06860158311345646,0.03896103896103896,0.0296405441524175,439.6700000000001,0.7343131524008352
B016P42X2W,1800 Bed Sheets,Twin XL,Light Gray,1014.13,2168.14,387,443,29,62,0.07493540051679587,0.1399548532731377,-0.06501945275634183,-1154.0099999999998,-0.532258064516129
B01DN0ALM0,1800 Bed Sheets,Queen,Emerald Green,998.4499999999999,1279.04,655,696,25,32,0.03816793893129771,0.04597701149425287,-0.007809072562955162,-280.59000000000003,-0.2193754691018264
B0BMW72PRP,1800 Bed Sheet Set With DEEP Fitted Sheet,Queen,Sage,993.95,649.6099999999999,292,260,21,14,0.07191780821917808,0.05384615384615385,0.01807165437302423,344.34000000000015,0.5300718892874189
B0822WXPVG,1800 Bed Sheet Set With DEEP Fitted Sheet,King,Spa Blue,987.4300000000001,987.4300000000001,344,283,19,19,0.055232558139534885,0.06713780918727916,-0.011905251047744272,0.0,0.0
B01DN0A9IQ,1800 Bed Sheets,Full,Blue Hydrangea,987.22,985.7,342,349,26,26,0.07602339181286549,0.07449856733524356,0.001524824477621936,1.5199999999999818,0.001542051334077287
B00WAIH2TM,1800 Bed Sheets,Queen,Lavender,958.48,1159.1299999999999,928,1032,24,29,0.02586206896551724,0.02810077519379845,-0.00223870622828121,-200.64999999999986,-0.17310396590546348
B013FJJOCM,1800 Bed Sheets,Queen,Royal Blue,958.48,1036.82,344,358,24,26,0.06976744186046512,0.07262569832402235,-0.0028582564635572377,-78.33999999999992,-0.07555795605794634
B08RZBT9K8,1800 Bed Sheets,King,Teal,945.34,941.9399999999999,360,362,22,22,0.06111111111111111,0.06077348066298342,0.0003376304481276862,3.400000000000091,0.0036095717349301348
B00SUF34LO,1800 Bed Sheets,Twin,Light Gray,909.2199999999999,591.69,135,154,26,17,0.1925925925925926,0.11038961038961038,0.08220298220298221,317.52999999999986,0.5366492589024655
B0CNRZQ14K,1800 Bed Sheets,King,Hazy Lilac,902.37,1117.2199999999998,369,472,21,26,0.056910569105691054,0.05508474576271186,0.001825823342979191,-214.8499999999998,-0.19230769230769215
B01CYLCRO4,1800 Bed Sheets,King,Paisley Gray,902.3699999999999,1156.75,455,489,21,27,0.046153846153846156,0.05521472392638037,-0.009060877772534212,-254.3800000000001,-0.219909228441755
B0BMW6NBFV,1800 Bed Sheet Set With DEEP Fitted Sheet,King,Laced Sky Blue,883.49,519.7,289,307,17,10,0.058823529411764705,0.03257328990228013,0.026250239509484574,363.78999999999996,0.6999999999999998
B0822WBGD9,1800 Bed Sheet Set With DEEP Fitted Sheet,King,Beige,883.49,1299.25,355,391,17,25,0.04788732394366197,0.0639386189258312,-0.016051294982169236,-415.76,-0.32
B0822XT63Y,1800 Bed Sheet Set With DEEP Fitted Sheet,King,Navy Blue,883.49,571.6700000000001,149,132,17,11,0.11409395973154363,0.08333333333333333,0.030760626398210297,311.81999999999994,0.5454545454545453
B00NLNDSZW,1800 Bed Sheets,Queen,Purple,878.5399999999998,999.25,275,311,22,25,0.08,0.08038585209003216,-0.00038585209003215437,-120.71000000000015,-0.1208006004503379
B0DGQQMQNK,1800 Bed Sheets,Twin XL,Mineral Gray,874.25,524.55,240,192,25,15,0.10416666666666667,0.078125,0.02604166666666667,349.70000000000005,0.6666666666666669
B0CNS16FHR,1800 Bed Sheets,Full,Sky Blue,873.3100000000001,987.22,312,395,23,26,0.07371794871794872,0.06582278481012659,0.007895163907822134,-113.90999999999997,-0.11538461538461535
B00NQDGHDC,1800 Bed Sheets,King,Aqua,859.3999999999999,773.4599999999999,484,568,20,18,0.04132231404958678,0.03169014084507042,0.009632173204516356,85.93999999999994,0.11111111111111105
B0822X1KV9,1800 Bed Sheet Set With DEEP Fitted Sheet,Queen,Beige,849.49,1198.28,258,291,17,24,0.06589147286821706,0.08247422680412371,-0.01658275393590665,-348.78999999999996,-0.29107554160964044
B0CNRZDPG2,1800 Bed Sheets,Queen,Hazy Lilac,839.37,1039.2199999999998,709,775,21,27,0.029619181946403384,0.03483870967741935,-0.005219527731015968,-199.8499999999998,-0.19230769230769215
B0CLY98MH3,1800 Bed Sheets,Queen,Burgundy,835.37,439.66999999999996,186,157,21,11,0.11290322580645161,0.07006369426751592,0.04283953153893569,395.70000000000005,0.8999931767007076
B00O35DBNG,1800 Bed Sheets,Full,Beige,834.58,873.31,172,206,22,23,0.12790697674418605,0.11165048543689321,0.016256491307292842,-38.729999999999905,-0.044348513128213245
B0CNRXVPC8,1800 Bed Sheets,King,Blue Nova,816.4300000000001,1031.28,302,352,19,24,0.06291390728476821,0.06818181818181818,-0.005267910897049963,-214.8499999999999,-0.20833333333333326
B0DGQPSZVY,1800 Bed Sheets,King,Mineral Gray,816.43,1160.19,735,796,19,27,0.02585034013605442,0.03391959798994975,-0.00806925785389533,-343.7600000000001,-0.2962962962962964
B08CZZCRQS,1800 Bed Sheet Set With DEEP Fitted Sheet,Queen,Paisley Gray,799.5200000000001,998.4000000000001,276,304,16,20,0.057971014492753624,0.06578947368421052,-0.007818459191456899,-198.88,-0.19919871794871793
B08CZXP1GF,1800 Bed Sheet Set With DEEP Fitted Sheet,Queen,Spa Mint,799.52,749.55,361,356,16,15,0.0443213296398892,0.042134831460674156,0.0021864981792150406,49.97000000000003,0.06666666666666671
B078STM7RW,1800 Duvet Cover Set,Queen,Hotel White with Gray Embroidery,799.4000000000001,119.91,85,51,20,3,0.23529411764705882,0.058823529411764705,0.1764705882352941,679.4900000000001,5.666666666666668
B0CNRWYNDF,1800 Bed Sheets,Queen,Terracotta,799.4,1039.2199999999998,387,463,20,26,0.05167958656330749,0.056155507559395246,-0.004475920996087755,-239.81999999999982,-0.23076923076923064
B00NLNDR30,1800 Bed Sheets,Queen,Gold,793.8,439.66999999999996,197,420,20,11,0.10152284263959391,0.02619047619047619,0.07533236644911771,354.13,0.8054449928355358
B08BZXJS3M,1800 Bed Sheet Set With DEEP Fitted Sheet,King,Brown,779.55,415.76,163,137,15,8,0.09202453987730061,0.058394160583941604,0.033630379293359006,363.78999999999996,0.8749999999999999
B08CZZZVYR,1800 Bed Sheet Set With DEEP Fitted Sheet,King,Paisley Gray,779.55,882.45,349,329,15,17,0.04297994269340974,0.05167173252279635,-0.008691789829386613,-102.90000000000009,-0.1166071732109469
B08RZDLLP7,1800 Bed Sheets,King,Blush Pink,773.46,1589.03,505,751,19,37,0.03762376237623762,0.0492676431424767,-0.011643880766239074,-815.5699999999999,-0.5132502218334455
B01DN0ASH8,1800 Bed Sheets,King,Emerald Green,773.46,773.4599999999999,415,473,18,18,0.043373493975903614,0.03805496828752643,0.005318525688377186,1.1368683772161603e-13,1.4698476679028785e-16
B016P42FZW,1800 Bed Sheets,Twin XL,Navy Blue,769.3399999999999,629.46,93,76,22,19,0.23655913978494625,0.25,-0.013440860215053752,139.87999999999988,0.22222222222222202
B01DN0A328,1800 Bed Sheets,Twin XL,Blue Hydrangea,769.3399999999999,769.34,239,207,22,22,0.09205020920502092,0.10628019323671498,-0.014229984031694051,-1.1368683772161603e-13,-1.4777190542753013e-16
B0822Z3PLW,1800 Bed Sheet Set With DEEP Fitted Sheet,Twin XL,Gray,763.5900000000001,449.7,84,104,17,10,0.20238095238095238,0.09615384615384616,0.10622710622710622,313.89000000000016,0.6979986657771852
B01ES3L33W,1800 Fitted Sheet,Queen,White,758.8599999999999,479.28,216,162,38,24,0.17592592592592593,0.14814814814814814,0.02777777777777779,279.5799999999999,0.5833333333333333
B0822X88ND,1800 Bed Sheet Set With DEEP Fitted Sheet,Queen,Spa Blue,749.55,699.5799999999999,269,245,15,15,0.055762081784386616,0.061224489795918366,-0.00546240801153175,49.97000000000003,0.07142857142857148
B0822YMKR5,1800 Bedskirt,King,White,712.0699999999999,1148.5,585,683,31,50,0.05299145299145299,0.07320644216691069,-0.0202149891754577,-436.43000000000006,-0.38000000000000006
B0BMWBX14R,1800 Bed Sheet Set With DEEP Fitted Sheet,Queen,Blush Pink,699.58,799.52,283,324,14,16,0.04946996466431095,0.04938271604938271,8.724861492823838e-05,-99.93999999999994,-0.12499999999999993
B0BMW7CQ51,1800 Bed Sheet Set With DEEP Fitted Sheet,Queen,Laced Sky Blue,699.5799999999999,448.73,239,262,14,9,0.058577405857740586,0.03435114503816794,0.024226260819572645,250.8499999999999,0.5590221291199605
B00ZSGV3E8,1800 Bed Sheets,Twin,Striped White,699.4,664.43,52,69,20,19,0.38461538461538464,0.2753623188405797,0.10925306577480492,34.97000000000003,0.05263157894736847
B08RZDZZHJ,1800 Bed Sheets,Twin,Golden Ivory,698.7,419.64,161,216,20,12,0.12422360248447205,0.05555555555555555,0.0686680469289165,279.06000000000006,0.6649985702030313
B0CNRXLLCS,1800 Bed Sheets,Full,Blue Nova,683.46,607.52,186,187,18,16,0.0967741935483871,0.0855614973262032,0.01121269622218389,75.94000000000005,0.12500000000000008
B01DN0AEXQ,1800 Bed Sheets,Full,Spa Mint,683.4599999999999,454.88,376,358,18,12,0.047872340425531915,0.0335195530726257,0.014352787352906217,228.57999999999993,0.5025061554695742
B0CLYD6CZX,1800 Bed Sheets,California King,Ivory,674.55,719.52,156,197,15,17,0.09615384615384616,0.08629441624365482,0.009859429910191342,-44.97000000000003,-0.06250000000000004
B08RZCL98X,1800 Bed Sheets,Twin XL,Blush Pink,664.4300000000001,174.85,235,78,19,5,0.08085106382978724,0.0641025641025641,0.016748499727223143,489.58000000000004,2.8000000000000003
B08RZDW2H2,1800 Bed Sheets,Twin,Blush Pink,664.4300000000001,874.25,163,295,19,26,0.1165644171779141,0.08813559322033898,0.028428823957575122,-209.81999999999994,-0.23999999999999994
B0DGQRH24Q,1800 Bed Sheets,Full,Mineral Gray,645.49,985.7,303,308,17,26,0.056105610561056105,0.08441558441558442,-0.02830997385452831,-340.21000000000004,-0.3451455818200264
B00NQDGDYA,1800 Bed Sheets,King,Navy Blue,644.55,988.31,172,184,15,23,0.0872093023255814,0.125,-0.0377906976744186,-343.76,-0.34782608695652173
B0822WWZJQ,1800 Bed Sheet Set With DEEP Fitted Sheet,Twin XL,White,629.5799999999999,989.34,280,316,14,22,0.05,0.06962025316455696,-0.019620253164556956,-359.7600000000001,-0.36363636363636376
B07GQ38TP8,1800 Duvet Cover Set,King,White,628.49,369.7,192,200,17,10,0.08854166666666667,0.05,0.03854166666666667,258.79,0.7000000000000001
B07R924M7Y,1800 Bed Sheets,Full,Laced Sky Blue,607.52,493.60999999999996,561,503,16,13,0.0285204991087344,0.02584493041749503,0.002675568691239371,113.91000000000003,0.23076923076923084
B00WAIH49U,1800 Bed Sheets,King,Black,601.58,729.63,130,132,15,17,0.11538461538461539,0.12878787878787878,-0.013403263403263393,-128.04999999999995,-0.17549991091375075
B01DN0ARJM,1800 Bed Sheets,King,Coral,601.5799999999999,472.66999999999996,228,285,14,11,0.06140350877192982,0.03859649122807018,0.022807017543859644,128.90999999999997,0.2727272727272727
B0BMW8JKMX,1800 Bed Sheet Set With DEEP Fitted Sheet,Queen,Pinstripe Gray,599.6400000000001,249.85,256,240,12,5,0.046875,0.020833333333333332,0.026041666666666668,349.7900000000001,1.4000000000000004
B0822VQDHR,1800 Bed Sheet Set With DEEP Fitted Sheet,Queen,Black,599.64,299.82,95,81,12,6,0.12631578947368421,0.07407407407407407,0.052241715399610145,299.82,1.0
B01DN0AKSK,1800 Bed Sheets,Queen,Coral,598.75,478.84000000000003,384,431,15,12,0.0390625,0.027842227378190254,0.011220272621809746,119.90999999999997,0.2504176760504552
B0822XTD1X,1800 Bed Sheet Set With DEEP Fitted Sheet,Full,Light Gray,597.61,367.76,77,102,13,8,0.16883116883116883,0.0784313725490196,0.09039979628214923,229.85000000000002,0.6250000000000001
B01DN09YTG,1800 Bed Sheets,Twin,Blue Hydrangea,594.49,699.3999999999999,153,134,17,20,0.1111111111111111,0.14925373134328357,-0.038142620232172464,-104.90999999999985,-0.14999999999999983
B08RZDX3PY,1800 Bed Sheets,California King,Golden Ivory,580.1099999999999,538.74,120,145,13,12,0.10833333333333334,0.08275862068965517,0.025574712643678166,41.36999999999989,0.07679028845082951
B0822X28WM,1800 Bed Sheet Set With DEEP Fitted Sheet,King,Black,571.6700000000001,363.7900000000001,102,129,11,7,0.10784313725490197,0.05426356589147287,0.0535795713634291,207.88,0.5714285714285713
B00WAIGXVU,1800 Bed Sheets,Full,Black,569.55,227.06,83,71,15,6,0.18072289156626506,0.08450704225352113,0.09621584931274393,342.48999999999995,1.5083678322910241
B01DN0APS0,1800 Bed Sheets,Queen,Yellow,559.5799999999999,1078.3899999999999,621,706,14,27,0.02254428341384863,0.03824362606232295,-0.015699342648474317,-518.81,-0.4810968202598318
B07R5VQK5V,1800 Bed Sheets,Twin XL,Pinstripe Gray,559.52,209.82,189,102,16,6,0.08465608465608465,0.058823529411764705,0.025832555244319946,349.7,1.6666666666666667
B079YXK5SN,1800 Duvet Cover Set,Queen,White,559.52,731.5699999999999,193,172,16,21,0.08290155440414508,0.12209302325581395,-0.03919146885166887,-172.04999999999995,-0.23517913528438833
B014MVUDWM,1800 Pillowcase Set 2 pc,Set of 2 Standard Size,Light Gray,557.0699999999999,449.25,93,87,31,25,0.3333333333333333,0.28735632183908044,0.04597701149425287,107.81999999999994,0.23999999999999985
B0CYCRBWJS,1800 Bed Sheet Set 6 PC With DEEP Fitted Sheet,Queen,White,549.67,699.58,83,74,11,14,0.13253012048192772,0.1891891891891892,-0.05665906870726148,-149.91000000000008,-0.21428571428571438
B01ES3MMYG,1800 Fitted Sheet,King,White,549.25,395.46,80,81,26,18,0.325,0.2222222222222222,0.1027777777777778,153.79000000000002,0.38888888888888895
B0822XJFYY,1800 Bed Sheet Set With DEEP Fitted Sheet,Twin XL,Blue Hydrangea,539.64,314.78999999999996,83,85,12,7,0.14457831325301204,0.08235294117647059,0.062225372076541455,224.85000000000002,0.7142857142857144
B00WAIGZYK,1800 Bed Sheets,Full,Lavender,531.58,607.52,229,235,14,16,0.0611353711790393,0.06808510638297872,-0.006949735203939426,-75.93999999999994,-0.1249999999999999
B01CYLCJMY,1800 Bed Sheets,Full,Paisley Gray,531.5799999999999,151.88,1306,873,14,4,0.010719754977029096,0.004581901489117984,0.006137853487911112,379.69999999999993,2.4999999999999996
B016P42CLE,1800 Bed Sheets,Twin XL,Beige,524.55,384.67,80,112,15,11,0.1875,0.09821428571428571,0.08928571428571429,139.87999999999994,0.3636363636363635
B0CLYCSPZB,1800 Bed Sheets,Twin XL,Ivory,524.55,489.58000000000004,218,177,15,14,0.06880733944954129,0.07909604519774012,-0.010288705748198831,34.969999999999914,0.07142857142857124
B0BMW6YBL4,1800 Bed Sheet Set With DEEP Fitted Sheet,King,Pinstripe Gray,519.7,571.6700000000001,269,300,10,11,0.03717472118959108,0.03666666666666667,0.0005080545229244129,-51.97000000000003,-0.09090909090909094
B00ZSGV5LY,1800 Bed Sheets,Queen,Striped Gray/Silver,519.6099999999999,639.52,285,338,13,16,0.0456140350877193,0.047337278106508875,-0.0017232430187895734,-119.91000000000008,-0.18750000000000014
B00ZSGVRE4,1800 Bed Sheets,King,Striped Gray/Silver,515.64,471.81000000000006,196,264,12,11,0.061224489795918366,0.041666666666666664,0.0195578231292517,43.82999999999993,0.09289756469765355
B08BZYCY47,1800 Bed Sheet Set With DEEP Fitted Sheet,Queen,Aqua,499.70000000000005,449.73,226,229,10,9,0.04424778761061947,0.039301310043668124,0.004946477566951345,49.97000000000003,0.11111111111111116
B016P430CY,1800 Bed Sheets,Twin XL,Lavender,489.58,244.79,114,93,14,7,0.12280701754385964,0.07526881720430108,0.047538200339558565,244.79,1.0
B0DGQPSBKY,1800 Bed Sheets,Queen,Charcoal,479.64,159.88,119,116,12,4,0.10084033613445378,0.034482758620689655,0.06635757751376413,319.76,2.0
B0CNRZ5KZH,1800 Bed Sheets,King,Terracotta,471.81000000000006,816.43,271,307,11,19,0.04059040590405904,0.06188925081433225,-0.02129884491027321,-344.6199999999999,-0.4221059980647452
B0BTZ4KPTZ,1800 Bed Sheet Set 6 PIECE,Full,White,467.64,310.98,109,94,12,8,0.11009174311926606,0.0851063829787234,0.02498536014054266,156.65999999999997,0.5037622998263552
B0CYCQM95B,1800 Bed Sheet Set 6 PC With DEEP Fitted Sheet,California King,White,455.76,0.0,30,26,8,0,0.26666666666666666,0.0,0.26666666666666666,455.76,
B0112XOOZ0,1800 Bed Sheets,Full,Tan,455.64,227.82,118,119,12,6,0.1016949152542373,0.05042016806722689,0.0512747471870104,227.82,1.0
B0CNRYQDF7,1800 Bed Sheets,Full,Hazy Lilac,455.64,151.88,165,170,12,4,0.07272727272727272,0.023529411764705882,0.04919786096256684,303.76,2.0
B0BTZ7JCPL,1800 Bed Sheet Set 6 PIECE,Twin XL,White,454.88,379.69999999999993,136,174,12,10,0.08823529411764706,0.05747126436781609,0.030764029749830973,75.18000000000006,0.1979984198051095
B08RZCP48K,1800 Bed Sheets,Twin,Sage,454.61,314.73,87,109,13,9,0.14942528735632185,0.08256880733944955,0.0668564800168723,139.88,0.4444444444444444
B0CNRY8FZD,1800 Bed Sheets,Twin XL,Sky Blue,454.61,69.94,162,75,13,2,0.08024691358024691,0.02666666666666667,0.05358024691358024,384.67,5.5
B016P42YS0,1800 Bed Sheets,Twin XL,Black,454.60999999999996,488.88,50,64,13,14,0.26,0.21875,0.04125000000000001,-34.27000000000004,-0.07009900180003281
B0CYCRHZR1,1800 Bed Sheet Set 6 PC With DEEP Fitted Sheet,King,White,446.64,615.67,162,150,8,12,0.04938271604938271,0.08,-0.03061728395061729,-169.02999999999997,-0.27454642909350785
B0CNRYGRBQ,1800 Bed Sheets,Queen,Poppy Orange,439.66999999999996,359.73,251,264,11,9,0.043824701195219126,0.03409090909090909,0.009733792104310038,79.93999999999994,0.22222222222222204
B0822Y1V11,1800 Pillowcase Set 4 pc,King,White,435.24,617.22,47,42,17,24,0.3617021276595745,0.5714285714285714,-0.2097264437689969,-181.98000000000002,-0.29483814523184604
B07BKQ9YK9,1800 Bed Sheets,Full,Spa Blue,417.66999999999996,455.64,238,243,11,12,0.046218487394957986,0.04938271604938271,-0.0031642286544247278,-37.97000000000003,-0.0833333333333334
B00O35DFRI,1800 Bed Sheets,Full,Aqua,417.66999999999996,455.64,320,322,11,12,0.034375,0.037267080745341616,-0.002892080745341613,-37.97000000000003,-0.0833333333333334
B0BMW9NHP1,1800 Bed Sheet Set With DEEP Fitted Sheet,Full,Blush Pink,413.73,458.78,100,128,9,10,0.09,0.078125,0.011874999999999997,-45.049999999999955,-0.09819521339203967
B0CNRYVY46,1800 Pillowcase Set 2 pc,Set of 2 Standard Size,Sky Blue,412.59000000000003,179.7,47,35,24,10,0.5106382978723404,0.2857142857142857,0.2249240121580547,232.89000000000004,1.295993322203673
B01N10ETBD,1800 Bed Sheets,Split King,White,404.72999999999996,494.67,210,270,9,11,0.04285714285714286,0.040740740740740744,0.0021164021164021135,-89.94000000000005,-0.18181818181818193
B0822WFPWY,1800 Bed Sheet Set With DEEP Fitted Sheet,Queen,Navy Blue,399.76,699.58,128,162,8,14,0.0625,0.08641975308641975,-0.02391975308641975,-299.82000000000005,-0.4285714285714286
B08CZZ5HLF,1800 Bed Sheet Set With DEEP Fitted Sheet,Queen,Purple,399.76,448.72999999999996,118,118,8,9,0.06779661016949153,0.07627118644067797,-0.008474576271186446,-48.96999999999997,-0.10913021193145092
B08BZWJ6QK,1800 Bed Sheet Set With DEEP Fitted Sheet,Queen,Tan,399.76,599.6400000000001,178,203,8,12,0.0449438202247191,0.059113300492610835,-0.014169480267891735,-199.8800000000001,-0.3333333333333335
B08BZWL45V,1800 Bed Sheet Set With DEEP Fitted Sheet,Queen,Lavender,399.76,349.78999999999996,178,198,8,7,0.0449438202247191,0.03535353535353535,0.009590284871183748,49.97000000000003,0.14285714285714296
B0DGQRDPMP,1800 Bed Sheets,Queen,Oxford Stripe Blue Nova,399.69999999999993,319.76,259,268,10,8,0.03861003861003861,0.029850746268656716,0.008759292341381893,79.93999999999994,0.24999999999999983
B0BTZ36NJC,1800 Bed Sheet Set 6 PIECE,Queen,Gray,395.73,131.91,43,30,9,3,0.20930232558139536,0.1,0.10930232558139535,263.82000000000005,2.0000000000000004
B0BTZ4CFWV,1800 Bed Sheet Set 6 PIECE,Queen,Light Gray,395.73,395.72999999999996,48,62,9,9,0.1875,0.14516129032258066,0.042338709677419345,5.684341886080802e-14,1.4364192469817304e-16
B01DN0B5JS,1800 Pillowcase Set 2 pc,Set of 2 Standard Size,Blue Hydrangea,395.34000000000003,341.42999999999995,85,69,22,19,0.25882352941176473,0.2753623188405797,-0.01653878942881498,53.91000000000008,0.15789473684210553
B00WAIH5ZI,1800 Bed Sheets,King,Lavender,386.73,859.4,346,408,9,20,0.02601156069364162,0.049019607843137254,-0.023008047149495635,-472.66999999999996,-0.5499999999999999
B01FWBWTGO,1800 Ultrasonic Coverlet,King,Spa Blue,384.78999999999996,109.94,194,168,7,2,0.03608247422680412,0.011904761904761904,0.024177712322042216,274.84999999999997,2.4999999999999996
B01DN09ZIG,1800 Bed Sheets,Twin,Emerald Green,384.67,34.97,113,54,11,1,0.09734513274336283,0.018518518518518517,0.07882661422484431,349.70000000000005,10.000000000000002
B013FJJJC2,1800 Bed Sheets,Full,Royal Blue,378.93999999999994,492.0899999999999,124,133,10,13,0.08064516129032258,0.09774436090225563,-0.017099199611933055,-113.14999999999998,-0.22993761303826535
B08RZCXTG7,1800 Bed Sheets,Full,Teal,377.34000000000003,377.34,185,163,10,10,0.05405405405405406,0.06134969325153374,-0.007295639197479685,5.684341886080802e-14,1.5064244146077283e-16
B00RKHWN74,1800 Pillowcase Set 2 pc,Set of 2 Standard Size,Gray,377.00999999999993,323.46,55,59,21,18,0.38181818181818183,0.3050847457627119,0.07673343605546995,53.549999999999955,0.1655537006121312
B0BTZ6R86Q,1800 Bed Sheet Set 6 PIECE,King,Light Gray,370.78999999999996,264.85,43,43,7,5,0.16279069767441862,0.11627906976744186,0.04651162790697676,105.93999999999994,0.39999999999999974
B0BTZ5HKPM,1800 Bed Sheet Set 6 PIECE,King,Beige,370.78999999999996,317.82,78,52,7,6,0.08974358974358974,0.11538461538461539,-0.025641025641025647,52.96999999999997,0.16666666666666657
B0BMW6QWW7,1800 Bed Sheet Set With DEEP Fitted Sheet,California King,Golden Ivory,363.78999999999996,363.78999999999996,95,101,7,7,0.07368421052631578,0.06930693069306931,0.00437727983324647,0.0,0.0
B0822XZ52Q,1800 Bed Sheet Set With DEEP Fitted Sheet,Twin XL,Light Gray,359.76,89.94,85,29,8,2,0.09411764705882353,0.06896551724137931,0.02515212981744422,269.82,3.0
B0DGQQ6JJ1,1800 Bed Sheets,Queen,Oxford Stripe Sage,359.73,479.64,310,359,9,12,0.02903225806451613,0.033426183844011144,-0.004393925779495014,-119.90999999999997,-0.24999999999999994
B00RKHWL1M,1800 Pillowcase Set 2 pc,Set of 2 Standard Size,Beige,359.4,287.52,62,47,20,16,0.3225806451612903,0.3404255319148936,-0.017844886753603295,71.88,0.25
B0822VN7VK,1800 Bed Sheet Set With DEEP Fitted Sheet,Split King,White,349.78999999999996,249.85,179,176,9,6,0.05027932960893855,0.03409090909090909,0.01618842051802946,99.93999999999997,0.3999999999999999
B00O35D38Y,1800 Bed Sheets,Twin,Aqua,349.7,314.73,115,121,10,9,0.08695652173913043,0.0743801652892562,0.012576356449874232,34.96999999999997,0.11111111111111101
B01DK4LZV0,1800 Bed Sheets,Twin XL,Striped White,349.7,419.64,86,119,10,12,0.11627906976744186,0.10084033613445378,0.015438733632988075,-69.94,-0.16666666666666666
B00O35CYQG,1800 Bed Sheets,Twin,Gray,349.7,453.90999999999997,94,109,10,13,0.10638297872340426,0.11926605504587157,-0.01288307632246731,-104.20999999999998,-0.22958295697384942
B0DGQRDZLP,1800 Bed Sheets,King,Oxford Stripe Sage,343.76,386.73,350,397,8,9,0.022857142857142857,0.022670025188916875,0.00018711766822598203,-42.97000000000003,-0.11111111111111117
B01DN0ABHU,1800 Bed Sheets,Full,Emerald Green,341.73,265.78999999999996,237,230,9,7,0.0379746835443038,0.030434782608695653,0.007539900935608145,75.94000000000005,0.285714285714286
B00O35DIC0,1800 Bed Sheets,Full,Brown,341.72999999999996,531.58,158,183,9,14,0.056962025316455694,0.07650273224043716,-0.019540706923981466,-189.85000000000008,-0.35714285714285726
B00O35DD2U,1800 Bed Sheets,Full,Navy Blue,341.72999999999996,455.64,119,104,9,12,0.07563025210084033,0.11538461538461539,-0.03975436328377506,-113.91000000000003,-0.25000000000000006
B01ETTDTSM,1800 Flat Sheet,Queen,White,341.46000000000004,18.97,55,37,18,1,0.32727272727272727,0.02702702702702703,0.30024570024570024,322.49,17.0
B014MVUI36,1800 Pillowcase Set 2 pc,Set of 2 King Size,Light Gray,323.1,269.19,49,36,18,15,0.3673469387755102,0.4166666666666667,-0.04931972789115646,53.910000000000025,0.20026746907388843
B0822XCWY1,1800 Bed Sheet Set With DEEP Fitted Sheet,Full,Navy Blue,321.78999999999996,137.91,38,32,7,3,0.18421052631578946,0.09375,0.09046052631578946,183.87999999999997,1.333333333333333
B0CLYBZB3P,1800 Bed Sheets,Queen,Taupe,319.76,159.88,147,156,8,4,0.05442176870748299,0.02564102564102564,0.02878074306645735,159.88,1.0
B0CNRYFVFL,1800 Bed Sheets,Queen,Pistachio,319.76,359.73,468,529,8,9,0.017094017094017096,0.017013232514177693,8.07845798394026e-05,-39.97000000000003,-0.11111111111111119
B0DGQQ52Z7,1800 Bed Sheets,Queen,Oxford Stripe Hazy Lilac,319.76,239.01999999999998,172,173,8,6,0.046511627906976744,0.03468208092485549,0.011829546982121256,80.74000000000001,0.3377960003347001
B0BTZ5SZVY,1800 Bed Sheet Set 6 PIECE,King,Sage,317.82000000000005,158.91,62,54,6,3,0.0967741935483871,0.05555555555555555,0.04121863799283154,158.91000000000005,1.0000000000000004
B00O35CXRQ,1800 Bed Sheets,California King,Gold,314.78999999999996,89.94,86,56,7,2,0.08139534883720931,0.03571428571428571,0.045681063122923596,224.84999999999997,2.4999999999999996
B0822WYDZD,1800 Bed Sheet Set With DEEP Fitted Sheet,Twin,Light Gray,314.78999999999996,404.73,50,55,7,9,0.14,0.16363636363636364,-0.023636363636363622,-89.94000000000005,-0.22222222222222235
B01DN0AYFY,1800 Bed Sheets,California King,Blue Hydrangea,314.78999999999996,134.91,73,70,7,3,0.0958904109589041,0.04285714285714286,0.05303326810176125,179.87999999999997,1.333333333333333
B08V8V7VZF,1800 Bed Sheets,RV / Short Queen,White,314.73,174.85,332,374,9,5,0.02710843373493976,0.013368983957219251,0.013739449777720509,139.88000000000002,0.8000000000000002
B08RZC21CJ,1800 Bed Sheets,Twin XL,Golden Ivory,314.73,419.64,181,191,9,12,0.049723756906077346,0.06282722513089005,-0.013103468224812703,-104.90999999999997,-0.24999999999999994
B0CNRXT6D9,1800 Bed Sheets,Twin,Sky Blue,314.73,349.7,118,146,9,10,0.07627118644067797,0.0684931506849315,0.007778035755746468,-34.96999999999997,-0.09999999999999992
B01DN0A7MY,1800 Bed Sheets,Twin XL,Spa Mint,314.73,244.79,201,185,9,7,0.04477611940298507,0.03783783783783784,0.006938281565147232,69.94000000000003,0.2857142857142858
B07BKPDKCN,1800 Bed Sheets,Twin XL,Spa Blue,314.73,383.97,141,151,9,11,0.06382978723404255,0.0728476821192053,-0.009017894885162747,-69.24000000000001,-0.18032658801468865
B0822W4BT5,1800 Bed Sheet Set With DEEP Fitted Sheet,California King,Light Gray,311.82000000000005,207.88,94,93,6,5,0.06382978723404255,0.053763440860215055,0.010066346373827494,103.94000000000005,0.5000000000000002
B08BZWNVRD,1800 Bed Sheet Set With DEEP Fitted Sheet,California King,Tan,311.82000000000005,103.94,64,55,6,2,0.09375,0.03636363636363636,0.05738636363636364,207.88000000000005,2.0000000000000004
B08BZXVCB5,1800 Bed Sheet Set With DEEP Fitted Sheet,King,Emerald Green,311.82000000000005,363.78999999999996,167,200,6,7,0.03592814371257485,0.035,0.0009281437125748457,-51.969999999999914,-0.14285714285714263
B08C1C46DQ,1800 Bed Sheet Set With DEEP Fitted Sheet,King,Aqua,311.82000000000005,727.58,232,236,6,14,0.02586206896551724,0.059322033898305086,-0.03345996493278784,-415.76,-0.5714285714285714
B0BMWB3CKD,1800 Bed Sheet Set With DEEP Fitted Sheet,California King,Sage,311.82000000000005,51.97,74,80,6,1,0.08108108108108109,0.0125,0.06858108108108109,259.85,5.000000000000001
B0822X6C25,1800 Bed Sheet Set With DEEP Fitted Sheet,California King,Beige,311.82,259.85,95,88,6,5,0.06315789473684211,0.056818181818181816,0.006339712918660291,51.96999999999997,0.19999999999999987
B01DN0AAO4,1800 Bed Sheets,Full,Coral,303.76,341.73,162,154,8,9,0.04938271604938271,0.05844155844155844,-0.009058842392175727,-37.97000000000003,-0.11111111111111119
B0DGQNQFFX,1800 Bed Sheets,Full,Charcoal,303.0,75.94,35,32,8,2,0.22857142857142856,0.0625,0.16607142857142856,227.06,2.9899920990255464
B00NQDGJ8A,1800 Bed Sheets,King,Gold,300.78999999999996,343.76,150,122,8,8,0.05333333333333334,0.06557377049180328,-0.012240437158469945,-42.97000000000003,-0.12500000000000008
B0CNRX8GGP,1800 Bed Sheets,King,Poppy Orange,300.78999999999996,214.85,143,153,7,5,0.04895104895104895,0.032679738562091505,0.016271310388957447,85.93999999999997,0.39999999999999986
B0DGQR5Q2K,1800 Bed Sheets,King,Charcoal,299.93000000000006,385.87000000000006,77,93,7,9,0.09090909090909091,0.0967741935483871,-0.0058651026392961825,-85.94,-0.22271749552958245
B0822XBDZW,1800 Bedskirt,Full,White,299.54999999999995,219.67,313,297,15,11,0.04792332268370607,0.037037037037037035,0.010886285646669033,79.87999999999997,0.3636363636363635
B0822YRCDP,1800 Pillowcase Set 4 pc,Standard,Gray,294.84000000000003,378.0,25,31,11,14,0.44,0.45161290322580644,-0.011612903225806437,-83.15999999999997,-0.21999999999999992
B08TRRPSQN,1800 Pillowcase Set 2 pc,Set of 2 Standard Size,Golden Ivory,287.15999999999997,467.22,84,77,16,26,0.19047619047619047,0.33766233766233766,-0.1471861471861472,-180.06000000000006,-0.3853858995762169
B01MS6XZ05,1800 Bed Sheets,Split King,Light Gray,281.82,93.94,64,77,6,2,0.09375,0.025974025974025976,0.06777597402597402,187.88,2.0
B0822WMBHV,1800 Bed Sheet Set With DEEP Fitted Sheet,Full,Gray,275.82,413.72999999999996,76,99,6,9,0.07894736842105263,0.09090909090909091,-0.011961722488038284,-137.90999999999997,-0.3333333333333333
B08BZVT9FJ,1800 Bed Sheet Set With DEEP Fitted Sheet,Full,Brown,275.82,91.94,41,49,6,2,0.14634146341463414,0.04081632653061224,0.1055251368840219,183.88,2.0
B00O35CYRK,1800 Bed Sheets,California King,Brown,269.82,89.94,36,45,6,2,0.16666666666666666,0.044444444444444446,0.1222222222222222,179.88,2.0
B00RKHWYU0,1800 Pillowcase Set 2 pc,Set of 2 Standard Size,Brown,269.54999999999995,107.82,20,22,15,6,0.75,0.2727272727272727,0.4772727272727273,161.72999999999996,1.4999999999999998
B0CNRYWWWY,1800 Bed Sheets,Full,Terracotta,265.78999999999996,151.88,164,149,7,4,0.042682926829268296,0.026845637583892617,0.01583728924537568,113.90999999999997,0.7499999999999998
B00O35DKHS,1800 Bed Sheets,Full,Purple,265.78999999999996,341.73,157,151,7,9,0.044585987261146494,0.059602649006622516,-0.015016661745476022,-75.94000000000005,-0.22222222222222238
B0BTZ4YV6J,1800 Bed Sheet Set 6 PIECE,King,Golden Ivory,264.85,0.0,64,50,5,0,0.078125,0.0,0.078125,264.85,
B07YYLSXJV,Cotton Flannel Sheet Set 160GSM,Twin XL,White,263.82,43.97,19,19,6,1,0.3157894736842105,0.05263157894736842,0.2631578947368421,219.85,5.0
B0BTZ59997,1800 Bed Sheet Set 6 PIECE,Queen,Blue Hydrangea,263.82,175.0,45,38,6,4,0.13333333333333333,0.10526315789473684,0.028070175438596495,88.82,0.5075428571428571
B08BZXLGBQ,1800 Bed Sheet Set With DEEP Fitted Sheet,California King,Aqua,259.85,155.91,60,59,5,3,0.08333333333333333,0.05084745762711865,0.03248587570621468,103.94000000000003,0.6666666666666669
B0822YSF4H,1800 Bed Sheet Set With DEEP Fitted Sheet,California King,Blue Hydrangea,259.85,259.85,67,71,5,5,0.07462686567164178,0.07042253521126761,0.0042043304603741755,0.0,0.0
B0822XMHH5,1800 Bed Sheet Set With DEEP Fitted Sheet,King,Brick Red,259.85,155.91,117,105,5,3,0.042735042735042736,0.02857142857142857,0.014163614163614165,103.94000000000003,0.6666666666666669
B01NCLP7SY,Cotton Flannel Sheet Set 160GSM,Queen,Sage,259.85,207.88,80,76,5,4,0.0625,0.05263157894736842,0.009868421052631582,51.97000000000003,0.2500000000000001
B08BZY1R1R,1800 Bed Sheet Set With DEEP Fitted Sheet,King,Lavender,259.85,155.91,160,157,5,4,0.03125,0.025477707006369428,0.005772292993630572,103.94000000000003,0.6666666666666669
B01ETTFKIE,1800 Flat Sheet,King,White,259.61,59.91,85,92,13,3,0.15294117647058825,0.03260869565217391,0.12033248081841433,199.70000000000002,3.333333333333334
B01DN0AX4G,1800 Bed Sheets,King,Yellow,256.1,386.73,312,417,6,9,0.019230769230769232,0.02158273381294964,-0.0023519645821804096,-130.63,-0.3377808807178134
B0822VPJB6,1800 Pillow Shams 2 piece,King,Beige,254.48999999999998,254.19,176,180,17,17,0.09659090909090909,0.09444444444444444,0.0021464646464646464,0.29999999999998295,0.0011802195208308074
B00RKHX6VQ,1800 Pillowcase Set 2 pc,Set of 2 King Size,Gray,251.57999999999998,161.73,42,31,14,9,0.3333333333333333,0.2903225806451613,0.043010752688172005,89.85,0.5555555555555556
B08BZWSVC8,1800 Bed Sheet Set With DEEP Fitted Sheet,Queen,Brown,249.85,249.85,129,118,5,5,0.03875968992248062,0.0423728813559322,-0.003613191433451582,0.0,0.0
B0822WFRNV,1800 Bed Sheet Set With DEEP Fitted Sheet,Queen,Brick Red,249.85,449.73,92,105,5,9,0.05434782608695652,0.08571428571428572,-0.031366459627329195,-199.88000000000002,-0.4444444444444445
B01DK4M0H8,1800 Bed Sheets,Twin XL,Striped Gray/Silver,244.79,69.94,94,100,7,2,0.07446808510638298,0.02,0.05446808510638297,174.85,2.5
B00O35CXSK,1800 Bed Sheets,Twin,Beige,244.79,664.4300000000001,49,58,7,19,0.14285714285714285,0.3275862068965517,-0.18472906403940886,-419.6400000000001,-0.6315789473684211
B016P42LGU,1800 Bed Sheets,Twin XL,Aqua,244.79,419.64,136,134,7,12,0.051470588235294115,0.08955223880597014,-0.03808165057067603,-174.85,-0.4166666666666667
B0CLYDTMYZ,1800 Bed Sheets,Twin XL,Burgundy,244.09,209.82,42,41,7,6,0.16666666666666666,0.14634146341463414,0.02032520325203252,34.27000000000001,0.16333047373939572
B0822VMF9C,1800 Pillow Shams 2 piece,Standard,Light Gray,239.51999999999998,119.76,68,52,16,8,0.23529411764705882,0.15384615384615385,0.08144796380090497,119.75999999999998,0.9999999999999998
B07J3THZTH,Cotton Flannel Sheet Set 180GSM,Queen,Gray,235.88,117.94,53,48,4,2,0.07547169811320754,0.041666666666666664,0.03380503144654088,117.94,1.0
B0D7J6FGW4,1800 Bed Sheet Set 6 PC With DEEP Fitted Sheet,King,Beige,235.88,117.94,26,23,4,3,0.15384615384615385,0.13043478260869565,0.023411371237458206,117.94,1.0
B01DN0BC0A,1800 Pillowcase Set 2 pc,Set of 2 King Size,Blue Hydrangea,233.60999999999999,107.82,42,34,13,6,0.30952380952380953,0.17647058823529413,0.1330532212885154,125.78999999999999,1.1666666666666667
B08TRRF39C,1800 Pillowcase Set 2 pc,Set of 2 Standard Size,Sage,233.60999999999999,377.37,61,73,13,21,0.21311475409836064,0.2876712328767123,-0.07455647877835167,-143.76000000000002,-0.380952380952381
B01DG599TS,1800 Pillowcase Set 2 pc,Set of 2 Standard Size,Tan,233.24999999999997,107.82,32,27,13,6,0.40625,0.2222222222222222,0.1840277777777778,125.42999999999998,1.1633277685030605
B0CNWG3MCK,1800 Pillowcase Set 2 pc,Set of 2 Standard Size,Ivory,232.89,161.73,60,46,13,11,0.21666666666666667,0.2391304347826087,-0.02246376811594203,71.16,0.4399925802263031
B0822YZKLZ,1800 Bed Sheet Set With DEEP Fitted Sheet,Full,Blue Hydrangea,229.85,321.78999999999996,63,88,5,7,0.07936507936507936,0.07954545454545454,-0.00018037518037518352,-91.93999999999997,-0.28571428571428564
B0BMW7ZJ2R,1800 Bed Sheet Set With DEEP Fitted Sheet,Full,Sage,229.85,183.88,64,66,5,4,0.078125,0.06060606060606061,0.017518939393939392,45.97,0.25
B0CLY95T5V,1800 Bed Sheets,Full,Burgundy,227.82,227.82,93,63,6,6,0.06451612903225806,0.09523809523809523,-0.03072196620583717,0.0,0.0
B00ZSGVXS4,1800 Bed Sheets,Full,Striped Gray/Silver,227.82,227.82,109,115,6,6,0.05504587155963303,0.05217391304347826,0.0028719585161547725,0.0,0.0
B00ZSGVP8W,1800 Bed Sheets,Full,Striped White,227.82,683.4599999999999,197,225,6,18,0.030456852791878174,0.08,-0.04954314720812183,-455.63999999999993,-0.6666666666666666
B01ES3MHXC,1800 Fitted Sheet,Twin XL,White,227.64,151.76,53,46,12,8,0.22641509433962265,0.17391304347826086,0.05250205086136178,75.88,0.5
B08RZCW5QJ,1800 Bed Sheets,California King,Sage,224.85,494.66999999999996,96,137,5,11,0.052083333333333336,0.08029197080291971,-0.02820863746958637,-269.81999999999994,-0.5454545454545454
B00ZSGW4FK,1800 Bed Sheets,California King,Striped White,224.85,134.91,110,148,5,3,0.045454545454545456,0.02027027027027027,0.025184275184275184,89.94,0.6666666666666666
B08RZDNSMT,1800 Bed Sheets,California King,Teal,224.85,89.94,51,55,5,2,0.09803921568627451,0.03636363636363636,0.06167557932263815,134.91,1.5
B0CNRZBB6D,1800 Bed Sheets,California King,Sky Blue,224.85,134.01,68,58,5,3,0.07352941176470588,0.05172413793103448,0.021805273833671403,90.84,0.6778598612043878
B01DN0B3PY,1800 Bed Sheets,California King,Spa Mint,224.85,179.88,81,104,5,4,0.06172839506172839,0.038461538461538464,0.023266856600189928,44.97,0.25
B0822VTP9F,1800 Bed Sheet Set With DEEP Fitted Sheet,Twin,Beige,224.85,179.88,24,21,5,4,0.20833333333333334,0.19047619047619047,0.017857142857142877,44.97,0.25
B0822W3JSL,1800 Bed Sheet Set With DEEP Fitted Sheet,Twin XL,Navy Blue,224.85,404.73,34,43,5,9,0.14705882352941177,0.20930232558139536,-0.06224350205198359,-179.88000000000002,-0.4444444444444445
B0CNRX2YJB,1800 Bed Sheets,California King,Terracotta,223.95,179.88,52,59,5,4,0.09615384615384616,0.06779661016949153,0.028357235984354634,44.06999999999999,0.24499666444296195
B0BTZ6WFS3,1800 Bed Sheet Set 6 PIECE,Split King,White,219.88,0.0,19,17,4,0,0.21052631578947367,0.0,0.21052631578947367,219.88,
B01ES3LRNS,1800 Fitted Sheet,Queen,Light Gray,219.67,59.91,38,33,11,3,0.2894736842105263,0.09090909090909091,0.19856459330143542,159.76,2.6666666666666665
B01DN0BACU,1800 Pillowcase Set 2 pc,Set of 2 Standard Size,Spa Mint,215.64,197.67,66,60,12,11,0.18181818181818182,0.18333333333333332,-0.0015151515151514972,17.97,0.09090909090909091
B00RKHWP8G,1800 Pillowcase Set 2 pc,Set of 2 Standard Size,Navy Blue,215.64,53.91,26,20,12,3,0.46153846153846156,0.15,0.31153846153846154,161.73,3.0
B00NQDGLTW,1800 Bed Sheets,King,Brick Red,214.85,429.69999999999993,179,208,5,10,0.027932960893854747,0.04807692307692308,-0.020143962183068333,-214.84999999999994,-0.49999999999999994
B00NQDGKZC,1800 Bed Sheets,King,Purple,214.85,343.76,151,137,5,8,0.033112582781456956,0.058394160583941604,-0.025281577802484648,-128.91,-0.375
B0DGQQ3F3D,1800 Bed Sheets,King,Oxford Stripe Blue Nova,214.85,128.91,139,150,5,3,0.03597122302158273,0.02,0.015971223021582732,85.94,0.6666666666666666
B0CLYB7V8V,1800 Bed Sheets,King,Taupe,214.85,429.69999999999993,113,149,5,10,0.04424778761061947,0.06711409395973154,-0.022866306349112075,-214.84999999999994,-0.49999999999999994
B08RZC9FZ7,1800 Bed Sheets,Twin XL,Teal,209.82,139.88,46,50,6,4,0.13043478260869565,0.08,0.05043478260869565,69.94,0.5
B01DN0A1PM,1800 Bed Sheets,Twin,Spa Mint,209.82,244.79,110,113,6,7,0.05454545454545454,0.061946902654867256,-0.007401448109412713,-34.97,-0.14285714285714285
B01DN0A2F6,1800 Bed Sheets,Twin,Yellow,209.82,174.85,66,65,6,5,0.09090909090909091,0.07692307692307693,0.013986013986013984,34.97,0.2
B0CNRZ31Y6,1800 Bed Sheets,Twin XL,Terracotta,209.82,34.97,38,40,6,1,0.15789473684210525,0.025,0.13289473684210526,174.85,5.0
B00O35D05A,1800 Bed Sheets,Twin,Navy Blue,209.82,209.82,43,40,6,6,0.13953488372093023,0.15,-0.010465116279069764,0.0,0.0
B08V8T4J6N,1800 Bed Sheets,RV / Short Queen,Beige,209.82,174.85,47,53,6,5,0.1276595744680851,0.09433962264150944,0.033319951826575656,34.97,0.2
B08RZCQN3D,1800 Bed Sheets,Twin XL,Sage,209.82,384.66999999999996,121,103,6,11,0.049586776859504134,0.10679611650485436,-0.05720933964535023,-174.84999999999997,-0.45454545454545453
B07RBZ25P3,1800 Bed Sheets,Twin XL,Laced Sky Blue,209.82,244.79,105,102,6,7,0.05714285714285714,0.06862745098039216,-0.011484593837535022,-34.97,-0.14285714285714285
B0822V7SL6,1800 Pillow Shams 2 piece,Standard,Blue Hydrangea,209.57999999999998,104.79,158,130,14,7,0.08860759493670886,0.05384615384615385,0.03476144109055501,104.78999999999998,0.9999999999999998
B0CNRYK9MC,1800 Bed Sheets,Twin,Blue Nova,209.12,69.94,63,65,6,2,0.09523809523809523,0.03076923076923077,0.06446886446886446,139.18,1.9899914212181873
B01ES3NVCI,1800 Fitted Sheet,Full,White,208.67,189.7,44,46,11,10,0.25,0.21739130434782608,0.03260869565217392,18.97,0.1
B07R5VNM7R,1800 Bed Sheets,Twin,Pinstripe Gray,208.42,349.7,65,91,10,10,0.15384615384615385,0.10989010989010989,0.043956043956043966,-141.28,-0.4040034315127252
B08CZY4RXL,1800 Bed Sheet Set With DEEP Fitted Sheet,King,Purple,207.88,363.78999999999996,84,90,4,7,0.047619047619047616,0.07777777777777778,-0.030158730158730163,-155.90999999999997,-0.42857142857142855
B0822W883H,1800 Bed Sheet Set With DEEP Fitted Sheet,King,Royal Blue,207.88,155.91,85,79,4,3,0.047058823529411764,0.0379746835443038,0.009084139985107965,51.97,0.3333333333333333
B0822W5J5M,1800 Bed Sheet Set With DEEP Fitted Sheet,California King,Gray,207.88,311.82,83,69,4,6,0.04819277108433735,0.08695652173913043,-0.03876375065479308,-103.94,-0.3333333333333333
B0822V4YX9,"1800 Fitted Sheet 21"" Deep",King,Gray,207.76,51.94,25,27,8,2,0.32,0.07407407407407407,0.24592592592592594,155.82,3.0
B0822WGD4S,"1800 Fitted Sheet 21"" Deep",King,White,207.76,363.58,193,147,8,14,0.04145077720207254,0.09523809523809523,-0.05378731803602269,-155.82,-0.42857142857142855
B0822ZK6VY,1800 Bedskirt,King,Blue Hydrangea,206.73,160.79,84,83,9,7,0.10714285714285714,0.08433734939759036,0.02280550774526678,45.94,0.2857142857142857
B08CZY1XL7,1800 Bed Sheet Set With DEEP Fitted Sheet,Queen,Coral,199.88,399.76,109,103,4,8,0.03669724770642202,0.07766990291262135,-0.04097265520619933,-199.88,-0.5
B08BZWGHRB,1800 Bed Sheet Set With DEEP Fitted Sheet,Split King,Tan,199.88,149.91,57,54,4,3,0.07017543859649122,0.05555555555555555,0.014619883040935672,49.97,0.3333333333333333
B0822XLS97,1800 Bed Sheet Set With DEEP Fitted Sheet,Split King,Blue Hydrangea,199.88,199.88,39,45,4,4,0.10256410256410256,0.08888888888888889,0.013675213675213668,0.0,0.0
B0822Y8RZ1,1800 Bedskirt,Twin,White,199.7,19.97,47,43,10,1,0.2127659574468085,0.023255813953488372,0.18951014349332013,179.73,9.0
B0822XRHJV,1800 Bedskirt,Twin XL,Navy Blue,199.7,279.58,74,51,10,14,0.13513513513513514,0.27450980392156865,-0.1393746687864335,-79.88,-0.2857142857142857
B07J3SXSLT,Cotton Flannel Sheet Set 180GSM,King,Gray,197.91,0.0,34,39,3,0,0.08823529411764706,0.0,0.08823529411764706,197.91,
B014MVUCCI,1800 Pillowcase Set 2 pc,Set of 2 Standard Size,Lavender,197.67,197.67,28,25,11,11,0.39285714285714285,0.44,-0.04714285714285715,0.0,0.0
B08TRN118H,1800 Pillowcase Set 2 pc,Set of 2 King Size,Golden Ivory,197.67,71.88,30,25,11,4,0.36666666666666664,0.16,0.20666666666666664,125.78999999999999,1.75
B0822TXPDR,1800 Pillow Shams 2 piece,King,Blue Hydrangea,194.61,194.60999999999999,69,60,14,13,0.2028985507246377,0.21666666666666667,-0.01376811594202898,2.842170943040401e-14,1.4604444494324036e-16
B0BTZ5QZ4J,1800 Bed Sheet Set 6 PIECE,Twin XL,Blue Hydrangea,189.85,113.91,24,19,5,3,0.20833333333333334,0.15789473684210525,0.05043859649122809,75.94,0.6666666666666666
B00O35DMNU,1800 Bed Sheets,Full,Brick Red,189.85,151.88,63,57,5,4,0.07936507936507936,0.07017543859649122,0.009189640768588136,37.97,0.25
B0BTZ47QWS,1800 Bed Sheet Set 6 PIECE,Twin XL,Black,189.85,37.97,21,5,5,1,0.23809523809523808,0.2,0.03809523809523807,151.88,4.0
B0BTZ86L2X,1800 Bed Sheet Set 6 PIECE,Twin XL,Gray,189.85,75.94,21,12,5,2,0.23809523809523808,0.16666666666666666,0.07142857142857142,113.91,1.5
B01DN0AFSU,1800 Bed Sheets,Full,Yellow,189.85,227.82,178,196,5,6,0.028089887640449437,0.030612244897959183,-0.0025223572575097455,-37.97,-0.16666666666666666
B08CZZMK9Q,1800 Bed Sheet Set With DEEP Fitted Sheet,Full,Spa Mint,183.88,275.82,56,89,4,6,0.07142857142857142,0.06741573033707865,0.004012841091492775,-91.94,-0.3333333333333333
B0BMWBCR3Y,1800 Bed Sheet Set With DEEP Fitted Sheet,Full,Pinstripe Gray,183.88,459.7,72,84,4,10,0.05555555555555555,0.11904761904761904,-0.06349206349206349,-275.82,-0.6
B0822Z2JQL,1800 Bedskirt,Cal King,Beige,183.76,229.7,85,105,8,10,0.09411764705882353,0.09523809523809523,-0.0011204481792717047,-45.94,-0.2
B0CLYBFG6K,1800 Bed Sheets,California King,Taupe,179.88,0.0,24,21,4,0,0.16666666666666666,0.0,0.16666666666666666,179.88,
B0112XOJJQ,1800 Bed Sheets,California King,Tan,179.88,268.91999999999996,66,73,4,6,0.06060606060606061,0.0821917808219178,-0.021585720215857196,-89.03999999999996,-0.3311021865238732
B00O35DOT2,1800 Bed Sheets,California King,Beige,179.88,134.91,48,63,4,3,0.08333333333333333,0.047619047619047616,0.03571428571428571,44.97,0.3333333333333333
B00RKHWU2W,1800 Pillowcase Set 2 pc,Set of 2 Standard Size,Aqua,179.7,143.76,34,24,10,8,0.29411764705882354,0.3333333333333333,-0.039215686274509776,35.94,0.25
B01DN0B728,1800 Pillowcase Set 2 pc,Set of 2 Standard Size,Emerald Green,179.7,125.78999999999999,39,34,10,7,0.2564102564102564,0.20588235294117646,0.05052790346907993,53.91,0.42857142857142855
B07M5MCW2R,1800 Pillowcase Set 2 pc,Set of 2 Standard Size,Spa Blue,179.7,233.60999999999999,74,69,10,13,0.13513513513513514,0.18840579710144928,-0.05327066196631414,-53.91,-0.23076923076923078
B00RKHXH42,1800 Pillowcase Set 2 pc,Set of 2 King Size,Gold,179.7,71.88,37,28,10,4,0.2702702702702703,0.14285714285714285,0.12741312741312744,107.82,1.5
B01LZP8460,1800 Pillowcase Set 2 pc,Set of 2 Standard Size,Paisley Gray,179.7,107.82,64,72,10,6,0.15625,0.08333333333333333,0.07291666666666667,71.88,0.6666666666666666
B00ZSHJ0TM,1800 Bed Sheets,California King,Striped Gray/Silver,178.98000000000002,89.94,62,70,4,2,0.06451612903225806,0.02857142857142857,0.035944700460829496,89.04000000000002,0.9899933288859242
B07X4X6YT7,Cotton Flannel Sheet Set 180GSM,Queen,Light Gray Plaid,176.91,0.0,18,26,3,0,0.16666666666666666,0.0,0.16666666666666666,176.91,
B0CYCP355Y,1800 Bed Sheet Set 6 PC With DEEP Fitted Sheet,King,Navy Blue,176.91,58.97,23,10,3,1,0.13043478260869565,0.1,0.030434782608695643,117.94,2.0
B0CYCS32SP,1800 Bed Sheet Set 6 PC With DEEP Fitted Sheet,King,Spa Blue,176.91,0.0,29,36,3,0,0.10344827586206896,0.0,0.10344827586206896,176.91,
B0D7F2C7W1,1800 Bed Sheet Set 6 PC With DEEP Fitted Sheet,King,Spa Mint,176.91,117.94,37,47,3,2,0.08108108108108109,0.0425531914893617,0.038527889591719384,58.97,0.5
B01N6H23WO,Cotton Flannel Sheet Set 160GSM,Twin,Sage,175.88,43.97,14,9,4,1,0.2857142857142857,0.1111111111111111,0.1746031746031746,131.91,3.0
B0BTZ45457,1800 Bed Sheet Set 6 PIECE,Queen,Golden Ivory,175.88,219.85,70,66,4,5,0.05714285714285714,0.07575757575757576,-0.01861471861471862,-43.97,-0.2
B0CYCPG2PK,1800 Bed Sheet Set 6 PC With DEEP Fitted Sheet,King,Light Gray,175.73,58.97,25,20,3,1,0.12,0.05,0.06999999999999999,116.75999999999999,1.979989825334916
B07MS7NX3D,1800 Duvet Cover Set,Queen,Light Gray,174.85,34.97,43,37,5,1,0.11627906976744186,0.02702702702702703,0.08925204274041483,139.88,4.0
B01CYLCGFO,1800 Bed Sheets,Twin XL,Paisley Gray,174.85,69.94,74,71,5,2,0.06756756756756757,0.028169014084507043,0.039398553483060525,104.91,1.5
B01DN0A8L4,1800 Bed Sheets,Twin XL,Yellow,174.85,209.82,66,93,5,6,0.07575757575757576,0.06451612903225806,0.011241446725317697,-34.97,-0.16666666666666666
B0CLYC7DLL,1800 Bed Sheets,King,Burgundy,171.88,472.66999999999996,88,93,4,11,0.045454545454545456,0.11827956989247312,-0.07282502443792767,-300.78999999999996,-0.6363636363636364
B0BTZ6DDNN,1800 Bed Sheet Set 6 PIECE,Queen,Sage,171.48,131.91,41,43,4,3,0.0975609756097561,0.06976744186046512,0.027793533749290986,39.56999999999999,0.29997725722083235
B013FJJQPM,1800 Bed Sheets,King,Royal Blue,171.02,300.78999999999996,176,207,4,7,0.022727272727272728,0.033816425120772944,-0.011089152393500216,-129.76999999999995,-0.4314305661757371
B08TRP6QMS,1800 Pillowcase Set 2 pc,Set of 2 Standard Size,Blush Pink,161.37,143.76,54,51,9,8,0.16666666666666666,0.1568627450980392,0.009803921568627444,17.610000000000014,0.1224958263772956
B01DN0BH0K,1800 Pillowcase Set 2 pc,Set of 2 King Size,Spa Mint,161.36999999999998,53.91,35,35,9,3,0.2571428571428571,0.08571428571428572,0.1714285714285714,107.45999999999998,1.9933222036727878
B01ETTDYPK,1800 Flat Sheet,Twin,White,159.7,47.910000000000004,15,16,10,3,0.6666666666666666,0.1875,0.47916666666666663,111.78999999999999,2.333333333333333
B0BTZ51FTP,1800 Bed Sheet Set 6 PIECE,King,Gray,157.85,105.94,29,35,3,2,0.10344827586206896,0.05714285714285714,0.04630541871921182,51.91,0.4899943364168397
B07X3WM444,Cotton Flannel Sheet Set 160GSM,Queen,Light Blue Plaid,155.91,0.0,25,20,3,0,0.12,0.0,0.12,155.91,
B08CZYZSGG,1800 Bed Sheet Set With DEEP Fitted Sheet,California King,Paisley Gray,155.91,51.97,82,77,3,1,0.036585365853658534,0.012987012987012988,0.023598352866645547,103.94,2.0
B08CZZ9XPC,1800 Bed Sheet Set With DEEP Fitted Sheet,California King,Spa Mint,155.91,103.94,87,102,3,2,0.034482758620689655,0.0196078431372549,0.014874915483434753,51.97,0.5
B0822X5BGN,1800 Bed Sheet Set With DEEP Fitted Sheet,California King,Navy Blue,155.91,51.97,30,31,3,1,0.1,0.03225806451612903,0.06774193548387097,103.94,2.0
B08CZY4WCP,1800 Bed Sheet Set With DEEP Fitted Sheet,King,Coral,155.91,51.97,92,101,3,1,0.03260869565217391,0.009900990099009901,0.02270770555316401,103.94,2.0
B0BMWCRXGG,1800 Bed Sheet Set With DEEP Fitted Sheet,King,Blush Pink,155.91,103.94,179,240,3,2,0.01675977653631285,0.008333333333333333,0.008426443202979516,51.97,0.5
B0CNRXQRJP,1800 Bed Sheets,Full,Pistachio,151.88,189.09,130,123,4,5,0.03076923076923077,0.04065040650406504,-0.009881175734834269,-37.21000000000001,-0.19678459992596123
B0BTZ5BY6R,1800 Bed Sheet Set 6 PIECE,Twin XL,Light Gray,151.88,75.94,21,10,4,2,0.19047619047619047,0.2,-0.009523809523809545,75.94,1.0
B08BZVYQ96,1800 Bed Sheet Set With DEEP Fitted Sheet,Queen,Emerald Green,149.91,349.78999999999996,186,153,3,7,0.016129032258064516,0.0457516339869281,-0.029622601728863586,-199.87999999999997,-0.5714285714285714
B0822X11FD,1800 Bed Sheet Set With DEEP Fitted Sheet,Split King,Navy Blue,149.91,49.97,23,20,3,1,0.13043478260869565,0.05,0.08043478260869565,99.94,2.0
B08BZW5JLC,1800 Bed Sheet Set With DEEP Fitted Sheet,Split King,Aqua,149.91,49.97,32,31,3,1,0.09375,0.03225806451612903,0.06149193548387097,99.94,2.0
B0822WJHV4,1800 Bed Sheet Set With DEEP Fitted Sheet,Queen,Royal Blue,149.91,99.94,94,100,3,2,0.031914893617021274,0.02,0.011914893617021274,49.97,0.5
B0CYCPKTKS,1800 Bed Sheet Set 6 PC With DEEP Fitted Sheet,Queen,Sky Blue,149.91,49.97,27,31,4,1,0.14814814814814814,0.03225806451612903,0.11589008363201911,99.94,2.0
B0D7JFX2WC,1800 Bed Sheet Set 6 PC With DEEP Fitted Sheet,Queen,Spa Mint,147.91,49.97,33,40,3,1,0.09090909090909091,0.025,0.06590909090909092,97.94,1.9599759855913548
B07MHRNH3W,1800 Duvet Cover Set,King,Light Gray,147.88,73.94,29,24,4,2,0.13793103448275862,0.08333333333333333,0.05459770114942529,73.94,1.0
B0822ZSBN1,1800 Bedskirt,Queen,Light Gray,146.79,188.73,256,182,7,10,0.02734375,0.054945054945054944,-0.027601304945054944,-41.94,-0.2222222222222222
B0B2Q3FF48,1800 Bedskirt,Queen,Golden Ivory,146.79,125.82,93,121,7,6,0.07526881720430108,0.049586776859504134,0.025682040344796944,20.97,0.16666666666666666
B07MMZ7VNL,1800 Pillowcase Set 2 pc,Set of 2 King Size,Spa Blue,143.76,125.78999999999999,35,21,8,7,0.22857142857142856,0.3333333333333333,-0.10476190476190475,17.97,0.14285714285714285
B00RKHX5CQ,1800 Pillowcase Set 2 pc,Set of 2 King Size,Beige,143.76,233.60999999999999,26,40,8,13,0.3076923076923077,0.325,-0.0173076923076923,-89.85,-0.38461538461538464
B014MVUFAM,1800 Pillowcase Set 2 pc,Set of 2 King Size,Black,143.76,71.88,15,13,8,4,0.5333333333333333,0.3076923076923077,0.22564102564102562,71.88,1.0
B08RZG1KTW,1800 Bed Sheets,Split King,Golden Ivory,140.91,93.94,62,78,3,2,0.04838709677419355,0.02564102564102564,0.022746071133167907,46.97,0.5
B01MY7SCEE,1800 Bed Sheets,Split King,Gray,140.91,234.85,32,72,3,5,0.09375,0.06944444444444445,0.024305555555555552,-93.94,-0.4
B08RZDTTWQ,1800 Bed Sheets,Split King,Sage,140.91,93.94,101,112,3,2,0.0297029702970297,0.017857142857142856,0.011845827439886845,46.97,0.5
B07BKMKJKQ,1800 Bed Sheets,Split King,Spa Blue,140.91,46.97,67,68,3,1,0.04477611940298507,0.014705882352941176,0.030070237050043896,93.94,2.0
B01MT8NMIM,1800 Bed Sheets,Split King,Aqua,139.97,93.94,70,66,3,2,0.04285714285714286,0.030303030303030304,0.012554112554112554,46.03,0.48999361294443267
B07J3TFC6H,Cotton Flannel Sheet Set 180GSM,California King,White,139.94,69.97,11,5,2,1,0.18181818181818182,0.2,-0.018181818181818188,69.97,1.0
B0DGQQR6R8,1800 Bed Sheets,Twin XL,Oxford Stripe Sage,139.88,69.94,76,64,4,2,0.05263157894736842,0.03125,0.021381578947368418,69.94,1.0
B00O35D9LA,1800 Bed Sheets,Twin,Brick Red,139.88,69.94,35,37,4,2,0.11428571428571428,0.05405405405405406,0.060231660231660225,69.94,1.0
B08RZCTQKF,1800 Bed Sheets,Twin,Teal,139.88,34.97,61,70,4,1,0.06557377049180328,0.014285714285714285,0.051288056206089,104.91,3.0
B0CNRYNKYC,1800 Bed Sheets,Twin XL,Blue Nova,139.88,279.76,107,110,4,8,0.037383177570093455,0.07272727272727272,-0.03534409515717927,-139.88,-0.5
B0CNRYJ8QB,1800 Bed Sheets,RV / Short Queen,Terracotta,139.88,69.94,21,15,4,2,0.19047619047619047,0.13333333333333333,0.057142857142857134,69.94,1.0
B07R8ZV5RP,1800 Bed Sheets,Twin,Laced Sky Blue,139.88,104.91,45,49,4,3,0.08888888888888889,0.061224489795918366,0.027664399092970526,34.97,0.3333333333333333
B0CLYCRY99,1800 Bed Sheets,Twin,Ivory,139.88,69.94,94,48,4,2,0.0425531914893617,0.041666666666666664,0.0008865248226950367,69.94,1.0
B00WAIGW9S,1800 Bed Sheets,Twin,Lavender,139.88,279.76,145,94,4,8,0.027586206896551724,0.0851063829787234,-0.05752017608217168,-139.88,-0.5
B08V93R9LN,1800 Bed Sheets,RV / Short Queen,Light Gray,139.88,384.66999999999996,65,86,4,11,0.06153846153846154,0.12790697674418605,-0.06636851520572451,-244.78999999999996,-0.6363636363636364
B01DN0A4DQ,1800 Bed Sheets,Twin XL,Emerald Green,139.88,69.94,68,52,4,2,0.058823529411764705,0.038461538461538464,0.02036199095022624,69.94,1.0
B082311FB2,1800 Bedskirt,Twin XL,Black,139.79,139.79,81,76,7,7,0.08641975308641975,0.09210526315789473,-0.0056855100714749834,0.0,0.0
B08BZWCLY2,1800 Bed Sheet Set With DEEP Fitted Sheet,Full,Lavender,137.91,0.0,45,54,3,0,0.06666666666666667,0.0,0.06666666666666667,137.91,
B0BMW97GJF,1800 Bed Sheet Set With DEEP Fitted Sheet,Full,Golden Ivory,137.91,183.88,87,98,3,4,0.034482758620689655,0.04081632653061224,-0.006333567909922587,-45.97,-0.25
B0BMW79MJQ,1800 Bed Sheet Set With DEEP Fitted Sheet,Full,Laced Sky Blue,137.91,45.97,50,68,3,1,0.06,0.014705882352941176,0.04529411764705882,91.94,2.0
B0822XW5PF,1800 Bedskirt,King,Spa Blue,137.82,160.79,53,48,6,7,0.11320754716981132,0.14583333333333334,-0.03262578616352202,-22.97,-0.14285714285714285
B08CZYSHDW,1800 Bed Sheet Set With DEEP Fitted Sheet,Twin,Paisley Gray,134.91,0.0,32,32,3,0,0.09375,0.0,0.09375,134.91,
B07BKMZ5YD,1800 Bed Sheets,California King,Spa Blue,134.91,134.91,64,87,3,3,0.046875,0.034482758620689655,0.012392241379310345,0.0,0.0
B08BZY2D1D,1800 Bed Sheet Set With DEEP Fitted Sheet,Twin XL,Aqua,134.91,134.91,54,45,3,3,0.05555555555555555,0.06666666666666667,-0.011111111111111113,0.0,0.0
B0CYCQ8YLN,1800 Bed Sheet Set 6 PC With DEEP Fitted Sheet,Full,White,134.91,44.97,26,19,3,1,0.11538461538461539,0.05263157894736842,0.06275303643724697,89.94,2.0
B0822WL4Z5,1800 Bed Sheet Set With DEEP Fitted Sheet,Twin,Blue Hydrangea,134.91,89.94,23,35,3,2,0.13043478260869565,0.05714285714285714,0.07329192546583851,44.97,0.5
B01CYLCUAK,1800 Bed Sheets,California King,Paisley Gray,134.91,179.88,84,73,3,4,0.03571428571428571,0.0547945205479452,-0.01908023483365949,-44.97,-0.25
B0BMW6RRP6,1800 Bed Sheet Set With DEEP Fitted Sheet,Twin,Pinstripe Gray,134.91,89.94,37,60,3,2,0.08108108108108109,0.03333333333333333,0.04774774774774775,44.97,0.5
B0BMW8WYMQ,1800 Bed Sheet Set With DEEP Fitted Sheet,Twin,Laced Sky Blue,134.91,0.0,17,17,3,0,0.17647058823529413,0.0,0.17647058823529413,134.91,
B01DN0AZEE,1800 Bed Sheets,California King,Coral,134.91,44.97,40,38,3,1,0.075,0.02631578947368421,0.04868421052631579,89.94,2.0
B07R6TBBCQ,1800 Bed Sheets,California King,Laced Sky Blue,134.91,44.97,101,97,3,1,0.0297029702970297,0.010309278350515464,0.01939369194651424,89.94,2.0
B08CZXP1GG,1800 Bed Sheet Set With DEEP Fitted Sheet,Twin XL,Paisley Gray,134.91,44.97,54,56,3,1,0.05555555555555555,0.017857142857142856,0.037698412698412696,89.94,2.0
B0BMW7914Q,1800 Bed Sheet Set With DEEP Fitted Sheet,Twin XL,Golden Ivory,134.91,404.73,88,124,4,9,0.045454545454545456,0.07258064516129033,-0.02712609970674487,-269.82000000000005,-0.6666666666666667
B00SU0QUUQ,1800 Bed Sheets,California King,Light Gray,134.91,268.92,84,106,3,6,0.03571428571428571,0.05660377358490566,-0.02088948787061995,-134.01000000000002,-0.498326639892905
B0822W2CT7,1800 Bed Sheet Set With DEEP Fitted Sheet,Twin XL,Royal Blue,134.91,134.91,21,24,3,3,0.14285714285714285,0.125,0.01785714285714285,0.0,0.0
B0822XD973,1800 Bed Sheet Set With DEEP Fitted Sheet,Twin XL,Beige,134.91,89.94,42,44,3,2,0.07142857142857142,0.045454545454545456,0.02597402597402597,44.97,0.5
B0822YGP85,1800 Pillowcase Set 4 pc,Standard,Light Gray,134.46,0.0,34,18,5,0,0.14705882352941177,0.0,0.14705882352941177,134.46,
B01ES3N46G,1800 Fitted Sheet,Twin XL,Light Gray,132.79,75.88,26,29,7,4,0.2692307692307692,0.13793103448275862,0.1312997347480106,56.91,0.75
B01N6H22Z5,Cotton Flannel Sheet Set 160GSM,Twin XL,Gray,131.91,87.94,34,28,3,2,0.08823529411764706,0.07142857142857142,0.01680672268907564,43.97,0.5
B0BTZ81ZZK,1800 Bed Sheet Set 6 PIECE,Queen,Aqua,131.91,0.0,30,28,3,0,0.1,0.0,0.1,131.91,
B0BTZ4V7MT,1800 Bed Sheet Set 6 PIECE,Queen,Coral,131.91,43.97,32,23,3,1,0.09375,0.043478260869565216,0.050271739130434784,87.94,2.0
B0BTZ6J8CY,1800 Bed Sheet Set 6 PIECE,Queen,Spa Blue,131.91,131.91,40,44,3,3,0.075,0.06818181818181818,0.0068181818181818205,0.0,0.0
B0BTZ7DKC5,1800 Bed Sheet Set 6 PIECE,Queen,Beige,131.91,219.85,74,87,3,5,0.04054054054054054,0.05747126436781609,-0.01693072382727555,-87.94,-0.4
B0822WVBNY,"1800 Fitted Sheet 21"" Deep",Twin XL,White,131.82,43.94,33,27,6,2,0.18181818181818182,0.07407407407407407,0.10774410774410775,87.88,2.0
B0822WNDSS,"1800 Fitted Sheet 21"" Deep",King,Light Gray,129.85,155.82,38,27,5,6,0.13157894736842105,0.2222222222222222,-0.09064327485380116,-25.97,-0.16666666666666666
B0CNRYW1JW,1800 Bed Sheets,King,Pistachio,128.91,128.91,222,311,3,3,0.013513513513513514,0.00964630225080386,0.003867211262709655,0.0,0.0
B0CNRXX5TK,1800 Pillowcase Set 2 pc,Set of 2 Standard Size,Blue Nova,125.78999999999999,71.88,23,28,7,5,0.30434782608695654,0.17857142857142858,0.12577639751552797,53.91,0.75
B0CNRVZVMG,1800 Pillowcase Set 2 pc,Set of 2 Standard Size,Hazy Lilac,125.78999999999999,107.82,27,28,7,6,0.25925925925925924,0.21428571428571427,0.04497354497354497,17.97,0.16666666666666666
B01DG59M04,1800 Pillowcase Set 2 pc,Set of 2 King Size,Tan,125.78999999999999,125.78999999999999,13,16,7,7,0.5384615384615384,0.4375,0.10096153846153844,0.0,0.0
B081K6V8GD,Cotton Flannel Sheet Set 160GSM,California King,Sage,121.94,60.97,6,12,2,1,0.3333333333333333,0.08333333333333333,0.25,60.97,1.0
B0822W5CW8,"1800 Fitted Sheet 21"" Deep",Queen,Navy Blue,119.85,23.97,15,13,5,1,0.3333333333333333,0.07692307692307693,0.2564102564102564,95.88,4.0
B0CYCQPWXR,1800 Bed Sheet Set 6 PC With DEEP Fitted Sheet,California King,Spa Blue,118.74000000000001,0.0,6,6,2,0,0.3333333333333333,0.0,0.3333333333333333,118.74000000000001,
B0CYCRZYN3,1800 Bed Sheet Set 6 PC With DEEP Fitted Sheet,King,Sage,117.94,176.91,36,26,2,3,0.05555555555555555,0.11538461538461539,-0.05982905982905984,-58.97,-0.3333333333333333
B0CYCMX1XX,1800 Bed Sheet Set 6 PC With DEEP Fitted Sheet,King,Gray,117.94,57.79,24,14,2,1,0.08333333333333333,0.07142857142857142,0.011904761904761904,60.15,1.0408375151410278
B0CYCSC4DD,1800 Bed Sheet Set 6 PC With DEEP Fitted Sheet,King,Emerald Green,117.94,176.91,13,15,2,3,0.15384615384615385,0.2,-0.046153846153846156,-58.97,-0.3333333333333333
B0CYCNWF94,1800 Bed Sheet Set 6 PC With DEEP Fitted Sheet,King,Taupe,117.94,0.0,24,18,2,0,0.08333333333333333,0.0,0.08333333333333333,117.94,
B01N6H24DP,Cotton Flannel Sheet Set 160GSM,King,Gray,117.94,0.0,9,8,2,0,0.2222222222222222,0.0,0.2222222222222222,117.94,
B0BTZ4HCRP,1800 Bed Sheet Set 6 PIECE,Full,Gray,116.91,38.97,14,13,3,1,0.21428571428571427,0.07692307692307693,0.13736263736263735,77.94,2.0
B0BTZ4QWHW,1800 Bed Sheet Set 6 PIECE,Full,Blush Pink,116.91,0.0,21,22,3,0,0.14285714285714285,0.0,0.14285714285714285,116.91,
B0BTZ6R4FW,1800 Bed Sheet Set 6 PIECE,Split King,Lavender,115.94,0.0,2,2,2,0,1.0,0.0,1.0,115.94,
B0BTZ6DW43,1800 Bed Sheet Set 6 PIECE,Split King,Blue Hydrangea,115.94,0.0,15,5,2,0,0.13333333333333333,0.0,0.13333333333333333,115.94,
B0823123JL,1800 Bedskirt,Cal King,Navy Blue,114.85,45.94,27,27,5,2,0.18518518518518517,0.07407407407407407,0.1111111111111111,68.91,1.5
B0DGQQYPRL,1800 Bed Sheets,Full,Oxford Stripe Sage,113.91,227.82,122,133,3,6,0.02459016393442623,0.045112781954887216,-0.020522618020460986,-113.91,-0.5
B0BTZ6GPMT,1800 Bed Sheet Set 6 PIECE,Twin XL,Brown,113.91,0.0,17,3,3,0,0.17647058823529413,0.0,0.17647058823529413,113.91,
B0822WCRPX,"1800 Fitted Sheet 21"" Deep",Full,White,109.85,43.94,28,24,5,2,0.17857142857142858,0.08333333333333333,0.09523809523809525,65.91,1.5
B0822W781G,"1800 Fitted Sheet 21"" Deep",Twin,Royal Blue,109.85,0.0,25,21,5,0,0.2,0.0,0.2,109.85,
B0822Y1CB6,1800 Pillowcase Set 4 pc,King,Blue Hydrangea,108.0,0.0,12,11,4,0,0.3333333333333333,0.0,0.3333333333333333,108.0,
B00RKHXDTG,1800 Pillowcase Set 2 pc,Set of 2 King Size,Aqua,107.82,107.46,17,11,6,6,0.35294117647058826,0.5454545454545454,-0.19251336898395716,0.35999999999999943,0.003350083752093797
B01DN0B6A6,1800 Pillowcase Set 2 pc,Set of 2 Standard Size,Coral,107.1,287.52,32,46,6,16,0.1875,0.34782608695652173,-0.16032608695652173,-180.42,-0.6275041736227045
B0BTZ6RFZL,1800 Bed Sheet Set 6 PIECE,King,Navy Blue,105.94,158.91,22,27,2,3,0.09090909090909091,0.1111111111111111,-0.020202020202020193,-52.97,-0.3333333333333333
B0BTZ5X2MF,1800 Bed Sheet Set 6 PIECE,King,Blush Pink,105.94,0.0,26,13,2,0,0.07692307692307693,0.0,0.07692307692307693,105.94,
B0CNRYNV4P,1800 Bed Sheets,Twin XL,Pistachio,104.91,0.0,37,49,3,0,0.08108108108108109,0.0,0.08108108108108109,104.91,
B0CNRZB226,1800 Bed Sheets,RV / Short Queen,Blue Nova,104.91,0.0,30,35,3,0,0.1,0.0,0.1,104.91,
B0CNRX7KCV,1800 Bed Sheets,Twin,Hazy Lilac,104.91,174.85,73,66,3,5,0.0410958904109589,0.07575757575757576,-0.03466168534661686,-69.94,-0.4
B08V91TK7Q,1800 Bed Sheets,RV / Short Queen,Spa Blue,104.91,69.94,45,55,3,2,0.06666666666666667,0.03636363636363636,0.030303030303030304,34.97,0.5
B0DGQRFYH8,1800 Bed Sheets,Twin,Mineral Gray,104.91,381.87,88,97,3,11,0.03409090909090909,0.1134020618556701,-0.07931115276476101,-276.96000000000004,-0.725272998664467
B01CYLCDCU,1800 Bed Sheets,Twin,Paisley Gray,104.91,69.94,48,40,3,2,0.0625,0.05,0.012499999999999997,34.97,0.5
B016P42SOU,1800 Bed Sheets,Twin XL,Purple,104.91,69.94,35,28,3,2,0.08571428571428572,0.07142857142857142,0.01428571428571429,34.97,0.5
B016P433QC,1800 Bed Sheets,Twin XL,Royal Blue,104.91,310.53,60,70,3,9,0.05,0.12857142857142856,-0.07857142857142856,-205.61999999999998,-0.6621582455801371
B0CNRYSD6P,1800 Bed Sheets,RV / Short Queen,Poppy Orange,104.91,69.94,11,11,3,2,0.2727272727272727,0.18181818181818182,0.09090909090909088,34.97,0.5
B01MYZYURF,Cotton Flannel Sheet Set 160GSM,Queen,Blue,103.94,103.94,17,17,2,2,0.11764705882352941,0.11764705882352941,0.0,0.0,0.0
B0BMW9JMXG,1800 Bed Sheet Set With DEEP Fitted Sheet,California King,Laced Sky Blue,103.94,155.91,68,70,2,3,0.029411764705882353,0.04285714285714286,-0.013445378151260505,-51.97,-0.3333333333333333
B0822VY3C8,"1800 Fitted Sheet 21"" Deep",California King,White,103.88,0.0,34,22,4,0,0.11764705882352941,0.0,0.11764705882352941,103.88,
B013FJJH1A,1800 Bed Sheets,Twin,Royal Blue,103.51,139.88,45,46,3,4,0.06666666666666667,0.08695652173913043,-0.020289855072463767,-36.36999999999999,-0.26000857878181294
B0CYCRTCSN,1800 Bed Sheet Set 6 PC With DEEP Fitted Sheet,Queen,Lavender,99.94,49.97,11,13,2,1,0.18181818181818182,0.07692307692307693,0.1048951048951049,49.97,1.0
B0CYCPL4PN,1800 Bed Sheet Set 6 PC With DEEP Fitted Sheet,Queen,Light Gray,99.94,99.94,21,24,2,2,0.09523809523809523,0.08333333333333333,0.011904761904761904,0.0,0.0
B08BZWY862,1800 Bed Sheet Set With DEEP Fitted Sheet,Split King,Lavender,99.94,99.94,28,36,2,2,0.07142857142857142,0.05555555555555555,0.015873015873015872,0.0,0.0
B0D7J69H6B,1800 Bed Sheet Set 6 PC With DEEP Fitted Sheet,Queen,Beige,99.94,99.94,24,28,2,2,0.08333333333333333,0.07142857142857142,0.011904761904761904,0.0,0.0
B08NPRB59K,400TC Cotton Sheet Set,Twin XL,Ivory,99.94,0.0,2,1,2,0,1.0,0.0,1.0,99.94,
B08NPT2QQ4,400TC Cotton Sheet Set,Twin,Light Blue,99.94,0.0,5,1,2,0,0.4,0.0,0.4,99.94,
B0CYCPT2FR,1800 Bed Sheet Set 6 PC With DEEP Fitted Sheet,Queen,Blue Hydrangea,99.94,99.94,25,18,2,2,0.08,0.1111111111111111,-0.031111111111111103,0.0,0.0
B0822Y8J89,1800 Bedskirt,Twin XL,Beige,99.85,159.76,56,63,5,8,0.08928571428571429,0.12698412698412698,-0.03769841269841269,-59.91,-0.375
B01ETTI3EC,1800 Flat Sheet,California King,Black,99.85,39.94,34,25,5,2,0.14705882352941177,0.08,0.06705882352941177,59.91,1.5
B0822W8CWV,"1800 Fitted Sheet 21"" Deep",Queen,White,95.88,71.91,56,34,4,3,0.07142857142857142,0.08823529411764706,-0.01680672268907564,23.97,0.3333333333333333
B01MS71I4Z,1800 Bed Sheets,Split King,Tan,93.94,0.0,42,43,2,0,0.047619047619047616,0.0,0.047619047619047616,93.94,
B0CNS1M85H,1800 Bed Sheets,Split King,Blue Nova,93.94,93.94,30,30,2,2,0.06666666666666667,0.06666666666666667,0.0,0.0,0.0
B01MR5L532,1800 Bed Sheets,Split King,Lavender,93.94,140.91,22,47,2,3,0.09090909090909091,0.06382978723404255,0.027079303675048363,-46.97,-0.3333333333333333
B01MY7UN7F,1800 Bed Sheets,Split King,Navy Blue,93.94,140.91,23,23,2,3,0.08695652173913043,0.13043478260869565,-0.043478260869565216,-46.97,-0.3333333333333333
B0822VS5W8,1800 Bed Sheet Set With DEEP Fitted Sheet,Full,Black,91.94,45.97,29,39,2,1,0.06896551724137931,0.02564102564102564,0.04332449160035367,45.97,1.0
B0822VSKCD,1800 Bed Sheet Set With DEEP Fitted Sheet,Full,Beige,91.94,229.85,57,60,2,5,0.03508771929824561,0.08333333333333333,-0.04824561403508772,-137.91,-0.6
B00WAIH7V0,1800 Bed Sheets,California King,Black,89.94,269.82,21,32,2,6,0.09523809523809523,0.1875,-0.09226190476190477,-179.88,-0.6666666666666666
B08BZXC2VF,1800 Bed Sheet Set With DEEP Fitted Sheet,Twin,Aqua,89.94,0.0,31,24,2,0,0.06451612903225806,0.0,0.06451612903225806,89.94,
B0BMW8G18Z,1800 Bed Sheet Set With DEEP Fitted Sheet,Twin,Blush Pink,89.94,179.88,47,67,2,4,0.0425531914893617,0.05970149253731343,-0.01714830104795173,-89.94,-0.5
B0BMW9DRC4,1800 Bed Sheet Set With DEEP Fitted Sheet,Twin XL,Pinstripe Gray,89.94,404.73,69,74,2,9,0.028985507246376812,0.12162162162162163,-0.09263611437524481,-314.79,-0.7777777777777778
B0CNRVWHB1,1800 Bed Sheets,California King,Hazy Lilac,89.94,134.91,50,57,2,3,0.04,0.05263157894736842,-0.012631578947368417,-44.97,-0.3333333333333333
B013FJJSSW,1800 Bed Sheets,California King,Royal Blue,89.94,134.91,28,32,2,3,0.07142857142857142,0.09375,-0.022321428571428575,-44.97,-0.3333333333333333
B08BZYDJCT,1800 Bed Sheet Set With DEEP Fitted Sheet,Twin XL,Lavender,89.94,134.91,38,46,2,3,0.05263157894736842,0.06521739130434782,-0.012585812356979406,-44.97,-0.3333333333333333
B0CNRY813X,1800 Bed Sheets,California King,Blue Nova,89.94,0.0,41,39,2,0,0.04878048780487805,0.0,0.04878048780487805,89.94,
B08BZX8G3H,1800 Bed Sheet Set With DEEP Fitted Sheet,Twin XL,Brown,89.94,134.91,20,15,2,3,0.1,0.2,-0.1,-44.97,-0.3333333333333333
B0DGQQ56WT,1800 Bed Sheets,California King,Mineral Gray,89.94,0.0,83,81,2,0,0.024096385542168676,0.0,0.024096385542168676,89.94,
B0822WKWYQ,1800 Bed Sheet Set With DEEP Fitted Sheet,Twin,Gray,89.94,89.94,32,35,2,2,0.0625,0.05714285714285714,0.005357142857142859,0.0,0.0
B08TRP773N,1800 Pillowcase Set 2 pc,Set of 2 King Size,Sage,89.85,71.88,25,40,5,4,0.2,0.1,0.1,17.97,0.25
B00RKHWWTI,1800 Pillowcase Set 2 pc,Set of 2 Standard Size,Gold,89.85,269.18999999999994,20,79,5,15,0.25,0.189873417721519,0.060126582278481,-179.33999999999995,-0.6662208848768527
B010LAZQW0,1800 Pillowcase Set 2 pc,Set of 2 Standard Size,Striped White,89.85,89.85,20,15,5,5,0.25,0.3333333333333333,-0.08333333333333331,0.0,0.0
B00RKHX1WA,1800 Pillowcase Set 2 pc,Set of 2 Standard Size,Brick Red,89.85,17.97,16,13,5,1,0.3125,0.07692307692307693,0.23557692307692307,71.88,4.0
B0822YV6M1,1800 Pillowcase Set 2 pc,Set of 2 Standard Size,Pinstripe Gray,89.85,89.49,18,20,5,5,0.2777777777777778,0.25,0.02777777777777779,0.35999999999999943,0.004022795843110956
B08TRPW85X,1800 Pillowcase Set 2 pc,Set of 2 Standard Size,Teal,89.85,125.78999999999999,25,36,5,7,0.2,0.19444444444444445,0.005555555555555564,-35.94,-0.2857142857142857
B0CNRZM2G6,1800 Pillowcase Set 2 pc,Set of 2 King Size,Sky Blue,89.85,107.82,19,20,5,6,0.2631578947368421,0.3,-0.0368421052631579,-17.97,-0.16666666666666666
B0822W37GB,1800 Pillow Shams 2 piece,King,Spa Blue,89.82000000000001,44.910000000000004,38,39,6,3,0.15789473684210525,0.07692307692307693,0.08097165991902833,44.910000000000004,1.0
B0CNWFHGRS,1800 Pillowcase Set 2 pc,Set of 2 King Size,Ivory,89.49,125.78999999999999,21,15,5,7,0.23809523809523808,0.4666666666666667,-0.2285714285714286,-36.3,-0.288576198425948
B0BTZ6C597,1800 Bed Sheet Set 6 PIECE,Queen,Emerald Green,87.94,43.97,23,22,2,1,0.08695652173913043,0.045454545454545456,0.04150197628458498,43.97,1.0
B0BTZ5617G,1800 Bed Sheet Set 6 PIECE,Queen,Blush Pink,87.94,43.97,32,43,2,1,0.0625,0.023255813953488372,0.03924418604651163,43.97,1.0
B0BTZ5LJPM,1800 Bed Sheet Set 6 PIECE,Queen,Black,87.94,87.94,12,12,2,2,0.16666666666666666,0.16666666666666666,0.0,0.0,0.0
B0BTZ6XJMT,1800 Bed Sheet Set 6 PIECE,Queen,Lavender,87.94,43.97,26,40,2,1,0.07692307692307693,0.025,0.051923076923076926,43.97,1.0
B0BTZ5F2C9,1800 Bed Sheet Set 6 PIECE,Queen,Brown,87.94,0.0,21,15,2,0,0.09523809523809523,0.0,0.09523809523809523,87.94,
B0BTZ4Z8X4,1800 Bed Sheet Set 6 PIECE,Queen,Navy Blue,87.94,131.91,19,24,2,3,0.10526315789473684,0.125,-0.019736842105263164,-43.97,-0.3333333333333333
B0BTZ6Q3QW,1800 Bed Sheet Set 6 PIECE,Queen,Yellow,87.94,0.0,28,32,2,0,0.07142857142857142,0.0,0.07142857142857142,87.94,
B01ES3MQX8,1800 Fitted Sheet,King,Gray,87.88,0.0,19,21,4,0,0.21052631578947367,0.0,0.21052631578947367,87.88,
B01ES3NA74,1800 Fitted Sheet,King,Light Gray,87.88,109.85,20,17,4,5,0.2,0.29411764705882354,-0.09411764705882353,-21.97,-0.2
B082311F9Z,1800 Bedskirt,Queen,Navy Blue,83.88,104.85,59,50,4,5,0.06779661016949153,0.1,-0.03220338983050848,-20.97,-0.2
B0822Z12BH,1800 Pillowcase Set 4 pc,King,Gray,81.0,27.0,18,5,3,1,0.16666666666666666,0.2,-0.033333333333333354,54.0,2.0
B01ES3M7U0,1800 Fitted Sheet,Queen,Blue Hydrangea,79.88,39.94,22,14,4,2,0.18181818181818182,0.14285714285714285,0.038961038961038974,39.94,1.0
B01ES3L9GS,1800 Fitted Sheet,Queen,Navy Blue,79.88,19.97,10,11,4,1,0.4,0.09090909090909091,0.3090909090909091,59.91,3.0
B0BTZ4XGNW,1800 Bed Sheet Set 6 PIECE,Full,Blue Hydrangea,77.94,77.94,14,11,2,2,0.14285714285714285,0.18181818181818182,-0.038961038961038974,0.0,0.0
B0BTZ6JY57,1800 Bed Sheet Set 6 PIECE,Full,Golden Ivory,77.94,116.91,25,22,2,3,0.08,0.13636363636363635,-0.05636363636363635,-38.97,-0.3333333333333333
B0BTZ5LJPR,1800 Bed Sheet Set 6 PIECE,Full,Beige,77.94,38.97,11,10,2,1,0.18181818181818182,0.1,0.08181818181818182,38.97,1.0
B0BTZ6WFRX,1800 Bed Sheet Set 6 PIECE,Full,Light Gray,77.94,38.97,18,14,2,1,0.1111111111111111,0.07142857142857142,0.03968253968253968,38.97,1.0
B08D12G8VL,"1800 Fitted Sheet 21"" Deep",King,Coral,77.91,51.94,22,23,3,2,0.13636363636363635,0.08695652173913043,0.04940711462450592,25.97,0.5
B0BTZ6GX35,1800 Bed Sheet Set 6 PIECE,Twin,Navy Blue,75.94,37.97,5,7,2,1,0.4,0.14285714285714285,0.2571428571428572,37.97,1.0
B0BTZ4Q11V,1800 Bed Sheet Set 6 PIECE,Twin,Coral,75.94,37.97,7,12,2,1,0.2857142857142857,0.08333333333333333,0.20238095238095238,37.97,1.0
B00O35DHNA,1800 Bed Sheets,Full,Gold,75.94,37.97,49,63,2,1,0.04081632653061224,0.015873015873015872,0.02494331065759637,37.97,1.0
B0BTZ2M96Q,1800 Bed Sheet Set 6 PIECE,Twin XL,Golden Ivory,75.94,113.91,22,18,2,3,0.09090909090909091,0.16666666666666666,-0.07575757575757575,-37.97,-0.3333333333333333
B01ES3OQEA,1800 Fitted Sheet,Full,Blue Hydrangea,75.88,37.94,11,12,4,2,0.36363636363636365,0.16666666666666666,0.196969696969697,37.94,1.0
B08TRRBN7D,1800 Fitted Sheet,Full,Golden Ivory,75.88,0.0,18,8,4,0,0.2222222222222222,0.0,0.2222222222222222,75.88,
B08TRRBZSQ,1800 Fitted Sheet,Twin,Blush Pink,75.88,18.97,14,10,4,1,0.2857142857142857,0.1,0.1857142857142857,56.91,3.0
B01ES3NGTQ,1800 Fitted Sheet,Twin XL,Blue Hydrangea,75.88,37.94,11,9,4,2,0.36363636363636365,0.2222222222222222,0.14141414141414144,37.94,1.0
B01ETTDVSK,1800 Flat Sheet,Queen,Navy Blue,75.88,0.0,13,10,4,0,0.3076923076923077,0.0,0.3076923076923077,75.88,
B0CNRYLZCL,1800 Bed Sheets,Full,Poppy Orange,75.18,37.97,70,59,2,1,0.02857142857142857,0.01694915254237288,0.01162227602905569,37.21000000000001,0.9799841980510932
B08NPRBV33,400TC Cotton Sheet Set,King,Ivory,74.97,74.97,7,9,2,1,0.2857142857142857,0.1111111111111111,0.1746031746031746,0.0,0.0
B0822VY7BG,"1800 Fitted Sheet 21"" Deep",Queen,Gray,71.91,95.88,29,44,3,4,0.10344827586206896,0.09090909090909091,0.012539184952978052,-23.97,-0.25
B0CNRX9Q3L,1800 Pillowcase Set 2 pc,Set of 2 King Size,Hazy Lilac,71.88,35.94,21,11,4,2,0.19047619047619047,0.18181818181818182,0.008658008658008642,35.94,1.0
B0822Z1DLW,1800 Pillowcase Set 2 pc,Set of 2 King Size,Laced Sky Blue,71.88,17.97,17,26,4,1,0.23529411764705882,0.038461538461538464,0.19683257918552036,53.91,3.0
B0822WZZ26,1800 Pillowcase Set 2 pc,Set of 2 Standard Size,Laced Sky Blue,71.88,0.0,20,23,4,0,0.2,0.0,0.2,71.88,
B00RKHXIQO,1800 Pillowcase Set 2 pc,Set of 2 King Size,Brown,71.88,71.88,24,14,4,5,0.16666666666666666,0.35714285714285715,-0.1904761904761905,0.0,0.0
B014MVUGNS,1800 Pillowcase Set 2 pc,Set of 2 King Size,Lavender,71.88,35.94,16,14,4,2,0.25,0.14285714285714285,0.10714285714285715,35.94,1.0
B0CNRZ73D8,1800 Bed Sheets,Twin,Poppy Orange,69.94,34.97,21,26,2,1,0.09523809523809523,0.038461538461538464,0.05677655677655677,34.97,1.0
B07PP4PSBZ,1800 Duvet Cover Set,Queen,Laced Sky Blue,69.94,34.97,46,32,2,1,0.043478260869565216,0.03125,0.012228260869565216,34.97,1.0
B00O35D74Y,1800 Bed Sheets,Twin,Brown,69.94,139.88,26,35,2,4,0.07692307692307693,0.11428571428571428,-0.037362637362637355,-69.94,-0.5
B016P42QTC,1800 Bed Sheets,Twin XL,Brown,69.94,69.94,37,22,2,2,0.05405405405405406,0.09090909090909091,-0.036855036855036855,0.0,0.0
B0DGQQ87MC,1800 Bed Sheets,Twin,Oxford Stripe Sage,69.94,69.94,42,38,2,2,0.047619047619047616,0.05263157894736842,-0.005012531328320802,0.0,0.0
B08V8ZVGQ6,1800 Bed Sheets,RV / Short Queen,Brick Red,69.94,34.97,11,13,2,1,0.18181818181818182,0.07692307692307693,0.1048951048951049,34.97,1.0
B0DGQR6JZW,1800 Bed Sheets,Twin XL,Charcoal,69.94,104.91,17,22,2,3,0.11764705882352941,0.13636363636363635,-0.018716577540106943,-34.97,-0.3333333333333333
B07R6T8YGK,1800 Bed Sheets,Twin XL,Chevron Gray,69.94,139.88,265,314,2,4,0.007547169811320755,0.012738853503184714,-0.005191683691863959,-69.94,-0.5
B016P42UWA,1800 Bed Sheets,Twin XL,Brick Red,69.94,69.24,46,50,2,2,0.043478260869565216,0.04,0.0034782608695652154,0.7000000000000028,0.010109763142692128
B07M6VHK9G,1800 Duvet Cover Set,Queen,Black,69.94,34.97,23,17,2,1,0.08695652173913043,0.058823529411764705,0.028132992327365727,34.97,1.0
B0B2Q3NLYP,1800 Bedskirt,King,Golden Ivory,68.91,68.91,76,92,3,3,0.039473684210526314,0.03260869565217391,0.0068649885583524015,0.0,0.0
B01ETTFH14,1800 Flat Sheet,Twin XL,White,67.88,0.0,15,18,4,0,0.26666666666666666,0.0,0.26666666666666666,67.88,
B07X3WN9MY,Cotton Flannel Sheet Set 180GSM,King,Navy,65.97,0.0,14,11,1,0,0.07142857142857142,0.0,0.07142857142857142,65.97,
B07X1SX66J,Cotton Flannel Sheet Set 180GSM,King,Light Gray Plaid,65.97,0.0,10,5,1,0,0.1,0.0,0.1,65.97,
B08TRRF1JN,1800 Fitted Sheet,King,Golden Ivory,65.91,43.94,18,14,3,2,0.16666666666666666,0.14285714285714285,0.023809523809523808,21.97,0.5
B01ES3O0TG,1800 Fitted Sheet,California King,White,65.91,43.94,13,15,3,2,0.23076923076923078,0.13333333333333333,0.09743589743589745,21.97,0.5
B0822T5GM8,"1800 Fitted Sheet 21"" Deep",Full,Light Gray,65.91,21.97,12,14,3,1,0.25,0.07142857142857142,0.17857142857142858,43.94,2.0
B01ES3NN4Y,1800 Fitted Sheet,King,Blue Hydrangea,65.91,65.91,17,18,3,3,0.17647058823529413,0.16666666666666666,0.009803921568627472,0.0,0.0
B08NPN1ZQR,400TC Cotton Sheet Set,Queen,Gray,64.97,0.0,7,7,1,0,0.14285714285714285,0.0,0.14285714285714285,64.97,
B0822Y48HH,1800 Bedskirt,Queen,Beige,62.91,0.0,146,0,3,0,0.02054794520547945,,,62.91,
B0822XD5NV,"1800 Fitted Sheet 21"" Deep",Twin XL,Beige,61.52,76.9,19,13,4,5,0.21052631578947367,0.38461538461538464,-0.17408906882591096,-15.380000000000003,-0.2
B01N7IELX1,Cotton Flannel Sheet Set 160GSM,California King,White,60.97,60.97,8,4,1,1,0.125,0.25,-0.125,0.0,0.0
B07YYLQFGB,Cotton Flannel Sheet Set 160GSM,California King,Blue,60.97,60.97,14,16,1,1,0.07142857142857142,0.0625,0.008928571428571425,0.0,0.0
B01NCLTDAE,Cotton Flannel Sheet Set 160GSM,California King,Gray,60.97,0.0,7,2,1,0,0.14285714285714285,0.0,0.14285714285714285,60.97,
B0CYCNPNLC,1800 Bed Sheet Set 6 PC With DEEP Fitted Sheet,California King,Light Gray,59.97,0.0,3,5,1,0,0.3333333333333333,0.0,0.3333333333333333,59.97,
B0CYCPCC58,1800 Bed Sheet Set 6 PC With DEEP Fitted Sheet,California King,Tan,59.97,0.0,5,4,1,0,0.2,0.0,0.2,59.97,
B08YP4GVZ7,Ruffle Skirt Bedspread Solid,King,Solid Gray,59.97,0.0,14,7,1,0,0.07142857142857142,0.0,0.07142857142857142,59.97,
B08TRS9MW9,1800 Fitted Sheet,Queen,Golden Ivory,59.91,39.94,20,26,3,2,0.15,0.07692307692307693,0.07307692307692307,19.97,0.5
B0822ZFNGJ,1800 Bedskirt,Twin XL,Light Gray,59.91,119.82,26,40,3,6,0.11538461538461539,0.15,-0.0346153846153846,-59.91,-0.5
B08TRQYGNT,1800 Fitted Sheet,Queen,Blush Pink,59.91,39.94,13,17,3,2,0.23076923076923078,0.11764705882352941,0.11312217194570137,19.97,0.5
B0822XYSQR,1800 Bedskirt,Full,Beige,59.91,59.91,54,76,3,3,0.05555555555555555,0.039473684210526314,0.01608187134502924,0.0,0.0
B01ES3LXTQ,1800 Fitted Sheet,Queen,Lavender,59.91,39.94,19,14,3,2,0.15789473684210525,0.14285714285714285,0.015037593984962405,19.97,0.5
B01ETTH5H8,1800 Flat Sheet,California King,White,59.91,199.7,38,27,3,10,0.07894736842105263,0.37037037037037035,-0.2914230019493177,-139.79,-0.7
B01NCM49W6,Cotton Flannel Sheet Set 160GSM,King,Sage,58.97,0.0,20,19,1,0,0.05,0.0,0.05,58.97,
B07WZP4STM,Cotton Flannel Sheet Set 180GSM,Queen,Navy,58.97,58.97,25,34,2,1,0.08,0.029411764705882353,0.05058823529411765,0.0,0.0
B0CYCPFWQL,1800 Bed Sheet Set 6 PC With DEEP Fitted Sheet,King,Blue Hydrangea,58.97,176.91,27,23,1,3,0.037037037037037035,0.13043478260869565,-0.09339774557165861,-117.94,-0.6666666666666666
B0CYCQXPNV,1800 Bed Sheet Set 6 PC With DEEP Fitted Sheet,King,Hazy Lilac,58.97,117.94,18,20,1,2,0.05555555555555555,0.1,-0.04444444444444445,-58.97,-0.5
B07X1SS7N7,Cotton Flannel Sheet Set 160GSM,King,Pink,58.97,0.0,3,7,1,0,0.3333333333333333,0.0,0.3333333333333333,58.97,
B0CYCQQ89M,1800 Bed Sheet Set 6 PC With DEEP Fitted Sheet,King,Blue Nova,58.97,117.94,25,27,1,2,0.04,0.07407407407407407,-0.03407407407407407,-58.97,-0.5
B01N6H21GR,Cotton Flannel Sheet Set 160GSM,King,White,58.97,117.94,25,29,1,2,0.04,0.06896551724137931,-0.02896551724137931,-58.97,-0.5
B07WZP5KZL,Cotton Flannel Sheet Set 180GSM,Queen,Floral Feathers,58.97,0.0,24,21,1,0,0.041666666666666664,0.0,0.041666666666666664,58.97,
B01MQW83B5,Cotton Flannel Sheet Set 160GSM,King,Blue,58.97,58.97,7,7,1,1,0.14285714285714285,0.14285714285714285,0.0,0.0,0.0
B0BTZ3PP1J,1800 Bed Sheet Set 6 PIECE,Split King,Emerald Green,57.97,0.0,3,3,1,0,0.3333333333333333,0.0,0.3333333333333333,57.97,
B0BTZ4JTHW,1800 Bed Sheet Set 6 PIECE,Split King,Brown,57.97,0.0,9,6,1,0,0.1111111111111111,0.0,0.1111111111111111,57.97,
B0BTZ5T52H,1800 Bed Sheet Set 6 PIECE,Split King,Sage,57.97,0.0,4,4,1,0,0.25,0.0,0.25,57.97,
B01ES3L50S,1800 Fitted Sheet,Twin,White,56.91,94.85,15,23,3,5,0.2,0.21739130434782608,-0.01739130434782607,-37.94,-0.4
B01ES3NZL0,1800 Fitted Sheet,Full,Gray,56.91,56.91,11,12,3,3,0.2727272727272727,0.25,0.022727272727272707,0.0,0.0
B08TRQQR3C,1800 Fitted Sheet,Twin,Golden Ivory,56.91,18.97,12,9,3,1,0.25,0.1111111111111111,0.1388888888888889,37.94,2.0
B076PH3HVF,1800 Ultrasonic Coverlet,King,Navy,54.97,54.97,118,121,1,1,0.00847457627118644,0.008264462809917356,0.00021011346126908505,0.0,0.0
B0BTZ4FMZ1,1800 Bed Sheet Set 6 PIECE,California King,Emerald Green,54.97,54.97,3,9,1,1,0.3333333333333333,0.1111111111111111,0.2222222222222222,0.0,0.0
B0BTZ6FX8J,1800 Bed Sheet Set 6 PIECE,California King,Coral,54.97,0.0,10,4,1,0,0.1,0.0,0.1,54.97,
B0822Y42LB,1800 Pillowcase Set 4 pc,Standard,Spa Blue,54.0,54.0,23,29,2,2,0.08695652173913043,0.06896551724137931,0.017991004497751123,0.0,0.0
B0822Y8RMW,1800 Pillowcase Set 4 pc,Standard,Blue Hydrangea,54.0,54.0,25,42,2,2,0.08,0.047619047619047616,0.032380952380952385,0.0,0.0
B01DN0BDW2,1800 Pillowcase Set 2 pc,Set of 2 King Size,Emerald Green,53.91,89.85,22,24,3,5,0.13636363636363635,0.20833333333333334,-0.07196969696969699,-35.94,-0.4
B0CNWH9YHL,1800 Pillowcase Set 2 pc,Set of 2 Standard Size,Taupe,53.91,53.91,7,9,3,3,0.42857142857142855,0.3333333333333333,0.09523809523809523,0.0,0.0
B00RKHX0LC,1800 Pillowcase Set 2 pc,Set of 2 Standard Size,Purple,53.91,71.88,14,15,3,4,0.21428571428571427,0.26666666666666666,-0.05238095238095239,-17.97,-0.25
B01DN0BCWS,1800 Pillowcase Set 2 pc,Set of 2 King Size,Coral,53.91,17.97,19,10,3,1,0.15789473684210525,0.1,0.05789473684210525,35.94,2.0
B01ETTHIS4,1800 Flat Sheet,Full,White,53.91,0.0,9,13,3,0,0.3333333333333333,0.0,0.3333333333333333,53.91,
B014MVUANE,1800 Pillowcase Set 2 pc,Set of 2 Standard Size,Black,53.91,71.88,19,20,3,4,0.15789473684210525,0.2,-0.04210526315789476,-17.97,-0.25
B0CNRYSG8F,1800 Pillowcase Set 2 pc,Set of 2 Standard Size,Terracotta,53.91,17.97,20,20,3,1,0.15,0.05,0.09999999999999999,35.94,2.0
B0CNWHMBHP,1800 Pillowcase Set 2 pc,Set of 2 Standard Size,Burgundy,53.91,53.91,13,14,3,3,0.23076923076923078,0.21428571428571427,0.016483516483516508,0.0,0.0
B09SQFZWQ1,1800 Pillowcase Set 2 pc,Set of 2 Standard Size,Madison Blue,53.91,0.0,14,31,3,0,0.21428571428571427,0.0,0.21428571428571427,53.91,
B0BTZ759RC,1800 Bed Sheet Set 6 PIECE,King,Spa Blue,52.97,105.94,46,51,1,2,0.021739130434782608,0.0392156862745098,-0.017476555839727195,-52.97,-0.5
B07X4WRZVN,Cotton Flannel Sheet Set 180GSM,Full,Light Gray Plaid,52.97,0.0,9,7,1,0,0.1111111111111111,0.0,0.1111111111111111,52.97,
B07J3XBXCW,Cotton Flannel Sheet Set 180GSM,Full,White,52.97,0.0,9,4,1,0,0.1111111111111111,0.0,0.1111111111111111,52.97,
B0BTZ7QPLJ,1800 Bed Sheet Set 6 PIECE,King,Emerald Green,52.97,0.0,18,23,1,0,0.05555555555555555,0.0,0.05555555555555555,52.97,
B0BTZ8K6K4,1800 Bed Sheet Set 6 PIECE,King,Aqua,52.97,105.94,26,20,1,2,0.038461538461538464,0.1,-0.06153846153846154,-52.97,-0.5
B07X3VMFKQ,Cotton Flannel Sheet Set 180GSM,Full,Floral Feathers,52.97,0.0,7,5,1,0,0.14285714285714285,0.0,0.14285714285714285,52.97,
B0BTZ5891D,1800 Bed Sheet Set 6 PIECE,King,Blue Hydrangea,52.97,264.85,31,39,1,5,0.03225806451612903,0.1282051282051282,-0.09594706368899916,-211.88000000000002,-0.8
B0822WWZJR,1800 Bed Sheet Set With DEEP Fitted Sheet,California King,Black,51.97,102.9,20,28,1,2,0.05,0.07142857142857142,-0.021428571428571422,-50.93000000000001,-0.4949465500485909
B0BMWL7N8S,1800 Bed Sheet Set With DEEP Fitted Sheet,California King,Pinstripe Gray,51.97,103.94,61,65,1,2,0.01639344262295082,0.03076923076923077,-0.01437578814627995,-51.97,-0.5
B07X5T8LSS,Cotton Flannel Sheet Set 160GSM,Queen,Pink,51.97,0.0,11,7,1,0,0.09090909090909091,0.0,0.09090909090909091,51.97,
B0BMWD2HRD,1800 Bed Sheet Set With DEEP Fitted Sheet,California King,Blush Pink,51.97,103.94,69,57,1,2,0.014492753623188406,0.03508771929824561,-0.020594965675057204,-51.97,-0.5
B08BZX5BKY,1800 Bed Sheet Set With DEEP Fitted Sheet,California King,Lavender,51.97,207.88,55,49,1,4,0.01818181818181818,0.08163265306122448,-0.06345083487940631,-155.91,-0.75
B08BZX7GB9,1800 Bed Sheet Set With DEEP Fitted Sheet,California King,Brown,51.97,0.0,48,66,1,0,0.020833333333333332,0.0,0.020833333333333332,51.97,
B0BTZ5S3T2,1800 Bed Sheet Set 6 PIECE,California King,White,51.97,0.0,27,23,1,0,0.037037037037037035,0.0,0.037037037037037035,51.97,
B01MQ4LRDY,Cotton Flannel Sheet Set 160GSM,Queen,Gray,51.97,51.97,22,19,1,1,0.045454545454545456,0.05263157894736842,-0.007177033492822962,0.0,0.0
B0822XYVZ7,1800 Bed Sheet Set With DEEP Fitted Sheet,California King,Royal Blue,51.97,51.97,18,25,1,1,0.05555555555555555,0.04,0.015555555555555552,0.0,0.0
B01MDQRQRR,Cotton Flannel Sheet Set 160GSM,Queen,White,51.97,103.94,16,9,1,2,0.0625,0.2222222222222222,-0.1597222222222222,-51.97,-0.5
B08BZX1V5H,1800 Bed Sheet Set With DEEP Fitted Sheet,California King,Emerald Green,51.97,259.85,42,52,1,5,0.023809523809523808,0.09615384615384616,-0.07234432234432235,-207.88000000000002,-0.8
B08CZYQC9Y,1800 Bed Sheet Set With DEEP Fitted Sheet,California King,Purple,51.97,155.91,26,23,1,3,0.038461538461538464,0.13043478260869565,-0.09197324414715718,-103.94,-0.6666666666666666
B08CZZFFVX,"1800 Fitted Sheet 21"" Deep",King,Emerald Green,51.94,25.97,13,12,2,1,0.15384615384615385,0.08333333333333333,0.07051282051282053,25.97,1.0
B0CYCQBH77,1800 Bed Sheet Set 6 PC With DEEP Fitted Sheet,King,Sky Blue,51.45,0.0,23,20,1,0,0.043478260869565216,0.0,0.043478260869565216,51.45,
B0892P6Z53,1800 Flat Sheet,Twin XL,Spa Blue,50.91,0.0,7,3,3,0,0.42857142857142855,0.0,0.42857142857142855,50.91,
B07J3TWWST,Cotton Flannel Sheet Set 180GSM,Twin,Gray,49.97,0.0,4,1,1,0,0.25,0.0,0.25,49.97,
B0CYCP394Q,1800 Bed Sheet Set 6 PC With DEEP Fitted Sheet,Queen,Sage,49.97,249.85,27,29,1,5,0.037037037037037035,0.1724137931034483,-0.13537675606641125,-199.88,-0.8
B0822WFM2M,1800 Bed Sheet Set With DEEP Fitted Sheet,Split King,Gray,49.97,149.91,23,24,1,3,0.043478260869565216,0.125,-0.08152173913043478,-99.94,-0.6666666666666666
B07X4Y39HF,Cotton Flannel Sheet Set 180GSM,Twin,Light Gray Plaid,49.97,0.0,5,3,1,0,0.2,0.0,0.2,49.97,
B097YXCRQF,Cotton Flannel Sheet Set 180GSM,Twin,Ivory,49.97,0.0,4,4,1,0,0.25,0.0,0.25,49.97,
B07J3T82SR,Cotton Flannel Sheet Set 180GSM,Twin,White,49.97,0.0,5,1,1,0,0.2,0.0,0.2,49.97,
B08NPZPH8L,400TC Cotton Sheet Set,Twin,Gray,49.97,0.0,2,1,1,0,0.5,0.0,0.5,49.97,
B0822W3F74,1800 Bed Sheet Set With DEEP Fitted Sheet,Split King,Black,49.97,0.0,24,10,1,0,0.041666666666666664,0.0,0.041666666666666664,49.97,
B0CYCPMZ75,1800 Bed Sheet Set 6 PC With DEEP Fitted Sheet,Queen,Emerald Green,49.97,99.94,8,16,1,2,0.125,0.125,0.0,-49.97,-0.5
B07J3T35D5,Cotton Flannel Sheet Set 180GSM,Twin XL,White,49.97,0.0,6,3,1,0,0.16666666666666666,0.0,0.16666666666666666,49.97,
B01NGWLXLE,Cotton Flannel Sheet Set 160GSM,Full,Blue,49.97,0.0,22,13,1,0,0.045454545454545456,0.0,0.045454545454545456,49.97,
B0822W322Q,1800 Bed Sheet Set With DEEP Fitted Sheet,Split King,Royal Blue,49.97,0.0,14,11,1,0,0.07142857142857142,0.0,0.07142857142857142,49.97,
B0CYCR9GW5,1800 Bed Sheet Set 6 PC With DEEP Fitted Sheet,Queen,Brown,49.97,0.0,13,7,1,0,0.07692307692307693,0.0,0.07692307692307693,49.97,
B0822X42YC,1800 Bed Sheet Set With DEEP Fitted Sheet,Split King,Light Gray,49.97,49.97,39,37,1,1,0.02564102564102564,0.02702702702702703,-0.0013860013860013884,0.0,0.0
B07YYM3KHM,Cotton Flannel Sheet Set 160GSM,Full,Burgundy,49.97,0.0,12,11,1,0,0.08333333333333333,0.0,0.08333333333333333,49.97,
B0D7F2CRMR,1800 Bed Sheet Set 6 PC With DEEP Fitted Sheet,Queen,Golden Ivory,49.97,0.0,23,28,1,0,0.043478260869565216,0.0,0.043478260869565216,49.97,
B08BZVYQ99,1800 Bed Sheet Set With DEEP Fitted Sheet,Split King,Emerald Green,49.97,149.91,23,24,1,3,0.043478260869565216,0.125,-0.08152173913043478,-99.94,-0.6666666666666666
B08L429KSS,Silk Pillowcase,"King 20"" X 36""",Lilac,49.16,0.0,11,11,2,0,0.18181818181818182,0.0,0.18181818181818182,49.16,
B095KKH6MN,1800 Ultrasonic Coverlet,Twin,Paloma Beige,48.97,0.0,32,38,1,0,0.03125,0.0,0.03125,48.97,
B08CHPM1CK,1800 Ultrasonic Coverlet,Twin,Gray,47.97,0.0,44,34,1,0,0.022727272727272728,0.0,0.022727272727272728,47.97,
B08CHNZBHQ,1800 Ultrasonic Coverlet,Twin,Beige,47.97,95.94,97,127,1,2,0.010309278350515464,0.015748031496062992,-0.005438753145547528,-47.97,-0.5
B08CJ3SRSZ,1800 Ultrasonic Coverlet,Twin,Spa Mint,47.97,0.0,53,41,1,0,0.018867924528301886,0.0,0.018867924528301886,47.97,
B08CZZTNBQ,"1800 Fitted Sheet 21"" Deep",Queen,Spa Mint,47.94,71.91,17,35,2,3,0.11764705882352941,0.08571428571428572,0.031932773109243695,-23.97,-0.3333333333333333
B0CNRYT4DL,1800 Bed Sheets,Split King,Terracotta,46.97,187.88,27,28,2,4,0.07407407407407407,0.14285714285714285,-0.06878306878306878,-140.91,-0.75
B0CLYD3B2D,1800 Bed Sheets,Split King,Ivory,46.97,140.91,76,117,1,3,0.013157894736842105,0.02564102564102564,-0.012483130904183536,-93.94,-0.6666666666666666
B0DGQRP22Y,1800 Bed Sheets,Split King,Mineral Gray,46.97,187.88,47,71,1,4,0.02127659574468085,0.056338028169014086,-0.03506143242433324,-140.91,-0.75
B01MT8NVMQ,1800 Bed Sheets,Split King,Brick Red,46.97,0.0,28,16,1,0,0.03571428571428571,0.0,0.03571428571428571,46.97,
B08RZFDKF9,1800 Bed Sheets,Split King,Blush Pink,46.97,46.97,35,60,1,1,0.02857142857142857,0.016666666666666666,0.011904761904761904,0.0,0.0
B08BZY4TYY,1800 Bed Sheet Set With DEEP Fitted Sheet,Full,Emerald Green,45.97,0.0,42,35,1,0,0.023809523809523808,0.0,0.023809523809523808,45.97,
B08CZZQMFC,1800 Bed Sheet Set With DEEP Fitted Sheet,Full,Paisley Gray,45.97,0.0,63,82,1,0,0.015873015873015872,0.0,0.015873015873015872,45.97,
B08CZYZCPM,1800 Bed Sheet Set With DEEP Fitted Sheet,Full,Purple,45.97,91.94,18,40,1,2,0.05555555555555555,0.05,0.00555555555555555,-45.97,-0.5
B0822WHWRZ,1800 Bed Sheet Set With DEEP Fitted Sheet,Full,Spa Blue,45.97,137.91,47,54,1,3,0.02127659574468085,0.05555555555555555,-0.0342789598108747,-91.94,-0.6666666666666666
B08D11KZP7,1800 Bed Sheet Set With DEEP Fitted Sheet,Full,Coral,45.97,0.0,18,34,1,0,0.05555555555555555,0.0,0.05555555555555555,45.97,
B0822XTZ9H,1800 Bed Sheet Set With DEEP Fitted Sheet,Full,Royal Blue,45.97,137.91,16,34,1,3,0.0625,0.08823529411764706,-0.025735294117647065,-91.94,-0.6666666666666666
B0822Y5XHB,1800 Bedskirt,King,Gray,45.94,45.94,20,26,2,2,0.1,0.07692307692307693,0.023076923076923078,0.0,0.0
B0822XSX2L,1800 Bedskirt,King,Royal Blue,45.94,22.97,20,11,2,1,0.1,0.09090909090909091,0.009090909090909094,22.97,1.0
B0822YSHTY,1800 Bedskirt,Cal King,White,45.94,0.0,29,0,2,0,0.06896551724137931,,,45.94,
B0822Z37LB,1800 Bedskirt,Cal King,Light Gray,45.94,22.97,15,26,2,1,0.13333333333333333,0.038461538461538464,0.09487179487179487,22.97,1.0
B0822YV9ZR,1800 Bedskirt,King,Light Gray,45.94,91.88,40,54,2,4,0.05,0.07407407407407407,-0.024074074074074067,-45.94,-0.5
B0CNRX7KCP,1800 Bed Sheets,California King,Pistachio,44.97,89.94,34,40,1,2,0.029411764705882353,0.05,-0.02058823529411765,-44.97,-0.5
B00O35DQMC,1800 Bed Sheets,California King,Navy Blue,44.97,0.0,22,22,1,0,0.045454545454545456,0.0,0.045454545454545456,44.97,
B00WAIH9IQ,1800 Bed Sheets,California King,Lavender,44.97,0.0,45,42,1,0,0.022222222222222223,0.0,0.022222222222222223,44.97,
B08CZYNG76,1800 Bed Sheet Set With DEEP Fitted Sheet,Twin XL,Spa Mint,44.97,314.78999999999996,62,67,1,7,0.016129032258064516,0.1044776119402985,-0.08834857968223399,-269.81999999999994,-0.857142857142857
B0DGQQNZWS,1800 Bed Sheets,California King,Oxford Stripe Hazy Lilac,44.97,44.97,16,25,1,1,0.0625,0.04,0.0225,0.0,0.0
B08RZDLTVV,1800 Bed Sheets,California King,Blush Pink,44.97,134.91,62,61,1,3,0.016129032258064516,0.04918032786885246,-0.03305129561078794,-89.94,-0.6666666666666666
B08BZVYMKN,1800 Bed Sheet Set With DEEP Fitted Sheet,Twin XL,Emerald Green,44.97,44.97,25,24,1,1,0.04,0.041666666666666664,-0.0016666666666666635,0.0,0.0
B0BMW8ZDS9,1800 Bed Sheet Set With DEEP Fitted Sheet,Twin XL,Blush Pink,44.97,44.97,2,0,1,1,0.5,,,0.0,0.0
B00O35DTJM,1800 Bed Sheets,California King,Aqua,44.97,89.94,60,74,1,2,0.016666666666666666,0.02702702702702703,-0.010360360360360362,-44.97,-0.5
B01DN0B0GG,1800 Bed Sheets,California King,Emerald Green,44.97,89.94,58,64,1,2,0.017241379310344827,0.03125,-0.014008620689655173,-44.97,-0.5
B0822WHSF5,1800 Bed Sheet Set With DEEP Fitted Sheet,Twin,Spa Blue,44.97,44.97,27,18,1,1,0.037037037037037035,0.05555555555555555,-0.018518518518518517,0.0,0.0
B00O35D014,1800 Bed Sheets,California King,Purple,44.97,44.97,42,21,1,1,0.023809523809523808,0.047619047619047616,-0.023809523809523808,0.0,0.0
B0BMW99MVD,1800 Bed Sheet Set With DEEP Fitted Sheet,Twin,Golden Ivory,44.97,179.88,34,37,1,4,0.029411764705882353,0.10810810810810811,-0.07869634340222575,-134.91,-0.75
B0CLYCNW79,1800 Bed Sheets,California King,Burgundy,44.97,44.97,22,21,1,1,0.045454545454545456,0.047619047619047616,-0.0021645021645021606,0.0,0.0
B08BZVPSCB,1800 Bed Sheet Set With DEEP Fitted Sheet,Twin XL,Tan,44.97,179.88,18,37,1,4,0.05555555555555555,0.10810810810810811,-0.05255255255255256,-134.91,-0.75
B078SYGWWF,1800 Duvet Cover Set,King,Hotel White with Gray Embroidery,44.97,179.88,60,61,1,4,0.016666666666666666,0.06557377049180328,-0.04890710382513662,-134.91,-0.75
B08BZWQYW7,1800 Bed Sheet Set With DEEP Fitted Sheet,Twin,Tan,44.97,44.97,13,19,1,1,0.07692307692307693,0.05263157894736842,0.02429149797570851,0.0,0.0
B0822W7ZMZ,1800 Pillow Shams 2 piece,Standard,White,44.910000000000004,104.19000000000001,21,23,3,7,0.14285714285714285,0.30434782608695654,-0.1614906832298137,-59.28000000000001,-0.5689605528361648
B0822VSLCW,1800 Pillow Shams 2 piece,King,Light Gray,44.910000000000004,59.88,18,15,3,4,0.16666666666666666,0.26666666666666666,-0.1,-14.969999999999999,-0.24999999999999997
B0822TX6QS,1800 Pillow Shams 2 piece,King,White,44.910000000000004,44.91,20,23,3,4,0.15,0.17391304347826086,-0.02391304347826087,7.105427357601002e-15,1.5821481535517709e-16
B07WZP1R3Q,Cotton Flannel Sheet Set 160GSM,Twin XL,Pink,43.97,0.0,3,7,1,0,0.3333333333333333,0.0,0.3333333333333333,43.97,
B0BTZ3NBBQ,1800 Bed Sheet Set 6 PIECE,Queen,Purple,43.97,43.97,24,13,1,1,0.041666666666666664,0.07692307692307693,-0.03525641025641026,0.0,0.0
B01MYZYRHV,Cotton Flannel Sheet Set 160GSM,Twin,Blue/Gray Snowflakes,43.97,0.0,5,2,1,0,0.2,0.0,0.2,43.97,
B01N9HT80N,Cotton Flannel Sheet Set 160GSM,Twin,Beige,43.97,0.0,10,8,1,0,0.1,0.0,0.1,43.97,
B01N5FLSQY,Cotton Flannel Sheet Set 160GSM,Twin XL,Sage,43.97,43.97,39,34,1,1,0.02564102564102564,0.029411764705882353,-0.0037707390648567124,0.0,0.0
B0822WXH7Z,"1800 Fitted Sheet 21"" Deep",Twin XL,Light Gray,43.94,0.0,27,30,2,0,0.07407407407407407,0.0,0.07407407407407407,43.94,
B0892N7BGH,1800 Fitted Sheet,King,Spa Blue,43.94,21.97,17,19,2,1,0.11764705882352941,0.05263157894736842,0.06501547987616099,21.97,1.0
B08CZYFXCC,"1800 Fitted Sheet 21"" Deep",Full,Emerald Green,43.94,21.97,8,13,2,1,0.25,0.07692307692307693,0.17307692307692307,21.97,1.0
B0DGQPRB4N,1800 Bed Sheets,King,Oxford Stripe Hazy Lilac,42.97,85.94,113,127,1,2,0.008849557522123894,0.015748031496062992,-0.006898473973939098,-42.97,-0.5
B0822XSCPT,1800 Bedskirt,Queen,Blue Hydrangea,41.94,20.97,66,50,2,1,0.030303030303030304,0.02,0.010303030303030303,20.97,1.0
B0822XZ4VD,1800 Bedskirt,Queen,Brick Red,41.94,0.0,21,19,2,0,0.09523809523809523,0.0,0.09523809523809523,41.94,
B0822XPVC9,1800 Bedskirt,Queen,Royal Blue,41.94,41.94,15,12,2,2,0.13333333333333333,0.16666666666666666,-0.033333333333333326,0.0,0.0
B098PBW9NV,Velvet Ultrasonic Coverlet,Full-Queen,Teal,39.97,39.97,26,19,1,1,0.038461538461538464,0.05263157894736842,-0.014170040485829954,0.0,0.0
B0892NN6XL,1800 Flat Sheet,California King,Spa Blue,39.94,0.0,3,5,2,0,0.6666666666666666,0.0,0.6666666666666666,39.94,
B01ETTGAC4,1800 Flat Sheet,King,Light Gray,39.94,19.97,15,14,2,1,0.13333333333333333,0.07142857142857142,0.06190476190476191,19.97,1.0
B0822ZGPDG,1800 Bedskirt,Twin XL,Spa Blue,39.94,0.0,7,22,2,0,0.2857142857142857,0.0,0.2857142857142857,39.94,
B01ES3LWJC,1800 Fitted Sheet,Queen,Black,39.94,19.97,11,13,2,1,0.18181818181818182,0.07692307692307693,0.1048951048951049,19.97,1.0
B0B2Q5M6KH,1800 Bedskirt,Full,Golden Ivory,39.94,19.97,38,42,2,1,0.05263157894736842,0.023809523809523808,0.02882205513784461,19.97,1.0
B0822YLBZP,1800 Bedskirt,Twin XL,White,39.94,419.37,65,313,2,22,0.03076923076923077,0.07028753993610223,-0.03951830916687146,-379.43,-0.9047619047619048
B0822XRVC6,1800 Bedskirt,Full,Spa Blue,39.94,39.94,20,12,2,2,0.1,0.16666666666666666,-0.06666666666666665,0.0,0.0
B0823115FS,1800 Bedskirt,Full,Light Gray,39.94,39.94,24,27,2,2,0.08333333333333333,0.07407407407407407,0.009259259259259259,0.0,0.0
B0822ZKZSY,1800 Bedskirt,Full,Gray,39.94,39.94,25,17,2,2,0.08,0.11764705882352941,-0.03764705882352941,0.0,0.0
B01ES3MBEM,1800 Fitted Sheet,Queen,Emerald Green,39.94,19.97,7,12,2,1,0.2857142857142857,0.08333333333333333,0.20238095238095238,19.97,1.0
B01ETTGDOO,1800 Flat Sheet,King,Lavender,39.94,19.97,11,4,2,1,0.18181818181818182,0.25,-0.06818181818181818,19.97,1.0
B0892PJN9C,1800 Flat Sheet,King,Spa Blue,39.94,19.97,18,8,2,1,0.1111111111111111,0.125,-0.013888888888888895,19.97,1.0
B0822YT8ZZ,1800 Bedskirt,Full,Navy Blue,39.94,19.97,25,21,2,1,0.08,0.047619047619047616,0.032380952380952385,19.97,1.0
B01ETTHAAA,1800 Flat Sheet,California King,Gray,39.94,0.0,7,1,2,0,0.2857142857142857,0.0,0.2857142857142857,39.94,
B0822YSQQG,1800 Bedskirt,Full,Blue Hydrangea,39.94,39.94,22,22,2,2,0.09090909090909091,0.09090909090909091,0.0,0.0,0.0
B01ES3L7FG,1800 Fitted Sheet,Queen,Gray,39.94,139.79,20,32,2,7,0.1,0.21875,-0.11875,-99.85,-0.7142857142857143
B01ETTI0UO,1800 Flat Sheet,California King,Light Gray,39.94,19.97,31,30,2,1,0.06451612903225806,0.03333333333333333,0.03118279569892473,19.97,1.0
B01ETTGNJO,1800 Flat Sheet,King,Blue Hydrangea,39.94,59.91,23,21,2,3,0.08695652173913043,0.14285714285714285,-0.05590062111801242,-19.97,-0.3333333333333333
B0BTZ52JKC,1800 Bed Sheet Set 6 PIECE,Full,Brick Red,38.97,0.0,6,6,1,0,0.16666666666666666,0.0,0.16666666666666666,38.97,
B0BTZ6HL5H,1800 Bed Sheet Set 6 PIECE,Full,Coral,38.97,0.0,7,5,1,0,0.14285714285714285,0.0,0.14285714285714285,38.97,
B0BTZ2SYMM,1800 Bed Sheet Set 6 PIECE,Full,Lavender,38.97,38.97,10,7,1,1,0.1,0.14285714285714285,-0.042857142857142844,0.0,0.0
B0BTZ2ZK8K,1800 Bed Sheet Set 6 PIECE,Full,Sage,38.97,38.97,15,15,1,1,0.06666666666666667,0.06666666666666667,0.0,0.0,0.0
B0BTZ6993F,1800 Bed Sheet Set 6 PIECE,Twin,Yellow,37.97,0.0,2,7,1,0,0.5,0.0,0.5,37.97,
B0DGQRDFJP,1800 Bed Sheets,Full,Oxford Stripe Blue Nova,37.97,189.85,90,101,1,5,0.011111111111111112,0.04950495049504951,-0.038393839383938394,-151.88,-0.8
B0BTZ92PKT,1800 Bed Sheet Set 6 PIECE,Twin XL,Blush Pink,37.97,189.85,74,50,1,5,0.013513513513513514,0.1,-0.08648648648648649,-151.88,-0.8
B0DGQQY3LX,1800 Bed Sheets,Full,Oxford Stripe Hazy Lilac,37.97,0.0,103,71,1,0,0.009708737864077669,0.0,0.009708737864077669,37.97,
B0BTZ6N5GC,1800 Bed Sheet Set 6 PIECE,Twin,Emerald Green,37.97,37.97,12,5,1,1,0.08333333333333333,0.2,-0.11666666666666668,0.0,0.0
B0BTZ6P63N,1800 Bed Sheet Set 6 PIECE,Twin XL,Purple,37.97,0.0,9,8,1,0,0.1111111111111111,0.0,0.1111111111111111,37.97,
B0BTZ6B7XR,1800 Bed Sheet Set 6 PIECE,Twin XL,Spa Blue,37.97,75.94,15,12,1,2,0.06666666666666667,0.16666666666666666,-0.09999999999999999,-37.97,-0.5
B0BTZ6B7XL,1800 Bed Sheet Set 6 PIECE,Twin,Brown,37.97,0.0,4,6,1,0,0.25,0.0,0.25,37.97,
B0BTZ4YX76,1800 Bed Sheet Set 6 PIECE,Twin XL,Aqua,37.97,113.91,16,20,1,3,0.0625,0.15,-0.0875,-75.94,-0.6666666666666666
B01ETTEEWW,1800 Flat Sheet,Queen,Light Gray,37.94,18.97,9,9,2,1,0.2222222222222222,0.1111111111111111,0.1111111111111111,18.97,1.0
B08TRSP8L3,1800 Fitted Sheet,Twin,Sage,37.94,0.0,11,4,2,0,0.18181818181818182,0.0,0.18181818181818182,37.94,
B01ES3MLU6,1800 Fitted Sheet,Twin XL,Gray,37.94,56.91,14,15,2,3,0.14285714285714285,0.2,-0.05714285714285716,-18.97,-0.3333333333333333
B01ES3MUXO,1800 Fitted Sheet,Twin XL,Violet,37.94,18.97,8,8,2,1,0.25,0.125,0.125,18.97,1.0
B01ES3MSYK,1800 Fitted Sheet,Twin XL,Aqua,37.94,0.0,5,9,2,0,0.4,0.0,0.4,37.94,
B01ES3OIE8,1800 Fitted Sheet,Full,Lavender,37.94,0.0,8,8,2,0,0.25,0.0,0.25,37.94,
B01ES3N61Y,1800 Fitted Sheet,Twin XL,Black,37.94,0.0,3,9,2,0,0.6666666666666666,0.0,0.6666666666666666,37.94,
B01ES3L9AO,1800 Fitted Sheet,Twin,Gray,37.94,18.97,4,9,2,1,0.5,0.1111111111111111,0.3888888888888889,18.97,1.0
B01ES3MK1Q,1800 Fitted Sheet,Twin XL,Beige,37.94,0.0,10,10,2,0,0.2,0.0,0.2,37.94,
B08TRP2MBH,1800 Fitted Sheet,Twin XL,Blush Pink,37.94,37.94,15,14,2,2,0.13333333333333333,0.14285714285714285,-0.009523809523809518,0.0,0.0
B01ES3LMEM,1800 Fitted Sheet,Twin,Brown,37.94,0.0,2,5,2,0,1.0,0.0,1.0,37.94,
B0892NS1YD,1800 Fitted Sheet,Full,Spa Blue,37.94,0.0,6,8,2,0,0.3333333333333333,0.0,0.3333333333333333,37.94,
B07PSK5GG2,1800 Duvet Cover Set,King,Laced Sky Blue,36.97,110.91,32,38,1,3,0.03125,0.07894736842105263,-0.04769736842105263,-73.94,-0.6666666666666666
B07YYD9QFN,Silk Pillowcase,"Standard 20"" X 26""","White, Black Piping",36.97,36.97,11,4,1,1,0.09090909090909091,0.25,-0.1590909090909091,0.0,0.0
B07MS7QWTG,1800 Duvet Cover Set,King,Black,36.97,36.97,15,15,1,1,0.06666666666666667,0.06666666666666667,0.0,0.0,0.0
B0CNRYR2PJ,1800 Pillowcase Set 2 pc,Set of 2 Standard Size,Poppy Orange,35.94,17.97,13,18,2,1,0.15384615384615385,0.05555555555555555,0.0982905982905983,17.97,1.0
B01LXQW6IW,1800 Pillowcase Set 2 pc,Set of 2 King Size,Paisley Gray,35.94,17.97,24,22,2,1,0.08333333333333333,0.045454545454545456,0.03787878787878787,17.97,1.0
B08TRQ9T7Y,1800 Pillowcase Set 2 pc,Set of 2 King Size,Blush Pink,35.94,107.46,16,21,2,6,0.125,0.2857142857142857,-0.1607142857142857,-71.52,-0.6655499720826354
B013FJJXBY,1800 Pillowcase Set 2 pc,Set of 2 King Size,Royal Blue,35.94,17.97,24,20,2,1,0.08333333333333333,0.05,0.033333333333333326,17.97,1.0
B096MX1T2H,Duvet Cover Set Faux Fur,King,Faux Fur - Black,34.98,0.0,9,6,1,0,0.1111111111111111,0.0,0.1111111111111111,34.98,
B0DGQS8V6Q,1800 Bed Sheets,Twin,Oxford Stripe Blue Nova,34.97,69.94,30,32,1,2,0.03333333333333333,0.0625,-0.029166666666666667,-34.97,-0.5
B08V91NK5W,1800 Bed Sheets,RV / Short Queen,Navy Blue,34.97,0.0,23,22,1,0,0.043478260869565216,0.0,0.043478260869565216,34.97,
B0CNRXLFGH,1800 Bed Sheets,RV / Short Queen,Sky Blue,34.97,104.91,45,54,1,3,0.022222222222222223,0.05555555555555555,-0.033333333333333326,-69.94,-0.6666666666666666
B0CNRXRWGJ,1800 Bed Sheets,RV / Short Queen,Pistachio,34.97,0.0,28,29,1,0,0.03571428571428571,0.0,0.03571428571428571,34.97,
B00O35D8NY,1800 Bed Sheets,Twin,Purple,34.97,0.0,54,26,1,0,0.018518518518518517,0.0,0.018518518518518517,34.97,
B0CNRYPY8G,1800 Bed Sheets,RV / Short Queen,Hazy Lilac,34.97,34.97,33,39,1,1,0.030303030303030304,0.02564102564102564,0.004662004662004664,0.0,0.0
B00ZSGVBZE,1800 Bed Sheets,Twin,Striped Gray/Silver,34.97,0.0,40,30,1,0,0.025,0.0,0.025,34.97,
B01DN0A3P0,1800 Bed Sheets,Twin XL,Coral,34.97,209.82,59,59,1,6,0.01694915254237288,0.1016949152542373,-0.08474576271186442,-174.85,-0.8333333333333334
B0DGQR27PJ,1800 Bed Sheets,Twin XL,Oxford Stripe Blue Nova,34.97,69.94,68,60,1,2,0.014705882352941176,0.03333333333333333,-0.018627450980392157,-34.97,-0.5
B01DN09Z7M,1800 Bed Sheets,Twin,Coral,34.97,69.94,55,56,1,2,0.01818181818181818,0.03571428571428571,-0.01753246753246753,-34.97,-0.5
B0CNRVZBRR,1800 Bed Sheets,Twin XL,Hazy Lilac,34.97,0.0,43,17,1,0,0.023255813953488372,0.0,0.023255813953488372,34.97,
B00O35D5PA,1800 Bed Sheets,Twin,Gold,34.97,69.94,48,26,1,2,0.020833333333333332,0.07692307692307693,-0.0560897435897436,-34.97,-0.5
B07BKTVFBX,1800 Bed Sheets,Twin,Spa Blue,34.97,209.82,79,96,1,6,0.012658227848101266,0.0625,-0.049841772151898736,-174.85,-0.8333333333333334
B0DGQQC5ZT,1800 Bed Sheets,Twin XL,Oxford Stripe Hazy Lilac,34.97,0.0,41,51,1,0,0.024390243902439025,0.0,0.024390243902439025,34.97,
B00WAIGUKO,1800 Bed Sheets,Twin,Black,34.97,69.94,27,37,1,2,0.037037037037037035,0.05405405405405406,-0.017017017017017022,-34.97,-0.5
B0CLYFB8ST,1800 Bed Sheets,Twin XL,Taupe,34.97,69.94,52,43,1,2,0.019230769230769232,0.046511627906976744,-0.02728085867620751,-34.97,-0.5
B09SQF6K5D,1800 Duvet Cover Set,Queen,Sage,34.97,139.88,26,25,1,4,0.038461538461538464,0.16,-0.12153846153846154,-104.91,-0.75
B0DGQQD2WB,1800 Bed Sheets,Twin,Charcoal,34.97,69.94,14,8,1,2,0.07142857142857142,0.25,-0.17857142857142858,-34.97,-0.5
B08V8ZRKR3,1800 Bed Sheets,RV / Short Queen,Blue Hydrangea,34.97,69.94,39,57,1,2,0.02564102564102564,0.03508771929824561,-0.009446693657219972,-34.97,-0.5
B016P4329A,1800 Bed Sheets,Twin XL,Tan,34.97,34.97,49,31,1,1,0.02040816326530612,0.03225806451612903,-0.01184990125082291,0.0,0.0
B01ETTFJ5I,1800 Flat Sheet,Twin XL,Beige,33.94,50.91,3,6,2,3,0.6666666666666666,0.5,0.16666666666666663,-16.97,-0.3333333333333333
B099SBTBPD,1800 Duvet Cover Set,Full,White,32.97,263.76,26,39,1,8,0.038461538461538464,0.20512820512820512,-0.16666666666666666,-230.79,-0.875
B0822VYWK3,1800 Pillow Shams 2 piece,Standard,Royal Blue,29.94,14.97,17,15,2,1,0.11764705882352941,0.06666666666666667,0.050980392156862744,14.97,1.0
B07PTCBNZX,1800 Duvet Cover Set,Twin,Laced Sky Blue,27.97,0.0,9,10,1,0,0.1111111111111111,0.0,0.1111111111111111,27.97,
B0822YL1GF,1800 Pillowcase Set 4 pc,King,Spa Blue,27.0,0.0,13,12,1,0,0.07692307692307693,0.0,0.07692307692307693,27.0,
B0822YDZBM,1800 Pillowcase Set 4 pc,King,Brick Red,27.0,0.0,3,0,1,0,0.3333333333333333,,,27.0,
B0822YC6GS,1800 Pillowcase Set 4 pc,Standard,Beige,27.0,0.0,16,9,1,0,0.0625,0.0,0.0625,27.0,
B010LB05D4,1800 Pillowcase Set 2 pc,Set of 2 King Size,Striped Light Blue,26.96,0.0,6,8,2,0,0.3333333333333333,0.0,0.3333333333333333,26.96,
B08CZZDG5Q,"1800 Fitted Sheet 21"" Deep",King,Lavender,25.97,25.97,18,15,1,1,0.05555555555555555,0.06666666666666667,-0.011111111111111113,0.0,0.0
B0822WG5HJ,"1800 Fitted Sheet 21"" Deep",California King,Navy Blue,25.97,0.0,4,4,1,0,0.25,0.0,0.25,25.97,
B08D112MZC,"1800 Fitted Sheet 21"" Deep",King,Tan,25.97,0.0,21,17,1,0,0.047619047619047616,0.0,0.047619047619047616,25.97,
B0822V9KTM,"1800 Fitted Sheet 21"" Deep",California King,Light Gray,25.97,51.94,9,8,1,2,0.1111111111111111,0.25,-0.1388888888888889,-25.97,-0.5
B08D119XFS,"1800 Fitted Sheet 21"" Deep",King,Aqua,25.97,25.97,18,14,1,1,0.05555555555555555,0.07142857142857142,-0.015873015873015872,0.0,0.0
B0822V9PBB,"1800 Fitted Sheet 21"" Deep",King,Beige,25.97,25.97,26,25,1,1,0.038461538461538464,0.04,-0.0015384615384615372,0.0,0.0
B08CZZXTVT,"1800 Fitted Sheet 21"" Deep",Queen,Lavender,23.97,71.91,14,20,1,3,0.07142857142857142,0.15,-0.07857142857142857,-47.94,-0.6666666666666666
B08D11YSHS,"1800 Fitted Sheet 21"" Deep",Queen,Emerald Green,23.97,47.94,13,20,1,2,0.07692307692307693,0.1,-0.023076923076923078,-23.97,-0.5
B08D115YXL,"1800 Fitted Sheet 21"" Deep",Queen,Tan,23.97,23.97,16,19,1,1,0.0625,0.05263157894736842,0.009868421052631582,0.0,0.0
B0822YFZ3Y,1800 Bedskirt,King,Brick Red,22.97,0.0,21,6,1,0,0.047619047619047616,0.0,0.047619047619047616,22.97,
B0822Z5KTC,1800 Bedskirt,Cal King,Black,22.97,22.97,13,12,1,1,0.07692307692307693,0.08333333333333333,-0.006410256410256401,0.0,0.0
B0822ZMPN8,1800 Bedskirt,Cal King,Blue Hydrangea,22.97,45.94,15,20,1,3,0.06666666666666667,0.15,-0.08333333333333333,-22.97,-0.5
B0822YSV5P,1800 Bedskirt,King,Navy Blue,22.97,137.82,99,91,1,6,0.010101010101010102,0.06593406593406594,-0.05583305583305583,-114.85,-0.8333333333333334
B01ES3MP1G,1800 Fitted Sheet,King,Beige,21.97,65.91,14,26,1,3,0.07142857142857142,0.11538461538461539,-0.043956043956043966,-43.94,-0.6666666666666666
B01ES3OF78,1800 Fitted Sheet,California King,Brown,21.97,0.0,3,2,1,0,0.3333333333333333,0.0,0.3333333333333333,21.97,
B01ES3MYUS,1800 Fitted Sheet,King,Aqua,21.97,0.0,7,10,1,0,0.14285714285714285,0.0,0.14285714285714285,21.97,
B01ES3NCYK,1800 Fitted Sheet,King,Black,21.97,0.0,6,11,1,0,0.16666666666666666,0.0,0.16666666666666666,21.97,
B01ES3OMTY,1800 Fitted Sheet,California King,Lavender,21.97,0.0,4,3,1,0,0.25,0.0,0.25,21.97,
B08CZZSPDY,"1800 Fitted Sheet 21"" Deep",Full,Spa Mint,21.97,0.0,18,16,1,0,0.05555555555555555,0.0,0.05555555555555555,21.97,
B01ES3NWY0,1800 Fitted Sheet,King,Spa Mint,21.97,21.97,19,21,1,1,0.05263157894736842,0.047619047619047616,0.005012531328320802,0.0,0.0
B0822TSDVW,"1800 Fitted Sheet 21"" Deep",Twin XL,Gray,21.97,43.94,24,39,1,2,0.041666666666666664,0.05128205128205128,-0.009615384615384616,-21.97,-0.5
B01ES3OWTE,1800 Fitted Sheet,California King,Coral,21.97,0.0,2,2,1,0,0.5,0.0,0.5,21.97,
B01ES3NEQQ,1800 Fitted Sheet,King,Lavender,21.97,0.0,10,14,1,0,0.1,0.0,0.1,21.97,
B0822WCBNG,"1800 Fitted Sheet 21"" Deep",Twin XL,Navy Blue,21.97,43.94,9,8,1,2,0.1111111111111111,0.25,-0.1388888888888889,-21.97,-0.5
B08D12145H,"1800 Fitted Sheet 21"" Deep",Twin XL,Aqua,21.97,0.0,31,18,1,0,0.03225806451612903,0.0,0.03225806451612903,21.97,
B01ES3NQBO,1800 Fitted Sheet,King,Emerald Green,21.97,0.0,14,12,1,0,0.07142857142857142,0.0,0.07142857142857142,21.97,
B08D137JFR,"1800 Fitted Sheet 21"" Deep",Twin XL,Lavender,21.97,0.0,30,13,1,0,0.03333333333333333,0.0,0.03333333333333333,21.97,
B0822Z86NL,1800 Bedskirt,Queen,Black,20.97,62.91,32,31,1,3,0.03125,0.0967741935483871,-0.0655241935483871,-41.94,-0.6666666666666666
B01ETTH802,1800 Flat Sheet,California King,Beige,19.97,19.97,5,18,1,1,0.2,0.05555555555555555,0.14444444444444446,0.0,0.0
B0822Z48C9,1800 Bedskirt,Full,Royal Blue,19.97,39.94,10,7,1,2,0.1,0.2857142857142857,-0.1857142857142857,-19.97,-0.5
B0822Y83D3,1800 Bedskirt,Twin,Beige,19.97,59.91,18,19,1,3,0.05555555555555555,0.15789473684210525,-0.1023391812865497,-39.94,-0.6666666666666666
B0822ZKT44,1800 Bedskirt,Twin XL,Brick Red,19.97,0.0,12,13,1,0,0.08333333333333333,0.0,0.08333333333333333,19.97,
B01ES3MJ3U,1800 Fitted Sheet,Queen,Spa Mint,19.97,79.88,21,38,1,4,0.047619047619047616,0.10526315789473684,-0.05764411027568922,-59.91,-0.75
B01ETTHTP6,1800 Flat Sheet,California King,Brown,19.97,0.0,3,3,1,0,0.3333333333333333,0.0,0.3333333333333333,19.97,
B01ES3LL4I,1800 Fitted Sheet,Queen,Brown,19.97,0.0,8,14,1,0,0.125,0.0,0.125,19.97,
B08TRRD9T6,1800 Flat Sheet,King,Golden Ivory,19.97,19.97,18,10,1,1,0.05555555555555555,0.1,-0.04444444444444445,0.0,0.0
B01ETTGC04,1800 Flat Sheet,King,Black,19.97,0.0,8,3,1,0,0.125,0.0,0.125,19.97,
B01ETTFPRA,1800 Flat Sheet,King,Gray,19.97,39.94,9,12,1,2,0.1111111111111111,0.16666666666666666,-0.05555555555555555,-19.97,-0.5
B01ETTILRG,1800 Flat Sheet,California King,Emerald Green,19.97,19.97,4,5,1,1,0.25,0.2,0.04999999999999999,0.0,0.0
B0892Q7ZKV,1800 Fitted Sheet,Queen,Spa Blue,19.97,39.94,16,19,1,2,0.0625,0.10526315789473684,-0.042763157894736836,-19.97,-0.5
B01ETTHPUA,1800 Flat Sheet,California King,Violet,19.97,0.0,3,3,1,0,0.3333333333333333,0.0,0.3333333333333333,19.97,
B08TRPRMH9,1800 Fitted Sheet,Queen,Teal,19.97,0.0,7,6,1,0,0.14285714285714285,0.0,0.14285714285714285,19.97,
B0B2Q4BMD1,1800 Bedskirt,Twin,Golden Ivory,19.97,19.97,18,12,1,1,0.05555555555555555,0.08333333333333333,-0.027777777777777776,0.0,0.0
B01ES3L5L2,1800 Fitted Sheet,Queen,Beige,19.97,59.91,13,19,1,3,0.07692307692307693,0.15789473684210525,-0.08097165991902833,-39.94,-0.6666666666666666
B01ETTH15O,1800 Flat Sheet,King,Spa Mint,19.97,0.0,10,9,1,0,0.1,0.0,0.1,19.97,
B01ETTG60A,1800 Flat Sheet,King,Brown,19.97,39.94,6,6,1,2,0.16666666666666666,0.3333333333333333,-0.16666666666666666,-19.97,-0.5
B0822XNZ8M,1800 Bedskirt,Twin XL,Gray,19.97,0.0,6,45,1,0,0.16666666666666666,0.0,0.16666666666666666,19.97,
B08TRPHQSR,1800 Fitted Sheet,Queen,Light Blue,19.97,39.94,11,21,1,2,0.09090909090909091,0.09523809523809523,-0.004329004329004321,-19.97,-0.5
B0B2Q6VD38,1800 Bedskirt,Twin XL,Golden Ivory,19.97,0.0,25,34,1,0,0.04,0.0,0.04,19.97,
B0BXTDFJ3S,Microfiber Pillow Covers w/zipper,16x16,Coverlet Olive Green,19.47,0.0,3,3,1,0,0.3333333333333333,0.0,0.3333333333333333,19.47,
B01ES3M4SA,1800 Fitted Sheet,Twin,Coral,18.97,0.0,10,4,1,0,0.1,0.0,0.1,18.97,
B01ES3OZUA,1800 Fitted Sheet,Full,Spa Mint,18.97,0.0,15,14,1,0,0.06666666666666667,0.0,0.06666666666666667,18.97,
B08TRRBKDT,1800 Flat Sheet,Queen,Golden Ivory,18.97,18.97,7,14,1,1,0.14285714285714285,0.07142857142857142,0.07142857142857142,0.0,0.0
B01ES3OFDM,1800 Fitted Sheet,Full,Light Gray,18.97,18.97,18,16,1,1,0.05555555555555555,0.0625,-0.0069444444444444475,0.0,0.0
B08TRQ3JS8,1800 Fitted Sheet,Twin XL,Golden Ivory,18.97,37.94,13,12,1,2,0.07692307692307693,0.16666666666666666,-0.08974358974358973,-18.97,-0.5
B01ETTF6I8,1800 Flat Sheet,Queen,Emerald Green,18.97,18.97,9,9,1,1,0.1111111111111111,0.1111111111111111,0.0,0.0,0.0
B01ES3ME9Y,1800 Fitted Sheet,Twin,Spa Mint,18.97,0.0,3,10,1,0,0.3333333333333333,0.0,0.3333333333333333,18.97,
B01ETTDUK4,1800 Flat Sheet,Queen,Beige,18.97,18.97,6,14,1,1,0.16666666666666666,0.07142857142857142,0.09523809523809523,0.0,0.0
B01ES3N286,1800 Fitted Sheet,Twin XL,Brick Red,18.97,18.97,3,7,1,1,0.3333333333333333,0.14285714285714285,0.19047619047619047,0.0,0.0
B01ES3MNCM,1800 Fitted Sheet,Twin XL,Navy Blue,18.97,0.0,9,6,1,0,0.1111111111111111,0.0,0.1111111111111111,18.97,
B0BXTF91TH,Microfiber Pillow Covers w/zipper,18x18,Navy Blue,18.47,0.0,1,0,1,0,1.0,,,18.47,
B08TRRHGXW,1800 Pillowcase Set 2 pc,Set of 2 King Size,Teal,17.97,35.94,18,16,1,2,0.05555555555555555,0.125,-0.06944444444444445,-17.97,-0.5
B0CNS23FJJ,1800 Pillowcase Set 2 pc,Set of 2 Standard Size,Pistachio,17.97,0.0,12,4,1,0,0.08333333333333333,0.0,0.08333333333333333,17.97,
B0822XFQ7J,1800 Pillowcase Set 2 pc,Set of 2 King Size,Chevron Gray,17.97,17.97,15,32,1,1,0.06666666666666667,0.03125,0.035416666666666666,0.0,0.0
B0822XR2SH,1800 Pillowcase Set 2 pc,Set of 2 King Size,Pinstripe Gray,17.97,0.0,6,8,1,0,0.16666666666666666,0.0,0.16666666666666666,17.97,
B00RKHXFNK,1800 Pillowcase Set 2 pc,Set of 2 King Size,Violet,17.97,17.97,9,6,1,1,0.1111111111111111,0.16666666666666666,-0.05555555555555555,0.0,0.0
B010LB03E0,1800 Pillowcase Set 2 pc,Set of 2 King Size,Striped Gray/Silver,17.97,0.0,4,6,1,0,0.25,0.0,0.25,17.97,
B0CNRX7KDJ,1800 Pillowcase Set 2 pc,Set of 2 King Size,Terracotta,17.97,17.97,7,7,1,1,0.14285714285714285,0.14285714285714285,0.0,0.0,0.0
B01ETTIBNK,1800 Flat Sheet,Full,Black,17.97,35.94,9,11,1,2,0.1111111111111111,0.18181818181818182,-0.07070707070707072,-17.97,-0.5
B00RKHXLE8,1800 Pillowcase Set 2 pc,Set of 2 King Size,Brick Red,17.97,53.91,6,9,1,3,0.16666666666666666,0.3333333333333333,-0.16666666666666666,-35.94,-0.6666666666666666
B00RKHXK80,1800 Pillowcase Set 2 pc,Set of 2 King Size,Purple,17.97,53.91,6,14,1,3,0.16666666666666666,0.21428571428571427,-0.047619047619047616,-35.94,-0.6666666666666666
B01DN0BHR8,1800 Pillowcase Set 2 pc,Set of 2 King Size,Yellow,17.97,35.94,27,19,1,2,0.037037037037037035,0.10526315789473684,-0.0682261208576998,-17.97,-0.5
B01ETTHPD2,1800 Flat Sheet,Full,Navy Blue,17.97,0.0,5,5,1,0,0.2,0.0,0.2,17.97,
B010LAZW6K,1800 Pillowcase Set 2 pc,Set of 2 Standard Size,Striped Light Blue,17.97,0.0,9,4,1,0,0.1111111111111111,0.0,0.1111111111111111,17.97,
B01ETTHN7U,1800 Flat Sheet,Full,Gray,17.97,0.0,15,13,1,0,0.06666666666666667,0.0,0.06666666666666667,17.97,
B010LB000M,1800 Pillowcase Set 2 pc,Set of 2 King Size,Striped White,17.97,53.91,11,8,1,3,0.09090909090909091,0.375,-0.28409090909090906,-35.94,-0.6666666666666666
B01ETTFUGQ,1800 Flat Sheet,Twin XL,Aqua,16.97,16.97,8,10,1,1,0.125,0.1,0.024999999999999994,0.0,0.0
B01ETTFLPG,1800 Flat Sheet,Twin XL,Gray,16.97,16.97,4,5,1,1,0.25,0.2,0.04999999999999999,0.0,0.0
B01ETTGYQG,1800 Flat Sheet,Twin XL,Blue Hydrangea,16.97,0.0,12,5,1,0,0.08333333333333333,0.0,0.08333333333333333,16.97,
B01ETTGH1S,1800 Flat Sheet,Twin XL,Light Gray,16.97,33.94,4,6,1,2,0.25,0.3333333333333333,-0.08333333333333331,-16.97,-0.5
B01ETTH8FW,1800 Flat Sheet,Twin XL,Persimmon,16.97,0.0,18,13,1,0,0.05555555555555555,0.0,0.05555555555555555,16.97,
B01ETTE95O,1800 Flat Sheet,Twin,Aqua,15.97,0.0,8,8,1,0,0.125,0.0,0.125,15.97,
B01ETTEBIO,1800 Flat Sheet,Twin,Violet,15.97,31.94,35,29,1,2,0.02857142857142857,0.06896551724137931,-0.04039408866995074,-15.97,-0.5
B01ETTF3NQ,1800 Flat Sheet,Twin,Emerald Green,15.97,0.0,7,9,1,0,0.14285714285714285,0.0,0.14285714285714285,15.97,
B01ETTELIY,1800 Flat Sheet,Twin,Light Gray,15.97,15.97,9,9,1,1,0.1111111111111111,0.1111111111111111,0.0,0.0,0.0
B01ETTED3M,1800 Flat Sheet,Twin,Gold,15.97,0.0,4,7,1,0,0.25,0.0,0.25,15.97,
B0822VQ53G,1800 Pillow Shams 2 piece,King,Navy Blue,14.97,14.97,9,11,1,1,0.1111111111111111,0.09090909090909091,0.020202020202020193,0.0,0.0
B0822YXD3M,1800 Bedskirt,Twin,Spa Blue,14.97,0.0,11,4,1,0,0.09090909090909091,0.0,0.09090909090909091,14.97,
B0822W9Z31,1800 Pillow Shams 2 piece,King,Black,14.97,0.0,6,3,1,0,0.16666666666666666,0.0,0.16666666666666666,14.97,
B08L6QYT3L,1800 Pillowcase Set 2 pc,1 Pillowcase Body,Black,14.97,14.97,6,12,1,1,0.16666666666666666,0.08333333333333333,0.08333333333333333,0.0,0.0
B0822TY5NY,1800 Pillow Shams 2 piece,Standard,Spa Blue,14.97,29.94,43,40,1,2,0.023255813953488372,0.05,-0.02674418604651163,-14.97,-0.5
B08NPRQW9J,400TC Cotton Sheet Set,Queen,Light Gray,0.0,64.97,5,19,0,1,0.0,0.05263157894736842,-0.05263157894736842,-64.97,-1.0
B09ZPYV1KB,Bundles,Queen,Black,0.0,0.0,1,0,0,0,0.0,,,0.0,
B0822X68ZT,1800 Bed Sheet Set With DEEP Fitted Sheet,Split King,Beige,0.0,49.97,26,30,0,1,0.0,0.03333333333333333,-0.03333333333333333,-49.97,-1.0
B0822V5KKJ,"1800 Fitted Sheet 21"" Deep",Queen,Black,0.0,47.94,14,20,0,2,0.0,0.1,-0.1,-47.94,-1.0
B0112XNQYU,1800 Bed Sheets,Twin,Tan,0.0,34.97,35,32,0,1,0.0,0.03125,-0.03125,-34.97,-1.0
B08CZZKK5S,1800 Bed Sheet Set With DEEP Fitted Sheet,California King,Coral,0.0,103.94,20,28,0,2,0.0,0.07142857142857142,-0.07142857142857142,-103.94,-1.0
B07WZP5QXR,Cotton Flannel Sheet Set 180GSM,King,Floral Feathers,0.0,0.0,13,13,0,0,0.0,0.0,0.0,0.0,
B0822VVPBL,"1800 Fitted Sheet 21"" Deep",King,Brick Red,0.0,0.0,5,0,0,0,0.0,,,0.0,
B0BTZ6S4QR,1800 Bed Sheet Set 6 PIECE,King,Brown,0.0,52.97,25,12,0,1,0.0,0.08333333333333333,-0.08333333333333333,-52.97,-1.0
B0822WFM2P,1800 Bed Sheet Set With DEEP Fitted Sheet,Twin XL,Black,0.0,134.01,21,34,0,3,0.0,0.08823529411764706,-0.08823529411764706,-134.01,-1.0
B0BTZ4CCZC,1800 Bed Sheet Set 6 PIECE,Twin XL,Emerald Green,0.0,0.0,13,12,0,0,0.0,0.0,0.0,0.0,
B01ES3LKR6,1800 Fitted Sheet,Twin,Gold,0.0,0.0,4,5,0,0,0.0,0.0,0.0,0.0,
B08NPRQW9G,400TC Cotton Sheet Set,Twin XL,Light Gray,0.0,0.0,12,9,0,0,0.0,0.0,0.0,0.0,
B010LAZSLY,1800 Pillowcase Set 2 pc,Set of 2 Standard Size,Striped Beige,0.0,0.0,21,12,0,0,0.0,0.0,0.0,0.0,
B0BTZ7DKCD,1800 Bed Sheet Set 6 PIECE,Split King,Yellow,0.0,0.0,2,7,0,0,0.0,0.0,0.0,0.0,
B08YP8XH4F,Ruffle Skirt Bedspread Solid,Queen,Solid Ivory,0.0,0.0,6,5,0,0,0.0,0.0,0.0,0.0,
B01M292VUS,Cotton Flannel Sheet Set 160GSM,Queen,Navy,0.0,0.0,9,11,0,0,0.0,0.0,0.0,0.0,
B08NPYXYHY,400TC Cotton Sheet Set,King,Light Blue,0.0,0.0,5,4,0,0,0.0,0.0,0.0,0.0,
B0BTZ6VF2T,1800 Bed Sheet Set 6 PIECE,Twin,Black,0.0,0.0,31,12,0,0,0.0,0.0,0.0,0.0,
B08D12F1DW,"1800 Fitted Sheet 21"" Deep",King,Spa Mint,0.0,25.97,39,19,0,1,0.0,0.05263157894736842,-0.05263157894736842,-25.97,-1.0
B07R922JQZ,1800 Bed Sheets,California King,Pinstripe Gray,0.0,44.97,48,60,0,1,0.0,0.016666666666666666,-0.016666666666666666,-44.97,-1.0
B08YPBNF54,Ruffle Skirt Bedspread Ruffle,Full,Ruffle Gray,0.0,0.0,7,6,0,0,0.0,0.0,0.0,0.0,
B01ES3LTUO,1800 Fitted Sheet,Twin,Black,0.0,0.0,4,3,0,0,0.0,0.0,0.0,0.0,
B0BMBFH19B,1800 Pillowcase Set 2 pc,Set of 12 Standard Size,White,0.0,149.91,74,98,0,3,0.0,0.030612244897959183,-0.030612244897959183,-149.91,-1.0
B09P1VDYCX,Bundles,BUNDLE,White,0.0,0.0,7,12,0,0,0.0,0.0,0.0,0.0,
B0822X2TJD,1800 Bed Sheet Set With DEEP Fitted Sheet,California King,Brick Red,0.0,0.0,9,25,0,0,0.0,0.0,0.0,0.0,
B0CYCQ94HT,1800 Bed Sheet Set 6 PC With DEEP Fitted Sheet,Full,Black,0.0,0.0,6,6,0,0,0.0,0.0,0.0,0.0,
B0BTZ45V1H,1800 Bed Sheet Set 6 PIECE,Twin XL,Lavender,0.0,0.0,10,10,0,0,0.0,0.0,0.0,0.0,
B0BTZ3TJ85,1800 Bed Sheet Set 6 PIECE,Full,Yellow,0.0,38.97,13,12,0,1,0.0,0.08333333333333333,-0.08333333333333333,-38.97,-1.0
B08TRSR2QF,1800 Flat Sheet,Queen,Blush Pink,0.0,0.0,13,8,0,0,0.0,0.0,0.0,0.0,
B0BTZ4S1BW,1800 Bed Sheet Set 6 PIECE,Full,Emerald Green,0.0,0.0,10,9,0,0,0.0,0.0,0.0,0.0,
B0822W17N1,1800 Pillow Shams 2 piece,Standard,Black,0.0,0.0,4,7,0,0,0.0,0.0,0.0,0.0,
B08NPTYVK7,400TC Cotton Sheet Set,California King,Denim Blue,0.0,0.0,3,3,0,0,0.0,0.0,0.0,0.0,
B08XMY6LHV,1800 Duvet Cover Set Velvet Stripe,Twin,Gray,0.0,0.0,5,5,0,0,0.0,0.0,0.0,0.0,
B01ES3O7HG,1800 Fitted Sheet,Full,Violet,0.0,0.0,3,10,0,0,0.0,0.0,0.0,0.0,
B097YXVHZS,Duvet Cover Set Flannel,King-California King,Sage,0.0,0.0,3,11,0,0,0.0,0.0,0.0,0.0,
B08CZZWN9N,"1800 Fitted Sheet 21"" Deep",California King,Emerald Green,0.0,0.0,11,6,0,0,0.0,0.0,0.0,0.0,
B01ETTE20Q,1800 Flat Sheet,Twin,Gray,0.0,0.0,5,2,0,0,0.0,0.0,0.0,0.0,
B07WZP1HM4,Cotton Flannel Sheet Set 160GSM,Twin,Pink,0.0,0.0,9,10,0,0,0.0,0.0,0.0,0.0,
B0BMW5QLB2,Bundles,Queen,Lavender/White,0.0,0.0,3,0,0,0,0.0,,,0.0,
B01ES3LPWG,1800 Fitted Sheet,Queen,Brick Red,0.0,0.0,8,5,0,0,0.0,0.0,0.0,0.0,
B08TRSQYPJ,1800 Flat Sheet,Twin,Golden Ivory,0.0,0.0,8,10,0,0,0.0,0.0,0.0,0.0,
B08TRTG6SJ,1800 Flat Sheet,Twin,Teal,0.0,0.0,6,3,0,0,0.0,0.0,0.0,0.0,
B0BTZ6CSJQ,1800 Bed Sheet Set 6 PIECE,California King,Light Gray,0.0,54.97,9,7,0,1,0.0,0.14285714285714285,-0.14285714285714285,-54.97,-1.0
B0CYCPQ54K,1800 Bed Sheet Set 6 PC With DEEP Fitted Sheet,Full,Aqua,0.0,0.0,6,7,0,0,0.0,0.0,0.0,0.0,
B01ES3OLY0,1800 Fitted Sheet,Full,Royal Blue,0.0,0.0,3,6,0,0,0.0,0.0,0.0,0.0,
B096MTK6H5,Duvet Cover Set Faux Fur,Queen,Faux Fur - Black,0.0,0.0,3,4,0,0,0.0,0.0,0.0,0.0,
B0CYCPRDLR,1800 Bed Sheet Set 6 PC With DEEP Fitted Sheet,Queen,Ivory,0.0,99.94,32,39,0,2,0.0,0.05128205128205128,-0.05128205128205128,-99.94,-1.0
B016P42OTE,1800 Bed Sheets,Twin XL,Gold,0.0,209.82,27,41,0,6,0.0,0.14634146341463414,-0.14634146341463414,-209.82,-1.0
B07X4YQGYN,Cotton Flannel Sheet Set 180GSM,Twin,Burgundy Plaid,0.0,0.0,3,2,0,0,0.0,0.0,0.0,0.0,
B08L432CN1,Silk Pillowcase,"King 20"" X 36""",Peacock Blue,0.0,0.0,6,2,0,0,0.0,0.0,0.0,0.0,
B01NCLXDWJ,Cotton Flannel Sheet Set 160GSM,Twin XL,Blue/Gray Snowflakes,0.0,0.0,5,7,0,0,0.0,0.0,0.0,0.0,
B0CYCNYNXF,1800 Bed Sheet Set 6 PC With DEEP Fitted Sheet,Queen,Tan,0.0,149.91,23,28,0,4,0.0,0.14285714285714285,-0.14285714285714285,-149.91,-1.0
B01ETTED6E,1800 Flat Sheet,Queen,Brick Red,0.0,0.0,5,2,0,0,0.0,0.0,0.0,0.0,
B0CYCPYDS6,1800 Bed Sheet Set 6 PC With DEEP Fitted Sheet,Full,Taupe,0.0,0.0,6,2,0,0,0.0,0.0,0.0,0.0,
B0CYCPRX95,1800 Bed Sheet Set 6 PC With DEEP Fitted Sheet,Full,Gray,0.0,0.0,8,8,0,0,0.0,0.0,0.0,0.0,
B08D11B5DC,"1800 Fitted Sheet 21"" Deep",California King,Coral,0.0,0.0,6,7,0,0,0.0,0.0,0.0,0.0,
B01N2U4RXO,Cotton Flannel Sheet Set 160GSM,Queen,Blue/Gray Snowflakes,0.0,0.0,14,7,0,0,0.0,0.0,0.0,0.0,
B08D12L3HQ,"1800 Fitted Sheet 21"" Deep",California King,Tan,0.0,0.0,4,5,0,0,0.0,0.0,0.0,0.0,
B01ETTDZY0,1800 Flat Sheet,Queen,Aqua,0.0,0.0,11,7,0,0,0.0,0.0,0.0,0.0,
B01ETTIHJS,1800 Flat Sheet,California King,Blue Hydrangea,0.0,19.97,3,8,0,1,0.0,0.125,-0.125,-19.97,-1.0
B01ETTISKG,1800 Flat Sheet,California King,Spa Mint,0.0,19.97,3,7,0,1,0.0,0.14285714285714285,-0.14285714285714285,-19.97,-1.0
B0CYCR1VRD,1800 Bed Sheet Set 6 PC With DEEP Fitted Sheet,Full,Sage,0.0,134.91,11,23,0,3,0.0,0.13043478260869565,-0.13043478260869565,-134.91,-1.0
B0822TWJ26,1800 Pillow Shams 2 piece,King,Gray,0.0,0.0,4,0,0,0,0.0,,,0.0,
B0822VXJ3F,"1800 Fitted Sheet 21"" Deep",Full,Navy Blue,0.0,43.94,8,13,0,2,0.0,0.15384615384615385,-0.15384615384615385,-43.94,-1.0
B01ES3NNP8,1800 Fitted Sheet,Twin XL,Persimmon,0.0,18.97,4,3,0,1,0.0,0.3333333333333333,-0.3333333333333333,-18.97,-1.0
B01MT8KYHK,1800 Bed Sheets,Split King,Royal Blue,0.0,0.0,18,21,0,0,0.0,0.0,0.0,0.0,
B08NPNP2WT,400TC Cotton Sheet Set,Full,Green,0.0,0.0,2,2,0,0,0.0,0.0,0.0,0.0,
B0BTZ74CPX,1800 Bed Sheet Set 6 PIECE,Twin,Blue Hydrangea,0.0,37.97,6,5,0,1,0.0,0.2,-0.2,-37.97,-1.0
B01N4E72H6,Cotton Flannel Sheet Set 160GSM,California King,Blue/Gray Snowflakes,0.0,0.0,2,4,0,0,0.0,0.0,0.0,0.0,
B01ES3MT12,1800 Fitted Sheet,King,Navy Blue,0.0,0.0,5,4,0,0,0.0,0.0,0.0,0.0,
B08TRTD7SM,1800 Flat Sheet,Full,Golden Ivory,0.0,0.0,3,7,0,0,0.0,0.0,0.0,0.0,
B08NPZFK2H,400TC Cotton Sheet Set,Full,Light Blue,0.0,0.0,2,2,0,0,0.0,0.0,0.0,0.0,
B0822XKZ4F,1800 Pillowcase Set 4 pc,King,Navy Blue,0.0,0.0,3,3,0,0,0.0,0.0,0.0,0.0,
B0822T9KTD,1800 Pillow Shams 2 piece,Standard,Gray,0.0,44.910000000000004,12,20,0,3,0.0,0.15,-0.15,-44.910000000000004,-1.0
B08NPQFHBK,400TC Cotton Sheet Set,Twin XL,Gray,0.0,0.0,7,3,0,0,0.0,0.0,0.0,0.0,
B0822X4J7R,1800 Bed Sheet Set With DEEP Fitted Sheet,Split King,Brick Red,0.0,0.0,8,5,0,0,0.0,0.0,0.0,0.0,
B0B5HTGS75,1800 Duvet Cover Set,Oversized Queen,Black,0.0,0.0,1,4,0,0,0.0,0.0,0.0,0.0,
B08NPR4NG7,400TC Cotton Sheet Set,Full,Gray,0.0,0.0,2,5,0,0,0.0,0.0,0.0,0.0,
B01ES3O0Y6,1800 Fitted Sheet,Full,Navy Blue,0.0,37.94,3,9,0,2,0.0,0.2222222222222222,-0.2222222222222222,-37.94,-1.0
B09PBTJ5NG,Bundles,BUNDLE,White,0.0,0.0,1,3,0,0,0.0,0.0,0.0,0.0,
B01ETTIRC0,1800 Flat Sheet,Full,Coral,0.0,0.0,7,8,0,0,0.0,0.0,0.0,0.0,
B01ES3LRXI,1800 Fitted Sheet,Twin,Light Gray,0.0,18.97,5,8,0,1,0.0,0.125,-0.125,-18.97,-1.0
B0BTZ7F43W,1800 Bed Sheet Set 6 PIECE,Twin,Lavender,0.0,0.0,3,6,0,0,0.0,0.0,0.0,0.0,
B0822YM74W,1800 Bedskirt,Twin,Black,0.0,0.0,5,5,0,0,0.0,0.0,0.0,0.0,
B07X2SKBTX,Cotton Flannel Sheet Set 160GSM,California King,Pink,0.0,0.0,1,3,0,0,0.0,0.0,0.0,0.0,
B08TRPNC1C,1800 Fitted Sheet,King,Teal,0.0,21.97,2,11,0,1,0.0,0.09090909090909091,-0.09090909090909091,-21.97,-1.0
B0BTZ5QTKY,1800 Bed Sheet Set 6 PIECE,Twin,Light Gray,0.0,0.0,6,6,0,0,0.0,0.0,0.0,0.0,
B01ES3LVXE,1800 Fitted Sheet,Twin,Tan,0.0,0.0,5,4,0,0,0.0,0.0,0.0,0.0,
B0BTZ68TRH,1800 Bed Sheet Set 6 PIECE,Split King,Beige,0.0,0.0,4,11,0,0,0.0,0.0,0.0,0.0,
B08NPRQKN6,400TC Cotton Sheet Set,Queen,Beige,0.0,0.0,10,7,0,0,0.0,0.0,0.0,0.0,
B0CYCTK7HP,1800 Bed Sheet Set 6 PC With DEEP Fitted Sheet,Full,Sky Blue,0.0,0.0,11,14,0,0,0.0,0.0,0.0,0.0,
B07YYCT5BS,Silk Pillowcase,"Standard 20"" X 26""","Black, White Piping",0.0,0.0,8,11,0,0,0.0,0.0,0.0,0.0,
B0CLYF6S8G,1800 Bed Sheets,Twin,Burgundy,0.0,104.91,19,32,0,3,0.0,0.09375,-0.09375,-104.91,-1.0
B01ETTGPYC,1800 Flat Sheet,King,Coral,0.0,0.0,9,5,0,0,0.0,0.0,0.0,0.0,
B01ETTG970,1800 Flat Sheet,King,Brick Red,0.0,0.0,5,2,0,0,0.0,0.0,0.0,0.0,
B07X2SPGN7,Cotton Flannel Sheet Set 180GSM,Twin XL,Navy,0.0,0.0,4,4,0,0,0.0,0.0,0.0,0.0,
B0BNP4G464,Bundles,Queen,Colorful,0.0,0.0,2,0,0,0,0.0,,,0.0,
B08TRQ44QX,1800 Flat Sheet,California King,Blush Pink,0.0,0.0,4,4,0,0,0.0,0.0,0.0,0.0,
B0D8V1VQX1,Unmapped,,,0.0,0.0,1,0,0,0,0.0,,,0.0,
B09PBQYRGB,Bundles,BUNDLE,Gray,0.0,0.0,1,0,0,0,0.0,,,0.0,
B01ES3O5RI,1800 Fitted Sheet,Full,Aqua,0.0,0.0,5,7,0,0,0.0,0.0,0.0,0.0,
B09ZPWYSY8,Bundles,King,Light Gray,0.0,0.0,1,0,0,0,0.0,,,0.0,
B0DG5L6SPK,Unmapped,,,0.0,0.0,1,0,0,0,0.0,,,0.0,
B01N2U4UA3,Cotton Flannel Sheet Set 160GSM,King,Burgundy,0.0,0.0,2,8,0,0,0.0,0.0,0.0,0.0,
B08TRSWRFS,1800 Flat Sheet,California King,Teal,0.0,0.0,4,5,0,0,0.0,0.0,0.0,0.0,
B01ES3NWXQ,1800 Fitted Sheet,Full,Beige,0.0,0.0,5,5,0,0,0.0,0.0,0.0,0.0,
B0CYCPB6JH,1800 Bed Sheet Set 6 PC With DEEP Fitted Sheet,California King,Hazy Lilac,0.0,0.0,2,4,0,0,0.0,0.0,0.0,0.0,
B0CYCN8T3Y,1800 Bed Sheet Set 6 PC With DEEP Fitted Sheet,California King,Lavender,0.0,0.0,5,4,0,0,0.0,0.0,0.0,0.0,
B0BTZ5QFD7,1800 Bed Sheet Set 6 PIECE,Twin,White,0.0,0.0,0,0,0,0,,,,0.0,
B01ETTIDMY,1800 Flat Sheet,Full,Lavender,0.0,17.97,0,3,0,1,,0.3333333333333333,,-17.97,-1.0
B08NQSRPB9,400TC Cotton Sheet Set,California King,Gray,0.0,0.0,1,1,0,0,0.0,0.0,0.0,0.0,
B0CYCPDP31,1800 Bed Sheet Set 6 PC With DEEP Fitted Sheet,California King,Gray,0.0,59.97,2,4,0,1,0.0,0.25,-0.25,-59.97,-1.0
B0BTZ5617B,1800 Bed Sheet Set 6 PIECE,Split King,Navy Blue,0.0,0.0,1,5,0,0,0.0,0.0,0.0,0.0,
B01ETTE3O6,1800 Flat Sheet,Twin,Navy Blue,0.0,15.97,1,4,0,1,0.0,0.25,-0.25,-15.97,-1.0
B0DN227Q1P,Bundles,Queen,Gray,0.0,0.0,0,1,0,0,,0.0,,0.0,
B08NPW1N2Y,400TC Cotton Sheet Set,Full,Navy,0.0,0.0,0,4,0,0,,0.0,,0.0,
B0DN236S12,Bundles,King,Gray,0.0,0.0,0,1,0,0,,0.0,,0.0,
B0BNNY4XFM,Bundles,Twin XL,Colorful,0.0,0.0,0,1,0,0,,0.0,,0.0,
B01DN0BGAG,1800 Pillowcase Set 2 pc,Set of 2 King Size,Pink,0.0,0.0,0,0,0,0,,,,0.0,
B0BXTDKB99,Microfiber Pillow Covers w/zipper,20x20,Coverlet Light Gray,0.0,0.0,0,1,0,0,,0.0,,0.0,
B0BTZ623WS,1800 Bed Sheet Set 6 PIECE,California King,Black,0.0,0.0,1,2,0,0,0.0,0.0,0.0,0.0,
B07J3QQ1QR,Cotton Flannel Sheet Set 180GSM,Full,Gray,0.0,0.0,0,0,0,0,,,,0.0,
B08D11NY4C,"1800 Fitted Sheet 21"" Deep",Queen,Brown,0.0,23.97,0,6,0,1,,0.16666666666666666,,-23.97,-1.0
B08NPKCWCT,400TC Cotton Sheet Set,California King,Light Blue,0.0,0.0,0,1,0,0,,0.0,,0.0,
B0822Y134L,1800 Bedskirt,Twin,Brick Red,0.0,0.0,0,0,0,0,,,,0.0,
B09JB6BSCY,Bundles,BUNDLE,Gray,0.0,0.0,0,2,0,0,,0.0,,0.0,
B08TRRPSM9,1800 Fitted Sheet,California King,Teal,0.0,0.0,1,1,0,0,0.0,0.0,0.0,0.0,
B01ES3O4BK,1800 Fitted Sheet,California King,Gray,0.0,0.0,0,0,0,0,,,,0.0,
B0D35SS1FB,Unmapped,,,0.0,0.0,1,1,0,0,0.0,0.0,0.0,0.0,
B0CJ9XVJPF,Bundles,Full,White,0.0,0.0,0,1,0,0,,0.0,,0.0,
B0822VYT3Z,1800 Pillow Shams 2 piece,Standard,Beige,0.0,14.97,0,5,0,1,,0.2,,-14.97,-1.0
B08NPRM8MG,400TC Cotton Sheet Set,California King,Light Gray,0.0,0.0,3,0,0,0,0.0,,,0.0,
B0DN2851R7,Bundles,Queen,Gray,0.0,0.0,1,0,0,0,0.0,,,0.0,
B0D5HPLWC5,Unmapped,,,0.0,0.0,0,1,0,0,,0.0,,0.0,
B0GH2YGN71,Bundles_virtual,Standard,White,0.0,0.0,0,16,0,0,,0.0,,0.0,
B08D111DYP,"1800 Fitted Sheet 21"" Deep",Twin XL,Brown,0.0,0.0,4,6,0,0,0.0,0.0,0.0,0.0,
B08NPSNLSV,400TC Cotton Sheet Set,Full,Beige,0.0,0.0,9,3,0,0,0.0,0.0,0.0,0.0,
B010LB01OM,1800 Pillowcase Set 2 pc,Set of 2 King Size,Striped Beige,0.0,17.97,0,4,0,1,,0.25,,-17.97,-1.0
B0BTZ64KB1,1800 Bed Sheet Set 6 PIECE,Twin,Spa Blue,0.0,0.0,1,4,0,0,0.0,0.0,0.0,0.0,
B01MU0UYAQ,Cotton Flannel Sheet Set 160GSM,California King,Burgundy,0.0,121.94,1,7,0,2,0.0,0.2857142857142857,-0.2857142857142857,-121.94,-1.0
B0BTZ6C2CX,1800 Bed Sheet Set 6 PIECE,Split King,Coral,0.0,0.0,0,3,0,0,,0.0,,0.0,
B08NPT1SYZ,400TC Cotton Sheet Set,Twin XL,Light Blue,0.0,0.0,2,2,0,0,0.0,0.0,0.0,0.0,
B08NPV51XW,400TC Cotton Sheet Set,California King,Navy,0.0,0.0,2,3,0,0,0.0,0.0,0.0,0.0,
B09K7NY44N,Bundles,BUNDLE,Light Gray,0.0,0.0,1,5,0,0,0.0,0.0,0.0,0.0,
B0CKTW1KMN,Bundles,King,Spa Blue,0.0,0.0,0,5,0,0,,0.0,,0.0,
B0CYCQ8LZ1,1800 Bed Sheet Set 6 PC With DEEP Fitted Sheet,California King,Aqua,0.0,0.0,7,3,0,0,0.0,0.0,0.0,0.0,
B08NPPSR1F,400TC Cotton Sheet Set,King,Green,0.0,0.0,3,9,0,0,0.0,0.0,0.0,0.0,
B08NPRPVTT,400TC Cotton Sheet Set,Twin XL,Navy,0.0,0.0,3,4,0,0,0.0,0.0,0.0,0.0,
B0BTZ5WPV4,1800 Bed Sheet Set 6 PIECE,California King,Lavender,0.0,0.0,3,1,0,0,0.0,0.0,0.0,0.0,
B01ES3OLKY,1800 Fitted Sheet,California King,Black,0.0,87.88,2,5,0,4,0.0,0.8,-0.8,-87.88,-1.0
B0CJ9YC7Q8,Bundles,Queen,Light Gray,0.0,0.0,1,5,0,0,0.0,0.0,0.0,0.0,
B08NPTZ9V4,400TC Cotton Sheet Set,Full,Light Gray,0.0,0.0,3,5,0,0,0.0,0.0,0.0,0.0,
B0HB5KPZSB,Unmapped,,,0.0,0.0,3,0,0,0,0.0,,,0.0,
B01ES3OD98,1800 Fitted Sheet,California King,Gold,0.0,0.0,3,5,0,0,0.0,0.0,0.0,0.0,
B08TRSK3WJ,1800 Fitted Sheet,Twin XL,Teal,0.0,18.97,3,7,0,1,0.0,0.14285714285714285,-0.14285714285714285,-18.97,-1.0
B01ES3MA7A,1800 Fitted Sheet,Twin,Persimmon,0.0,0.0,7,7,0,0,0.0,0.0,0.0,0.0,
B09JB1HWPF,Bundles,BUNDLE,White,0.0,0.0,1,2,0,0,0.0,0.0,0.0,0.0,
B0BTZ5LZSN,1800 Bed Sheet Set 6 PIECE,Split King,Blush Pink,0.0,0.0,2,5,0,0,0.0,0.0,0.0,0.0,
B01ES3NISA,1800 Fitted Sheet,Twin XL,Coral,0.0,0.0,2,4,0,0,0.0,0.0,0.0,0.0,
B0BTZ4QXLJ,1800 Bed Sheet Set 6 PIECE,California King,Navy Blue,0.0,0.0,6,6,0,0,0.0,0.0,0.0,0.0,
B01N0R133G,Cotton Flannel Sheet Set 160GSM,Twin XL,Blue,0.0,87.94,11,11,0,2,0.0,0.18181818181818182,-0.18181818181818182,-87.94,-1.0
B0822WYTFB,1800 Pillowcase Set 4 pc,Standard,Royal Blue,0.0,0.0,14,8,0,0,0.0,0.0,0.0,0.0,
B0BTZ6FYXD,1800 Bed Sheet Set 6 PIECE,California King,Sage,0.0,54.97,4,3,0,1,0.0,0.3333333333333333,-0.3333333333333333,-54.97,-1.0
B0D7J7G354,1800 Bed Sheet Set 6 PC With DEEP Fitted Sheet,California King,Beige,0.0,0.0,5,7,0,0,0.0,0.0,0.0,0.0,
B01ETTFMOQ,1800 Flat Sheet,King,Beige,0.0,39.94,7,10,0,2,0.0,0.2,-0.2,-39.94,-1.0
B01ETTI9UA,1800 Flat Sheet,Full,Light Gray,0.0,0.0,3,5,0,0,0.0,0.0,0.0,0.0,
B0BTZ62W7M,1800 Bed Sheet Set 6 PIECE,California King,Spa Blue,0.0,0.0,6,2,0,0,0.0,0.0,0.0,0.0,
B0GGW7VNBM,Bundles_virtual,Queen,White,0.0,0.0,4,3,0,0,0.0,0.0,0.0,0.0,
B0CYCNR9XQ,1800 Bed Sheet Set 6 PC With DEEP Fitted Sheet,California King,Blue Nova,0.0,0.0,5,5,0,0,0.0,0.0,0.0,0.0,
B0BTZ7KXB3,1800 Bed Sheet Set 6 PIECE,Twin,Aqua,0.0,0.0,9,7,0,0,0.0,0.0,0.0,0.0,
B01ETTHKJG,1800 Flat Sheet,Full,Beige,0.0,0.0,3,5,0,0,0.0,0.0,0.0,0.0,
B01ETTDUW2,1800 Flat Sheet,Queen,Gray,0.0,56.91,7,14,0,3,0.0,0.21428571428571427,-0.21428571428571427,-56.91,-1.0
B0BTZ4TM7G,1800 Bed Sheet Set 6 PIECE,California King,Yellow,0.0,0.0,7,3,0,0,0.0,0.0,0.0,0.0,
B07YYC671Z,Silk Pillowcase,"Throw 18"" X 18""",Pink,0.0,0.0,4,4,0,0,0.0,0.0,0.0,0.0,
B0CYCQC5JR,1800 Bed Sheet Set 6 PC With DEEP Fitted Sheet,Full,Navy Blue,0.0,0.0,5,6,0,0,0.0,0.0,0.0,0.0,
B0BTZ96P6M,1800 Bed Sheet Set 6 PIECE,California King,Golden Ivory,0.0,0.0,5,1,0,0,0.0,0.0,0.0,0.0,
B08NPRNYVK,400TC Cotton Sheet Set,King,Beige,0.0,0.0,6,6,0,0,0.0,0.0,0.0,0.0,
B0CYCTJ5M7,1800 Bed Sheet Set 6 PC With DEEP Fitted Sheet,Full,Tan,0.0,0.0,5,7,0,0,0.0,0.0,0.0,0.0,
B0CYCQ2TNH,1800 Bed Sheet Set 6 PC With DEEP Fitted Sheet,Queen,Taupe,0.0,0.0,10,16,0,0,0.0,0.0,0.0,0.0,
B07YYBH2T9,Silk Pillowcase,"Throw 18"" X 18""","White, Black Piping",0.0,0.0,7,5,0,0,0.0,0.0,0.0,0.0,
B0BTZ64RRN,1800 Bed Sheet Set 6 PIECE,California King,Brown,0.0,0.0,5,2,0,0,0.0,0.0,0.0,0.0,
B0CNRX854V,1800 Bed Sheets,California King,Poppy Orange,0.0,44.97,23,28,0,1,0.0,0.03571428571428571,-0.03571428571428571,-44.97,-1.0
B0CLYCPG5T,1800 Bed Sheets,Split King,Burgundy,0.0,93.94,13,18,0,2,0.0,0.1111111111111111,-0.1111111111111111,-93.94,-1.0
B07M6VYV8R,1800 Duvet Cover Set,Twin,Light Gray,0.0,0.0,5,7,0,0,0.0,0.0,0.0,0.0,
B0CYCP9R6B,1800 Bed Sheet Set 6 PC With DEEP Fitted Sheet,California King,Navy Blue,0.0,0.0,4,3,0,0,0.0,0.0,0.0,0.0,
B01ES3LFHQ,1800 Fitted Sheet,Queen,Aqua,0.0,0.0,5,12,0,0,0.0,0.0,0.0,0.0,
B01ES3OIJ8,1800 Fitted Sheet,California King,Brick Red,0.0,0.0,2,2,0,0,0.0,0.0,0.0,0.0,
B0CNRXX15B,1800 Bed Sheets,Twin XL,Poppy Orange,0.0,34.97,21,31,0,1,0.0,0.03225806451612903,-0.03225806451612903,-34.97,-1.0
B08TRT7MXS,1800 Flat Sheet,Queen,Teal,0.0,0.0,8,5,0,0,0.0,0.0,0.0,0.0,
B01ES3OYHY,1800 Fitted Sheet,California King,Emerald Green,0.0,21.97,3,7,0,1,0.0,0.14285714285714285,-0.14285714285714285,-21.97,-1.0
B0BNNZMJCR,Bundles,Queen,Colorful,0.0,0.0,1,0,0,0,0.0,,,0.0,
B09PBT33DL,Bundles,BUNDLE,White,0.0,0.0,1,1,0,0,0.0,0.0,0.0,0.0,
B01ETTETZE,1800 Flat Sheet,Queen,Blue Hydrangea,0.0,0.0,14,18,0,0,0.0,0.0,0.0,0.0,
B0CYCR7QZZ,1800 Bed Sheet Set 6 PC With DEEP Fitted Sheet,Full,Hazy Lilac,0.0,0.0,11,10,0,0,0.0,0.0,0.0,0.0,
B01ETTFS0E,1800 Flat Sheet,King,Navy Blue,0.0,19.97,7,9,0,1,0.0,0.1111111111111111,-0.1111111111111111,-19.97,-1.0
B01ES3LAYO,1800 Fitted Sheet,Twin,Navy Blue,0.0,18.97,6,6,0,1,0.0,0.16666666666666666,-0.16666666666666666,-18.97,-1.0
B01ES3LNSC,1800 Fitted Sheet,Queen,Purple,0.0,19.97,7,9,0,1,0.0,0.1111111111111111,-0.1111111111111111,-19.97,-1.0
B0BTZ5CZGC,1800 Bed Sheet Set 6 PIECE,California King,Blush Pink,0.0,54.97,7,9,0,1,0.0,0.1111111111111111,-0.1111111111111111,-54.97,-1.0
B08NPN3JZX,400TC Cotton Sheet Set,Queen,Navy,0.0,0.0,8,10,0,0,0.0,0.0,0.0,0.0,
B08NPKVCBV,400TC Cotton Sheet Set,Queen,Ivory,0.0,64.97,2,8,0,1,0.0,0.125,-0.125,-64.97,-1.0
B0B5HSBY5X,1800 Duvet Cover Set,Oversized King,Light Gray,0.0,0.0,9,9,0,0,0.0,0.0,0.0,0.0,
B08TRPF6X4,1800 Fitted Sheet,California King,Dark Taupe,0.0,0.0,6,3,0,0,0.0,0.0,0.0,0.0,
B01ES3NOPM,1800 Fitted Sheet,King,Coral,0.0,0.0,4,6,0,0,0.0,0.0,0.0,0.0,
B0BTZ85K94,1800 Bed Sheet Set 6 PIECE,Full,Aqua,0.0,0.0,12,8,0,0,0.0,0.0,0.0,0.0,
B0GHK4B6LH,Bundles_virtual,Full,White,0.0,0.0,331,364,0,0,0.0,0.0,0.0,0.0,
B0B5HTK9GV,1800 Duvet Cover Set,Oversized King,Black,0.0,0.0,8,6,0,0,0.0,0.0,0.0,0.0,
B0BMW8H5KQ,1800 Bed Sheet Set With DEEP Fitted Sheet,Twin XL,Sage,0.0,179.88,48,43,0,4,0.0,0.09302325581395349,-0.09302325581395349,-179.88,-1.0
B08BZW8FG5,1800 Bed Sheet Set With DEEP Fitted Sheet,Full,Aqua,0.0,91.94,57,56,0,2,0.0,0.03571428571428571,-0.03571428571428571,-91.94,-1.0
B01ETTEJL8,1800 Flat Sheet,Queen,Lavender,0.0,18.97,10,6,0,1,0.0,0.16666666666666666,-0.16666666666666666,-18.97,-1.0
B0CYCPGS5Q,1800 Bed Sheet Set 6 PC With DEEP Fitted Sheet,King,Ivory,0.0,0.0,31,35,0,0,0.0,0.0,0.0,0.0,
B0CYCQGKGP,1800 Bed Sheet Set 6 PC With DEEP Fitted Sheet,California King,Sky Blue,0.0,59.97,4,5,0,1,0.0,0.2,-0.2,-59.97,-1.0
B0DGQQHL23,1800 Bed Sheets,California King,Oxford Stripe Sage,0.0,89.94,53,61,0,2,0.0,0.03278688524590164,-0.03278688524590164,-89.94,-1.0
B0822VNB18,"1800 Fitted Sheet 21"" Deep",Full,Black,0.0,0.0,16,1,0,0,0.0,0.0,0.0,0.0,
B01MR5KTCB,1800 Bed Sheets,Split King,Beige,0.0,140.91,44,58,0,3,0.0,0.05172413793103448,-0.05172413793103448,-140.91,-1.0
B0CLYF44J8,1800 Bed Sheets,Split King,Taupe,0.0,46.97,27,38,0,1,0.0,0.02631578947368421,-0.02631578947368421,-46.97,-1.0
B0CYCQ4MC3,1800 Bed Sheet Set 6 PC With DEEP Fitted Sheet,Full,Blush Pink,0.0,0.0,14,5,0,0,0.0,0.0,0.0,0.0,
B0CNS1GMMB,1800 Bed Sheets,Twin,Terracotta,0.0,34.97,37,33,0,1,0.0,0.030303030303030304,-0.030303030303030304,-34.97,-1.0
B07J3SN523,Cotton Flannel Sheet Set 180GSM,King,White,0.0,0.0,25,15,0,0,0.0,0.0,0.0,0.0,
B0CNRYSBM1,1800 Bed Sheets,Split King,Poppy Orange,0.0,46.97,20,22,0,1,0.0,0.045454545454545456,-0.045454545454545456,-46.97,-1.0
B0BTZ6DTKK,1800 Bed Sheet Set 6 PIECE,Queen,Brick Red,0.0,0.0,23,43,0,0,0.0,0.0,0.0,0.0,
B0BTZ6J8CX,1800 Bed Sheet Set 6 PIECE,Full,Brown,0.0,0.0,8,8,0,0,0.0,0.0,0.0,0.0,
B08NPXQTF4,400TC Cotton Sheet Set,Twin,White,0.0,49.97,9,23,0,1,0.0,0.043478260869565216,-0.043478260869565216,-49.97,-1.0
B08CZZV6R5,"1800 Fitted Sheet 21"" Deep",Queen,Aqua,0.0,23.97,22,27,0,1,0.0,0.037037037037037035,-0.037037037037037035,-23.97,-1.0
B0B5HQFYDR,1800 Duvet Cover Set,Oversized King,White,0.0,283.98,23,36,0,6,0.0,0.16666666666666666,-0.16666666666666666,-283.98,-1.0
B0822XRYKY,1800 Pillowcase Set 2 pc,Set of 2 Standard Size,Chevron Gray,0.0,17.97,25,39,0,1,0.0,0.02564102564102564,-0.02564102564102564,-17.97,-1.0
B0CNRX5LHJ,1800 Bed Sheets,Split King,Hazy Lilac,0.0,0.0,38,50,0,0,0.0,0.0,0.0,0.0,
B08L6SJXTL,1800 Pillowcase Set 2 pc,1 Pillowcase Body,Blue Hydrangea,0.0,29.94,13,17,0,2,0.0,0.11764705882352941,-0.11764705882352941,-29.94,-1.0
B01ES3O2HQ,1800 Fitted Sheet,California King,Beige,0.0,65.91,8,11,0,3,0.0,0.2727272727272727,-0.2727272727272727,-65.91,-1.0
B08KHCVCMS,1800 Ultrasonic Coverlet,Twin,Rosette Gray,0.0,0.0,39,34,0,0,0.0,0.0,0.0,0.0,
B0CYCQC3PJ,1800 Bed Sheet Set 6 PC With DEEP Fitted Sheet,Queen,Blush Pink,0.0,99.94,13,15,0,2,0.0,0.13333333333333333,-0.13333333333333333,-99.94,-1.0
B0B5HRJ2NB,1800 Duvet Cover Set,Oversized Queen,Light Gray,0.0,0.0,9,7,0,0,0.0,0.0,0.0,0.0,
B0CYCP3D24,1800 Bed Sheet Set 6 PC With DEEP Fitted Sheet,King,Tan,0.0,0.0,26,21,0,0,0.0,0.0,0.0,0.0,
B09K7NWF3H,Bundles,BUNDLE,Light Gray,0.0,0.0,1,3,0,0,0.0,0.0,0.0,0.0,
B0DGQRXZ43,1800 Bed Sheets,California King,Charcoal,0.0,0.0,10,9,0,0,0.0,0.0,0.0,0.0,
B01ETTG2U4,1800 Flat Sheet,Twin XL,Purple,0.0,0.0,4,13,0,0,0.0,0.0,0.0,0.0,
B0DN21G3VN,Bundles,Queen,Light Gray,0.0,0.0,2,0,0,0,0.0,,,0.0,
B0CYCQM958,1800 Bed Sheet Set 6 PC With DEEP Fitted Sheet,King,Lavender,0.0,0.0,19,18,0,0,0.0,0.0,0.0,0.0,
B0CKTWCPV1,Bundles,King,Navy,0.0,0.0,2,3,0,0,0.0,0.0,0.0,0.0,
B0822Z1N5D,1800 Bedskirt,King,Black,0.0,22.97,19,14,0,1,0.0,0.07142857142857142,-0.07142857142857142,-22.97,-1.0
B01ES3LXCI,1800 Fitted Sheet,Twin,Royal Blue,0.0,18.97,6,10,0,1,0.0,0.1,-0.1,-18.97,-1.0
B0822WT7JY,1800 Bed Sheet Set With DEEP Fitted Sheet,Split King,Spa Blue,0.0,49.97,26,30,0,1,0.0,0.03333333333333333,-0.03333333333333333,-49.97,-1.0
B07X2SKX7B,Cotton Flannel Sheet Set 160GSM,Full,Light Blue Plaid,0.0,0.0,6,11,0,0,0.0,0.0,0.0,0.0,
B0822XGM2X,1800 Pillowcase Set 4 pc,Standard,Black,0.0,54.0,8,9,0,2,0.0,0.2222222222222222,-0.2222222222222222,-54.0,-1.0
B0822YLVJG,1800 Bedskirt,Twin,Blue Hydrangea,0.0,19.97,9,15,0,1,0.0,0.06666666666666667,-0.06666666666666667,-19.97,-1.0
B0BXTCFZ3K,Microfiber Pillow Covers w/zipper,18x18,Coverlet Black,0.0,0.0,5,4,0,0,0.0,0.0,0.0,0.0,
B01MXYFPYY,Cotton Flannel Sheet Set 160GSM,King,Navy,0.0,0.0,3,5,0,0,0.0,0.0,0.0,0.0,
B08L3ZBPQ3,Silk Pillowcase,"King 20"" X 36""",Light Green,0.0,0.0,8,2,0,0,0.0,0.0,0.0,0.0,
B07J3YKXS2,Cotton Flannel Sheet Set 180GSM,Twin XL,Gray,0.0,0.0,6,4,0,0,0.0,0.0,0.0,0.0,
B01ETTFWN2,1800 Flat Sheet,Twin XL,Violet,0.0,16.97,5,9,0,1,0.0,0.1111111111111111,-0.1111111111111111,-16.97,-1.0
B0CLYBGP2S,1800 Bed Sheets,Twin,Taupe,0.0,0.0,16,16,0,0,0.0,0.0,0.0,0.0,
B0BTZ5SDV8,1800 Bed Sheet Set 6 PIECE,Twin XL,Beige,0.0,37.21,13,13,0,1,0.0,0.07692307692307693,-0.07692307692307693,-37.21,-1.0
B0822XR323,1800 Bed Sheet Set With DEEP Fitted Sheet,Twin,Royal Blue,0.0,89.94,11,14,0,2,0.0,0.14285714285714285,-0.14285714285714285,-89.94,-1.0
B08BZX7VLP,1800 Bed Sheet Set With DEEP Fitted Sheet,Twin,Emerald Green,0.0,0.0,19,26,0,0,0.0,0.0,0.0,0.0,
B0822WWR9B,1800 Pillow Shams 2 piece,Standard,Navy Blue,0.0,0.0,16,11,0,0,0.0,0.0,0.0,0.0,
B0BTZ6RFZR,1800 Bed Sheet Set 6 PIECE,King,Black,0.0,0.0,15,14,0,0,0.0,0.0,0.0,0.0,
B0CYCQLNLX,1800 Bed Sheet Set 6 PC With DEEP Fitted Sheet,Full,Emerald Green,0.0,0.0,15,16,0,0,0.0,0.0,0.0,0.0,
B0822YRN5P,1800 Pillowcase Set 4 pc,King,Beige,0.0,0.0,8,2,0,0,0.0,0.0,0.0,0.0,
B0DGQPGP7Q,1800 Bed Sheets,Split King,Oxford Stripe Sage,0.0,140.91,27,180,0,3,0.0,0.016666666666666666,-0.016666666666666666,-140.91,-1.0
B0CYCRQ87P,1800 Bed Sheet Set 6 PC With DEEP Fitted Sheet,Full,Spa Blue,0.0,44.97,11,21,0,1,0.0,0.047619047619047616,-0.047619047619047616,-44.97,-1.0
B0CYCPVH5H,1800 Bed Sheet Set 6 PC With DEEP Fitted Sheet,Full,Brown,0.0,0.0,20,22,0,0,0.0,0.0,0.0,0.0,
B08V8YBL7L,1800 Bed Sheets,RV / Short Queen,Royal Blue,0.0,34.97,7,24,0,1,0.0,0.041666666666666664,-0.041666666666666664,-34.97,-1.0
B01ES3N7Q8,1800 Fitted Sheet,Twin XL,Lavender,0.0,0.0,9,5,0,0,0.0,0.0,0.0,0.0,
B07YYCK27R,Silk Pillowcase,"Standard 20"" X 26""",Black,0.0,0.0,5,6,0,0,0.0,0.0,0.0,0.0,
B08TRTB2DF,1800 Flat Sheet,Twin,Sage,0.0,0.0,6,2,0,0,0.0,0.0,0.0,0.0,
B097YX3GR4,Cotton Flannel Sheet Set 180GSM,Twin XL,Gray Animal,0.0,0.0,2,3,0,0,0.0,0.0,0.0,0.0,
B08YP663VF,Ruffle Skirt Bedspread Ruffle,King,Ruffle White,0.0,0.0,2,3,0,0,0.0,0.0,0.0,0.0,
B01MT8MY31,1800 Bed Sheets,Split King,Black,0.0,0.0,16,9,0,0,0.0,0.0,0.0,0.0,
B0BTZ7XLK4,1800 Bed Sheet Set 6 PIECE,Full,Spa Blue,0.0,0.0,15,11,0,0,0.0,0.0,0.0,0.0,
B0DGQPY788,1800 Bed Sheets,Split King,Oxford Stripe Hazy Lilac,0.0,140.91,19,36,0,3,0.0,0.08333333333333333,-0.08333333333333333,-140.91,-1.0
B07YYC3R65,Silk Pillowcase,"Throw 18"" X 18""",Gold,0.0,0.0,5,7,0,0,0.0,0.0,0.0,0.0,
B0CYCQ212T,1800 Bed Sheet Set 6 PC With DEEP Fitted Sheet,Queen,Spa Blue,0.0,99.94,30,22,0,2,0.0,0.09090909090909091,-0.09090909090909091,-99.94,-1.0
B08TRR3SNS,1800 Flat Sheet,King,Blush Pink,0.0,19.97,54,39,0,1,0.0,0.02564102564102564,-0.02564102564102564,-19.97,-1.0
B01ES3N9GQ,1800 Fitted Sheet,Twin XL,Tan,0.0,0.0,9,8,0,0,0.0,0.0,0.0,0.0,
B0822XDTL3,1800 Bed Sheet Set With DEEP Fitted Sheet,Full,Brick Red,0.0,0.0,17,22,0,0,0.0,0.0,0.0,0.0,
B0822ZP2SL,1800 Bedskirt,Queen,Spa Blue,0.0,20.97,59,52,0,1,0.0,0.019230769230769232,-0.019230769230769232,-20.97,-1.0
B0822XCR7V,1800 Pillowcase Set 4 pc,Standard,Brick Red,0.0,0.0,8,8,0,0,0.0,0.0,0.0,0.0,
B08NPQ6FPY,400TC Cotton Sheet Set,Full,Burgundy,0.0,0.0,3,1,0,0,0.0,0.0,0.0,0.0,
B0822WH4Q2,"1800 Fitted Sheet 21"" Deep",California King,Gray,0.0,0.0,7,4,0,0,0.0,0.0,0.0,0.0,
B0BTZ6Q4ZS,1800 Bed Sheet Set 6 PIECE,Twin,Brick Red,0.0,37.97,7,3,0,1,0.0,0.3333333333333333,-0.3333333333333333,-37.97,-1.0
B09NC6DWPT,Mattress Pads Waterproof,"California King 21""",White,0.0,0.0,6,14,0,0,0.0,0.0,0.0,0.0,
B07WZP1ZLN,Cotton Flannel Sheet Set 160GSM,Full,Pink,0.0,0.0,11,6,0,0,0.0,0.0,0.0,0.0,
B0CYCP3H4R,1800 Bed Sheet Set 6 PC With DEEP Fitted Sheet,Full,Blue Nova,0.0,0.0,23,29,0,0,0.0,0.0,0.0,0.0,
B08NPY95PW,400TC Cotton Sheet Set,California King,Green,0.0,0.0,2,1,0,0,0.0,0.0,0.0,0.0,
B0BTZ7XWCV,1800 Bed Sheet Set 6 PIECE,Full,Purple,0.0,38.97,2,9,0,1,0.0,0.1111111111111111,-0.1111111111111111,-38.97,-1.0
B01ETTFFJI,1800 Flat Sheet,Queen,Spa Mint,0.0,18.97,16,18,0,1,0.0,0.05555555555555555,-0.05555555555555555,-18.97,-1.0
B01ETTI5CC,1800 Flat Sheet,California King,Lavender,0.0,0.0,5,4,0,0,0.0,0.0,0.0,0.0,
B08TRRS9DS,1800 Flat Sheet,Queen,Sage,0.0,0.0,22,16,0,0,0.0,0.0,0.0,0.0,
B0BTZ3TTFC,1800 Bed Sheet Set 6 PIECE,King,Brick Red,0.0,0.0,25,11,0,0,0.0,0.0,0.0,0.0,
B0822WHDSY,1800 Bed Sheet Set With DEEP Fitted Sheet,California King,Spa Blue,0.0,103.94,67,59,0,2,0.0,0.03389830508474576,-0.03389830508474576,-103.94,-1.0
B08CZZWCJ5,"1800 Fitted Sheet 21"" Deep",Queen,Purple,0.0,0.0,25,34,0,0,0.0,0.0,0.0,0.0,
B08CZYST4Y,1800 Bed Sheet Set With DEEP Fitted Sheet,Twin XL,Purple,0.0,44.97,25,17,0,1,0.0,0.058823529411764705,-0.058823529411764705,-44.97,-1.0
B08V8T981S,1800 Bed Sheets,RV / Short Queen,Black,0.0,69.94,30,32,0,2,0.0,0.0625,-0.0625,-69.94,-1.0
B09SQDYXCW,1800 Duvet Cover Set,King,Sage,0.0,0.0,26,28,0,0,0.0,0.0,0.0,0.0,
B08TRRGL9M,1800 Flat Sheet,Twin XL,Sage,0.0,16.97,8,6,0,1,0.0,0.16666666666666666,-0.16666666666666666,-16.97,-1.0
B0822YMRLF,1800 Bedskirt,Twin,Gray,0.0,0.0,4,6,0,0,0.0,0.0,0.0,0.0,
B0BTZ6C48G,1800 Bed Sheet Set 6 PIECE,Twin,Golden Ivory,0.0,0.0,13,28,0,0,0.0,0.0,0.0,0.0,
B07YYDGZ59,Silk Pillowcase,"Queen 20"" X 30""","White, Black Piping",0.0,37.97,8,9,0,1,0.0,0.1111111111111111,-0.1111111111111111,-37.97,-1.0
B07YYD6YY8,Silk Pillowcase,"Queen 20"" X 30""",Dark Gray,0.0,0.0,10,7,0,0,0.0,0.0,0.0,0.0,
B07YY9Z2JF,Silk Pillowcase,"Standard 20"" X 26""",Pink,0.0,33.97,9,7,0,1,0.0,0.14285714285714285,-0.14285714285714285,-33.97,-1.0
B08NPNZFWB,400TC Cotton Sheet Set,Twin,Navy,0.0,0.0,11,6,0,0,0.0,0.0,0.0,0.0,
B010LAZU9Y,1800 Pillowcase Set 2 pc,Set of 2 Standard Size,Striped Gray/Silver,0.0,35.94,5,14,0,2,0.0,0.14285714285714285,-0.14285714285714285,-35.94,-1.0
B09ZPX77BV,Bundles,Queen,Light Gray,0.0,0.0,1,1,0,0,0.0,0.0,0.0,0.0,
B07YYCDGFZ,Silk Pillowcase,"Body 20"" X 54""",Black,0.0,0.0,3,4,0,0,0.0,0.0,0.0,0.0,
B01DN0B7S2,1800 Pillowcase Set 2 pc,Set of 2 Standard Size,Hot Pink,0.0,0.0,9,17,0,0,0.0,0.0,0.0,0.0,
B0BMWBZ188,1800 Bed Sheet Set With DEEP Fitted Sheet,Twin XL,Laced Sky Blue,0.0,44.97,37,45,0,1,0.0,0.022222222222222223,-0.022222222222222223,-44.97,-1.0
B01ES3N8F8,1800 Fitted Sheet,King,Brick Red,0.0,0.0,6,2,0,0,0.0,0.0,0.0,0.0,
B07J3SKJMZ,Cotton Flannel Sheet Set 180GSM,California King,Gray,0.0,0.0,3,0,0,0,0.0,,,0.0,
B0CJ9WGVM1,Bundles,Queen,White,0.0,0.0,4,3,0,0,0.0,0.0,0.0,0.0,
B01ETTHEGU,1800 Flat Sheet,California King,Navy Blue,0.0,39.94,6,7,0,2,0.0,0.2857142857142857,-0.2857142857142857,-39.94,-1.0
B0822Z1P7N,1800 Bedskirt,Twin,Navy Blue,0.0,19.97,7,7,0,1,0.0,0.14285714285714285,-0.14285714285714285,-19.97,-1.0
B08BZX45CN,1800 Bed Sheet Set With DEEP Fitted Sheet,Full,Tan,0.0,45.97,29,47,0,1,0.0,0.02127659574468085,-0.02127659574468085,-45.97,-1.0
B08TRR3MVX,1800 Flat Sheet,Twin XL,Blush Pink,0.0,0.0,13,18,0,0,0.0,0.0,0.0,0.0,
B0CYCQXH5L,1800 Bed Sheet Set 6 PC With DEEP Fitted Sheet,King,Black,0.0,117.94,11,10,0,2,0.0,0.2,-0.2,-117.94,-1.0
B0CYCQC3PH,1800 Bed Sheet Set 6 PC With DEEP Fitted Sheet,California King,Ivory,0.0,0.0,7,14,0,0,0.0,0.0,0.0,0.0,
B07X1SSD9W,Cotton Flannel Sheet Set 160GSM,Twin,Light Blue Plaid,0.0,0.0,1,5,0,0,0.0,0.0,0.0,0.0,
B0BTZ5L4DM,1800 Bed Sheet Set 6 PIECE,King,Coral,0.0,0.0,23,14,0,0,0.0,0.0,0.0,0.0,
B01ETTG7S6,1800 Flat Sheet,King,Purple,0.0,19.97,6,3,0,1,0.0,0.3333333333333333,-0.3333333333333333,-19.97,-1.0
B0D7JBM5Z1,1800 Bed Sheet Set 6 PC With DEEP Fitted Sheet,King,Golden Ivory,0.0,117.94,27,32,0,2,0.0,0.0625,-0.0625,-117.94,-1.0
B0BMW4YJ1T,Bundles,Twin,Lavender/White,0.0,0.0,1,0,0,0,0.0,,,0.0,
B0BTZ7KY66,1800 Bed Sheet Set 6 PIECE,Split King,Spa Blue,0.0,57.97,4,4,0,1,0.0,0.25,-0.25,-57.97,-1.0
B01ES3M318,1800 Fitted Sheet,Twin,Blue Hydrangea,0.0,56.91,5,11,0,3,0.0,0.2727272727272727,-0.2727272727272727,-56.91,-1.0
B0CYCNNTMH,1800 Bed Sheet Set 6 PC With DEEP Fitted Sheet,Full,Light Gray,0.0,0.0,9,0,0,0,0.0,,,0.0,
B0DGQRMQ24,1800 Bed Sheets,California King,Oxford Stripe Blue Nova,0.0,0.0,21,20,0,0,0.0,0.0,0.0,0.0,
B0822YXV1M,1800 Bedskirt,Twin,Light Gray,0.0,19.97,9,13,0,1,0.0,0.07692307692307693,-0.07692307692307693,-19.97,-1.0
B0DN27LTYB,Bundles,Queen,White,0.0,0.0,2,5,0,0,0.0,0.0,0.0,0.0,
B01ES3NKDS,1800 Fitted Sheet,Twin XL,Emerald Green,0.0,37.94,4,10,0,2,0.0,0.2,-0.2,-37.94,-1.0
B0822ZVWFK,1800 Pillowcase Set 4 pc,King,Light Gray,0.0,27.0,6,12,0,1,0.0,0.08333333333333333,-0.08333333333333333,-27.0,-1.0
B0D7J4XVRX,1800 Bed Sheet Set 6 PC With DEEP Fitted Sheet,Full,Spa Mint,0.0,0.0,19,12,0,0,0.0,0.0,0.0,0.0,
B0CYCPVH5D,1800 Bed Sheet Set 6 PC With DEEP Fitted Sheet,Full,Lavender,0.0,0.0,8,5,0,0,0.0,0.0,0.0,0.0,
B01DN0B4OO,1800 Bed Sheets,California King,Yellow,0.0,179.88,59,54,0,4,0.0,0.07407407407407407,-0.07407407407407407,-179.88,-1.0
B0822WX2RK,1800 Bed Sheet Set With DEEP Fitted Sheet,Twin,Navy Blue,0.0,0.0,1,9,0,0,0.0,0.0,0.0,0.0,
B08TRQ3PGB,1800 Fitted Sheet,Twin,Teal,0.0,0.0,3,3,0,0,0.0,0.0,0.0,0.0,
B0892NX26C,1800 Flat Sheet,Full,Spa Blue,0.0,0.0,9,12,0,0,0.0,0.0,0.0,0.0,
B0DGQP5QR6,1800 Bed Sheets,Twin,Oxford Stripe Hazy Lilac,0.0,0.0,17,23,0,0,0.0,0.0,0.0,0.0,
B08BZVWFXT,1800 Bed Sheet Set With DEEP Fitted Sheet,Split King,Brown,0.0,0.0,15,10,0,0,0.0,0.0,0.0,0.0,
B0DN24S1Z1,Bundles,Queen,Light Gray,0.0,0.0,1,1,0,0,0.0,0.0,0.0,0.0,
B09ZPWGR9B,Bundles,Full,White,0.0,0.0,1,3,0,0,0.0,0.0,0.0,0.0,
B01ES3LOBI,1800 Fitted Sheet,Twin,Purple,0.0,0.0,3,1,0,0,0.0,0.0,0.0,0.0,
B0DN268KX6,Bundles,King,White,0.0,0.0,1,3,0,0,0.0,0.0,0.0,0.0,
B08BZZ4MJY,1800 Bed Sheet Set With DEEP Fitted Sheet,Twin,Lavender,0.0,0.0,21,23,0,0,0.0,0.0,0.0,0.0,
B08D114CF3,"1800 Fitted Sheet 21"" Deep",Queen,Coral,0.0,71.91,13,10,0,3,0.0,0.3,-0.3,-71.91,-1.0
B08NPSG4YB,400TC Cotton Sheet Set,Queen,Light Blue,0.0,0.0,0,1,0,0,,0.0,,0.0,
B08TRT459D,1800 Flat Sheet,Twin XL,Teal,0.0,0.0,0,0,0,0,,,,0.0,
B01ES3OTME,1800 Fitted Sheet,Full,Emerald Green,0.0,0.0,2,5,0,0,0.0,0.0,0.0,0.0,
B07YYLTXKZ,Cotton Flannel Sheet Set 160GSM,Twin,Burgundy,0.0,43.97,1,2,0,1,0.0,0.5,-0.5,-43.97,-1.0
B08TRPK4KV,1800 Fitted Sheet,Full,Teal,0.0,0.0,0,3,0,0,,0.0,,0.0,
B0CLYCGPBZ,1800 Bed Sheets,Queen,New Beige,0.0,0.0,10,85,0,0,0.0,0.0,0.0,0.0,
B01N4E6W8F,Cotton Flannel Sheet Set 160GSM,Full,White,0.0,0.0,3,2,0,0,0.0,0.0,0.0,0.0,
B099SF56G7,1800 Duvet Cover Set,Full,Black,0.0,0.0,7,11,0,0,0.0,0.0,0.0,0.0,
B08NPP9P15,400TC Cotton Sheet Set,Twin XL,White,0.0,0.0,3,7,0,0,0.0,0.0,0.0,0.0,
B0CYCRPGBJ,1800 Bed Sheet Set 6 PC With DEEP Fitted Sheet,California King,Sage,0.0,0.0,26,15,0,0,0.0,0.0,0.0,0.0,
B0CYCRC9TK,1800 Bed Sheet Set 6 PC With DEEP Fitted Sheet,California King,Blush Pink,0.0,0.0,2,6,0,0,0.0,0.0,0.0,0.0,
B08NPQ82QL,400TC Cotton Sheet Set,California King,Beige,0.0,0.0,2,2,0,0,0.0,0.0,0.0,0.0,
B0822TRHC4,"1800 Fitted Sheet 21"" Deep",Queen,Blue Hydrangea,0.0,23.97,30,43,0,1,0.0,0.023255813953488372,-0.023255813953488372,-23.97,-1.0
B0CNRYJF31,1800 Bed Sheets,Twin,Pistachio,0.0,0.0,37,51,0,0,0.0,0.0,0.0,0.0,
B0BTZ5JV9H,1800 Bed Sheet Set 6 PIECE,California King,Aqua,0.0,0.0,4,2,0,0,0.0,0.0,0.0,0.0,
B06XYWHZHN,Toddler 1800 Fitted Sheet,"2 Fitted Sheets 28"" x 52""",Animal Print and Pink,0.0,0.0,2,5,0,0,0.0,0.0,0.0,0.0,
B0CNRYCQQB,1800 Bed Sheets,Split King,Pistachio,0.0,0.0,27,24,0,0,0.0,0.0,0.0,0.0,
B0BTZ85LRT,1800 Bed Sheet Set 6 PIECE,California King,Gray,0.0,0.0,4,4,0,0,0.0,0.0,0.0,0.0,
B01ETTGSFI,1800 Flat Sheet,King,Emerald Green,0.0,19.97,4,14,0,1,0.0,0.07142857142857142,-0.07142857142857142,-19.97,-1.0
B01ETTHW7G,1800 Flat Sheet,California King,Purple,0.0,0.0,2,4,0,0,0.0,0.0,0.0,0.0,
B0BTZ61X6H,1800 Bed Sheet Set 6 PIECE,Twin XL,Navy Blue,0.0,0.0,1,1,0,0,0.0,0.0,0.0,0.0,
B0BTZ96P6Q,1800 Bed Sheet Set 6 PIECE,Split King,Aqua,0.0,0.0,2,4,0,0,0.0,0.0,0.0,0.0,
B0B9YRWFGJ,Faux Leather Pillow Cover,18x18 Throw 1 Pack,Brown,0.0,0.0,4,9,0,0,0.0,0.0,0.0,0.0,
B01ETTEJIQ,1800 Flat Sheet,Twin,Brick Red,0.0,0.0,4,1,0,0,0.0,0.0,0.0,0.0,
B08TRRY8RX,1800 Fitted Sheet,Twin XL,Dark Taupe,0.0,0.0,7,9,0,0,0.0,0.0,0.0,0.0,
B08NPTGRG6,400TC Cotton Sheet Set,King,Denim Blue,0.0,0.0,5,3,0,0,0.0,0.0,0.0,0.0,
B0CYCNYBCJ,1800 Bed Sheet Set 6 PC With DEEP Fitted Sheet,California King,Blue Hydrangea,0.0,0.0,6,7,0,0,0.0,0.0,0.0,0.0,
B0BTZ6PZJB,1800 Bed Sheet Set 6 PIECE,Split King,Light Gray,0.0,0.0,2,7,0,0,0.0,0.0,0.0,0.0,
B08NPKL1TC,400TC Cotton Sheet Set,Queen,Green,0.0,0.0,3,5,0,0,0.0,0.0,0.0,0.0,
B0CJ9WSNK1,Bundles,King,Gray,0.0,0.0,1,0,0,0,0.0,,,0.0,
B0CNWG1SXZ,1800 Pillowcase Set 2 pc,Set of 2 King Size,Taupe,0.0,35.94,3,5,0,2,0.0,0.4,-0.4,-35.94,-1.0
B08CZYSCZ9,1800 Bed Sheet Set With DEEP Fitted Sheet,Twin,Coral,0.0,0.0,10,16,0,0,0.0,0.0,0.0,0.0,
B09SQFHBDY,1800 Duvet Cover Set,Full,Sage,0.0,0.0,4,5,0,0,0.0,0.0,0.0,0.0,
B01ES3N4M0,1800 Fitted Sheet,King,Brown,0.0,43.94,5,11,0,3,0.0,0.2727272727272727,-0.2727272727272727,-43.94,-1.0
B08TRSXLRN,1800 Flat Sheet,California King,Golden Ivory,0.0,0.0,5,11,0,0,0.0,0.0,0.0,0.0,
B0822X1F1C,1800 Bed Sheet Set With DEEP Fitted Sheet,Twin XL,Spa Blue,0.0,134.91,57,43,0,3,0.0,0.06976744186046512,-0.06976744186046512,-134.91,-1.0
B0BTZ48312,1800 Bed Sheet Set 6 PIECE,California King,Blue Hydrangea,0.0,0.0,8,6,0,0,0.0,0.0,0.0,0.0,
B0BNNZKFVC,Bundles,Twin XL,Colorful,0.0,0.0,1,1,0,0,0.0,0.0,0.0,0.0,
B09PBSSW7S,Bundles,BUNDLE,Light Gray,0.0,0.0,1,1,0,0,0.0,0.0,0.0,0.0,
B01ETTIJO6,1800 Flat Sheet,California King,Coral,0.0,59.91,7,11,0,3,0.0,0.2727272727272727,-0.2727272727272727,-59.91,-1.0
B0BTZ66G9R,1800 Bed Sheet Set 6 PIECE,Twin,Gray,0.0,0.0,2,1,0,0,0.0,0.0,0.0,0.0,
B08RZDBH97,1800 Bed Sheets,Split King,Teal,0.0,140.91,65,62,0,3,0.0,0.04838709677419355,-0.04838709677419355,-140.91,-1.0
B01ES3M6OW,1800 Fitted Sheet,Twin,Emerald Green,0.0,37.94,4,7,0,2,0.0,0.2857142857142857,-0.2857142857142857,-37.94,-1.0
B0DGQTCZ9Q,1800 Bed Sheets,Split King,Charcoal,0.0,46.97,9,6,0,1,0.0,0.16666666666666666,-0.16666666666666666,-46.97,-1.0
B07X3VKLPV,Cotton Flannel Sheet Set 180GSM,Twin,Navy,0.0,0.0,3,0,0,0,0.0,,,0.0,
B01ES3OCD0,1800 Fitted Sheet,Full,Purple,0.0,0.0,5,7,0,0,0.0,0.0,0.0,0.0,
B08TRQBMZD,1800 Fitted Sheet,California King,Golden Ivory,0.0,0.0,3,3,0,0,0.0,0.0,0.0,0.0,
B09PBXKHHK,Bundles,BUNDLE,Gray,0.0,0.0,1,1,0,0,0.0,0.0,0.0,0.0,
B09SQF6WDH,1800 Duvet Cover Set,Twin,Sage,0.0,27.97,11,10,0,1,0.0,0.1,-0.1,-27.97,-1.0
B079YXSQ5C,1800 Duvet Cover Set,Twin,White,0.0,27.97,60,71,0,1,0.0,0.014084507042253521,-0.014084507042253521,-27.97,-1.0
B01ETTE0EO,1800 Flat Sheet,Twin,Beige,0.0,63.88,14,16,0,4,0.0,0.25,-0.25,-63.88,-1.0
B0GGVCX2G1,Bundles_virtual,King,White,0.0,0.0,18,11,0,0,0.0,0.0,0.0,0.0,
B0GGVC7Q3M,Bundles_virtual,Standard,White,0.0,0.0,20,17,0,0,0.0,0.0,0.0,0.0,
B01ES3O5V4,1800 Fitted Sheet,California King,Navy Blue,0.0,0.0,7,3,0,0,0.0,0.0,0.0,0.0,
B0BTZ7F43V,1800 Bed Sheet Set 6 PIECE,King,Yellow,0.0,0.0,17,24,0,0,0.0,0.0,0.0,0.0,
B0CYCRLVKL,1800 Bed Sheet Set 6 PC With DEEP Fitted Sheet,Queen,Hazy Lilac,0.0,0.0,18,16,0,0,0.0,0.0,0.0,0.0,
B0CNRXP565,1800 Pillowcase Set 2 pc,Set of 2 King Size,Blue Nova,0.0,17.97,15,11,0,1,0.0,0.09090909090909091,-0.09090909090909091,-17.97,-1.0
B0B5HSDTJP,1800 Duvet Cover Set,Oversized Queen,White,0.0,0.0,23,26,0,0,0.0,0.0,0.0,0.0,
B07X4WY7QZ,Cotton Flannel Sheet Set 180GSM,Twin,Floral Feathers,0.0,0.0,27,26,0,0,0.0,0.0,0.0,0.0,
B0822VY3C6,"1800 Fitted Sheet 21"" Deep",Full,Beige,0.0,65.91,13,30,0,3,0.0,0.1,-0.1,-65.91,-1.0
B07WZNZTMM,Cotton Flannel Sheet Set 160GSM,King,Light Blue Plaid,0.0,0.0,16,5,0,0,0.0,0.0,0.0,0.0,
B0D7J5RP1G,1800 Bed Sheet Set 6 PC With DEEP Fitted Sheet,California King,Golden Ivory,0.0,0.0,13,10,0,0,0.0,0.0,0.0,0.0,
B01NCMALG3,Cotton Flannel Sheet Set 160GSM,Twin,Blue,0.0,43.97,5,5,0,1,0.0,0.2,-0.2,-43.97,-1.0
B01MY7SKC2,1800 Bed Sheets,Split King,Brown,0.0,93.94,19,21,0,2,0.0,0.09523809523809523,-0.09523809523809523,-93.94,-1.0
B08NPKNG2B,400TC Cotton Sheet Set,Queen,Burgundy,0.0,0.0,5,2,0,0,0.0,0.0,0.0,0.0,
B0822VJLK9,1800 Pillow Shams 2 piece,Standard,Brick Red,0.0,0.0,7,9,0,0,0.0,0.0,0.0,0.0,
B0CYCQ7NHL,1800 Bed Sheet Set 6 PC With DEEP Fitted Sheet,King,Blush Pink,0.0,58.97,16,28,0,1,0.0,0.03571428571428571,-0.03571428571428571,-58.97,-1.0
B0CYCPX4BZ,1800 Bed Sheet Set 6 PC With DEEP Fitted Sheet,King,Brown,0.0,0.0,27,15,0,0,0.0,0.0,0.0,0.0,
B0DGQPH1CB,1800 Bed Sheets,Split King,Oxford Stripe Blue Nova,0.0,46.97,16,20,0,1,0.0,0.05,-0.05,-46.97,-1.0
B098PCK3R7,Velvet Ultrasonic Coverlet,Full-Queen,Blush Pink,0.0,0.0,16,18,0,0,0.0,0.0,0.0,0.0,
B01ETTEHOC,1800 Flat Sheet,Queen,Black,0.0,56.91,9,8,0,3,0.0,0.375,-0.375,-56.91,-1.0
B07YYCMGJH,Silk Pillowcase,"Body 20"" X 54""",Dark Gray,0.0,99.94,6,3,0,2,0.0,0.6666666666666666,-0.6666666666666666,-99.94,-1.0
B07YYL62HZ,Cotton Flannel Sheet Set 160GSM,Twin,Gray,0.0,0.0,4,1,0,0,0.0,0.0,0.0,0.0,
B0CYCQWVVL,1800 Bed Sheet Set 6 PC With DEEP Fitted Sheet,California King,Emerald Green,0.0,59.97,1,4,0,1,0.0,0.25,-0.25,-59.97,-1.0
B0B9ZV7Z4J,Faux Leather Pillow Cover,18x18 Throw 2 Pack,Brown,0.0,0.0,2,4,0,0,0.0,0.0,0.0,0.0,
B01ETTFY9O,1800 Flat Sheet,King,Aqua,0.0,39.94,12,12,0,2,0.0,0.16666666666666666,-0.16666666666666666,-39.94,-1.0
B0822Z6C7P,1800 Bedskirt,Twin,Royal Blue,0.0,0.0,4,8,0,0,0.0,0.0,0.0,0.0,
B0822XDH17,1800 Bed Sheet Set With DEEP Fitted Sheet,Twin,Black,0.0,0.0,7,18,0,0,0.0,0.0,0.0,0.0,
B08NPPD8V9,400TC Cotton Sheet Set,California King,White,0.0,0.0,3,3,0,0,0.0,0.0,0.0,0.0,
B098PC693H,Velvet Ultrasonic Coverlet,King-California King,Teal,0.0,67.97,32,23,0,1,0.0,0.043478260869565216,-0.043478260869565216,-67.97,-1.0
B0822YKJGX,1800 Bedskirt,Cal King,Gray,0.0,22.97,6,9,0,1,0.0,0.1111111111111111,-0.1111111111111111,-22.97,-1.0
B08NPVN1G9,400TC Cotton Sheet Set,King,Gray,0.0,74.97,6,15,0,1,0.0,0.06666666666666667,-0.06666666666666667,-74.97,-1.0
B00RKHX8OQ,1800 Pillowcase Set 2 pc,Set of 2 King Size,Navy Blue,0.0,17.97,9,8,0,1,0.0,0.125,-0.125,-17.97,-1.0
B01ETTE1S4,1800 Flat Sheet,Queen,Violet,0.0,0.0,9,4,0,0,0.0,0.0,0.0,0.0,
B09P1TQHWY,Bundles,BUNDLE,White,0.0,0.0,4,5,0,0,0.0,0.0,0.0,0.0,
B01ES3N6IW,1800 Fitted Sheet,King,Purple,0.0,0.0,3,5,0,0,0.0,0.0,0.0,0.0,
B01ES3OK9G,1800 Fitted Sheet,California King,Light Gray,0.0,0.0,8,6,0,0,0.0,0.0,0.0,0.0,
B0CYCP8Q5H,1800 Bed Sheet Set 6 PC With DEEP Fitted Sheet,Full,Ivory,0.0,44.07,14,13,0,1,0.0,0.07692307692307693,-0.07692307692307693,-44.07,-1.0
B0CYCPZCSK,1800 Bed Sheet Set 6 PC With DEEP Fitted Sheet,Queen,Aqua,0.0,49.97,16,22,0,1,0.0,0.045454545454545456,-0.045454545454545456,-49.97,-1.0
B07YYLQ8SD,Cotton Flannel Sheet Set 160GSM,Twin,White,0.0,0.0,6,9,0,0,0.0,0.0,0.0,0.0,
B01ES3ORXU,1800 Fitted Sheet,Full,Coral,0.0,0.0,7,8,0,0,0.0,0.0,0.0,0.0,
B0D7J7269X,1800 Bed Sheet Set 6 PC With DEEP Fitted Sheet,Full,Beige,0.0,44.97,8,10,0,1,0.0,0.1,-0.1,-44.97,-1.0
B01ES3LH2Y,1800 Fitted Sheet,Twin,Aqua,0.0,18.97,4,7,0,1,0.0,0.14285714285714285,-0.14285714285714285,-18.97,-1.0
B08TRP9PWX,1800 Fitted Sheet,Twin XL,Sage,0.0,0.0,13,20,0,0,0.0,0.0,0.0,0.0,
B01ES3MCM8,1800 Fitted Sheet,Twin,Pink,0.0,0.0,13,17,0,0,0.0,0.0,0.0,0.0,
B08NPT4KJ4,400TC Cotton Sheet Set,King,Burgundy,0.0,0.0,4,2,0,0,0.0,0.0,0.0,0.0,
B09NQG1H1K,Bundles,BUNDLE,White,0.0,0.0,4,4,0,0,0.0,0.0,0.0,0.0,
B07YYBX99F,Silk Pillowcase,"King 20"" X 36""","White, Black Piping",0.0,0.0,8,3,0,0,0.0,0.0,0.0,0.0,
B09QL94W51,Bundles,Queen,Gray,0.0,0.0,2,1,0,0,0.0,0.0,0.0,0.0,
B0BTZ73R1X,1800 Bed Sheet Set 6 PIECE,King,Purple,0.0,0.0,17,10,0,0,0.0,0.0,0.0,0.0,
B01ETTI5LI,1800 Flat Sheet,Full,Purple,0.0,0.0,9,7,0,0,0.0,0.0,0.0,0.0,
B0822YHVQ4,1800 Bedskirt,Twin XL,Royal Blue,0.0,0.0,5,7,0,0,0.0,0.0,0.0,0.0,
B0CYCQ4MC5,1800 Bed Sheet Set 6 PC With DEEP Fitted Sheet,Full,Blue Hydrangea,0.0,44.97,10,12,0,1,0.0,0.08333333333333333,-0.08333333333333333,-44.97,-1.0
B0CYCR3DK3,1800 Bed Sheet Set 6 PC With DEEP Fitted Sheet,California King,Brown,0.0,0.0,3,1,0,0,0.0,0.0,0.0,0.0,
B0CYCQQLY9,1800 Bed Sheet Set 6 PC With DEEP Fitted Sheet,Queen,Black,0.0,49.97,4,6,0,1,0.0,0.16666666666666666,-0.16666666666666666,-49.97,-1.0
B08XMXCVGJ,1800 Duvet Cover Set Velvet Stripe,Queen,White,0.0,0.0,5,2,0,0,0.0,0.0,0.0,0.0,
B0892N55VZ,1800 Fitted Sheet,Twin,Spa Blue,0.0,0.0,4,11,0,0,0.0,0.0,0.0,0.0,
B01NCLWHO4,Cotton Flannel Sheet Set 160GSM,California King,Navy,0.0,0.0,3,3,0,0,0.0,0.0,0.0,0.0,
B013FJJVAC,1800 Pillowcase Set 2 pc,Set of 2 Standard Size,Royal Blue,0.0,17.97,14,19,0,1,0.0,0.05263157894736842,-0.05263157894736842,-17.97,-1.0
B01ES3P3YW,1800 Fitted Sheet,California King,Spa Mint,0.0,0.0,14,20,0,0,0.0,0.0,0.0,0.0,
B0BTZ74YXG,1800 Bed Sheet Set 6 PIECE,Split King,Golden Ivory,0.0,0.0,3,9,0,0,0.0,0.0,0.0,0.0,
B01N9HT70M,Cotton Flannel Sheet Set 160GSM,Twin XL,Navy,0.0,0.0,2,0,0,0,0.0,,,0.0,
B00O35D0YQ,1800 Bed Sheets,California King,Brick Red,0.0,0.0,18,16,0,0,0.0,0.0,0.0,0.0,
B0CYCR2SC7,1800 Bed Sheet Set 6 PC With DEEP Fitted Sheet,California King,Taupe,0.0,0.0,4,6,0,0,0.0,0.0,0.0,0.0,
B0892NDBPD,1800 Flat Sheet,Queen,Spa Blue,0.0,0.0,6,10,0,0,0.0,0.0,0.0,0.0,
B0822XNLKD,1800 Pillowcase Set 4 pc,Standard,Navy Blue,0.0,54.0,11,4,0,2,0.0,0.5,-0.5,-54.0,-1.0
B0BTZ5KZ8G,1800 Bed Sheet Set 6 PIECE,Split King,Gray,0.0,0.0,3,6,0,0,0.0,0.0,0.0,0.0,
B0BTZ8LHTX,1800 Bed Sheet Set 6 PIECE,Split King,Black,0.0,0.0,3,7,0,0,0.0,0.0,0.0,0.0,
B0DN22LDSC,Bundles,Queen,White,0.0,0.0,3,3,0,0,0.0,0.0,0.0,0.0,
B07J3WFHLF,Cotton Flannel Sheet Set 180GSM,Queen,White,0.0,58.97,13,19,0,1,0.0,0.05263157894736842,-0.05263157894736842,-58.97,-1.0
B01ES3MA0W,1800 Fitted Sheet,Queen,Coral,0.0,19.97,5,7,0,1,0.0,0.14285714285714285,-0.14285714285714285,-19.97,-1.0
B09P3ZMW7C,Bundles,BUNDLE,White,0.0,0.0,2,7,0,0,0.0,0.0,0.0,0.0,
B01ES3N0BA,1800 Fitted Sheet,Twin XL,Purple,0.0,0.0,2,5,0,0,0.0,0.0,0.0,0.0,
B01ES3MYOY,1800 Fitted Sheet,Twin XL,Brown,0.0,0.0,4,5,0,0,0.0,0.0,0.0,0.0,
B08NPTCFMC,400TC Cotton Sheet Set,Full,Ivory,0.0,0.0,3,1,0,0,0.0,0.0,0.0,0.0,
B09PBTQ3ML,Bundles,BUNDLE,Light Gray,0.0,0.0,2,1,0,0,0.0,0.0,0.0,0.0,
B01ETTEBI4,1800 Flat Sheet,Queen,Purple,0.0,18.97,8,7,0,1,0.0,0.14285714285714285,-0.14285714285714285,-18.97,-1.0
B01N9HT5K2,Cotton Flannel Sheet Set 160GSM,Queen,Burgundy,0.0,0.0,19,19,0,0,0.0,0.0,0.0,0.0,
B01ETTIP72,1800 Flat Sheet,Full,Blue Hydrangea,0.0,0.0,2,7,0,0,0.0,0.0,0.0,0.0,
B01ES3LD14,1800 Fitted Sheet,Twin,Mocha,0.0,0.0,2,3,0,0,0.0,0.0,0.0,0.0,
B0B986CFZ8,Bundles,King,White,0.0,0.0,4,1,0,0,0.0,0.0,0.0,0.0,
B0BTZ5W5H8,1800 Bed Sheet Set 6 PIECE,Full,Black,0.0,0.0,6,4,0,0,0.0,0.0,0.0,0.0,
B0BXTPG1HY,Microfiber Pillow Covers w/zipper,16x16,Coverlet Black,0.0,0.0,4,2,0,0,0.0,0.0,0.0,0.0,
B0D7JMQPCQ,1800 Bed Sheet Set 6 PC With DEEP Fitted Sheet,California King,Spa Mint,0.0,0.0,11,9,0,0,0.0,0.0,0.0,0.0,
B0892MH6N9,1800 Fitted Sheet,Twin XL,Spa Blue,0.0,18.97,3,10,0,1,0.0,0.1,-0.1,-18.97,-1.0
B0BTZ7MT37,1800 Bed Sheet Set 6 PIECE,California King,Beige,0.0,0.0,6,6,0,0,0.0,0.0,0.0,0.0,
B0GGVY4RSF,Bundles_virtual,Twin XL,White,0.0,0.0,706,796,0,0,0.0,0.0,0.0,0.0,
B01N7IE9TA,Cotton Flannel Sheet Set 160GSM,Full,Navy,0.0,0.0,1,4,0,0,0.0,0.0,0.0,0.0,
B08NPY5B1H,400TC Cotton Sheet Set,Queen,Denim Blue,0.0,0.0,6,3,0,0,0.0,0.0,0.0,0.0,
B01ES3P14Y,1800 Fitted Sheet,California King,Persimmon,0.0,0.0,2,3,0,0,0.0,0.0,0.0,0.0,
B09ZPYSWZ1,Bundles,Queen,White,0.0,0.0,2,6,0,0,0.0,0.0,0.0,0.0,
B0DN22Z3MF,Bundles,King,White,0.0,0.0,2,2,0,0,0.0,0.0,0.0,0.0,
B01ETTHM8K,1800 Flat Sheet,California King,Aqua,0.0,0.0,5,2,0,0,0.0,0.0,0.0,0.0,
B01ES3OAJQ,1800 Fitted Sheet,California King,Aqua,0.0,0.0,1,2,0,0,0.0,0.0,0.0,0.0,
B01ES3N0M4,1800 Fitted Sheet,King,Violet,0.0,21.97,5,7,0,1,0.0,0.14285714285714285,-0.14285714285714285,-21.97,-1.0
B0BTZ7K3HN,1800 Bed Sheet Set 6 PIECE,Split King,Purple,0.0,0.0,2,6,0,0,0.0,0.0,0.0,0.0,
B0DN235229,Bundles,King,Light Gray,0.0,0.0,1,0,0,0,0.0,,,0.0,
B01NBKTF3M,Cotton Flannel Sheet Set 160GSM,Full,Blue/Gray Snowflakes,0.0,0.0,2,3,0,0,0.0,0.0,0.0,0.0,
B01ES3OWQM,1800 Fitted Sheet,Full,Persimmon,0.0,0.0,7,7,0,0,0.0,0.0,0.0,0.0,
B08TRTM71S,1800 Flat Sheet,King,Teal,0.0,19.97,1,8,0,1,0.0,0.125,-0.125,-19.97,-1.0
B01ES3MWTQ,1800 Fitted Sheet,Twin XL,Gold,0.0,0.0,2,10,0,0,0.0,0.0,0.0,0.0,
B08NPRNCSJ,400TC Cotton Sheet Set,King,Navy,0.0,0.0,0,15,0,0,,0.0,,0.0,
B0BTZ6L68K,1800 Bed Sheet Set 6 PIECE,Split King,Brick Red,0.0,0.0,0,2,0,0,,0.0,,0.0,
B01ES3OAN2,1800 Fitted Sheet,Full,Brown,0.0,37.94,0,4,0,2,,0.5,,-37.94,-1.0
B0CYTBBHYC,Unmapped,,,0.0,0.0,0,1,0,0,,0.0,,0.0,
B0CJ9WZWX6,Bundles,King,Light Gray,0.0,0.0,0,1,0,0,,0.0,,0.0,
B0BTZ5WFGR,1800 Bed Sheet Set 6 PIECE,Twin,Beige,0.0,0.0,3,7,0,0,0.0,0.0,0.0,0.0,
B07YYKZTKW,Cotton Flannel Sheet Set 160GSM,Twin XL,Burgundy,0.0,0.0,4,4,0,0,0.0,0.0,0.0,0.0,
B0D73LBJTJ,Unmapped,,,0.0,0.0,0,1,0,0,,0.0,,0.0,
B0BMW5R2H2,Bundles,King,Lavender/White,0.0,0.0,0,1,0,0,,0.0,,0.0,
B08NPTZDTJ,400TC Cotton Sheet Set,Twin,Denim Blue,0.0,0.0,2,3,0,0,0.0,0.0,0.0,0.0,
B0DTKQH91T,Unmapped,,,0.0,0.0,1,1,0,0,0.0,0.0,0.0,0.0,
B0CJ9WJCQW,Bundles,King,White,0.0,0.0,1,1,0,0,0.0,0.0,0.0,0.0,
B0CNRX8QBD,1800 Bed Sheets,Split King,Sky Blue,0.0,46.97,0,10,0,1,,0.1,,-46.97,-1.0
B0BBMTWX36,Unmapped,,,0.0,0.0,0,2,0,0,,0.0,,0.0,
B01ES3OGYA,1800 Fitted Sheet,California King,Purple,0.0,0.0,0,2,0,0,,0.0,,0.0,
B0BTZ356YF,1800 Bed Sheet Set 6 PIECE,Full,Navy Blue,0.0,0.0,6,4,0,0,0.0,0.0,0.0,0.0,
