keyword,tracked_asins,tracked_asin_count,current_position,prior_position,rank_movement,search_query_volume,total_purchases,brand_purchases,est_total_keyword_sales,est_brand_keyword_sales,prior_est_total_keyword_sales,total_sales_wow,total_clicks,brand_clicks,brand_ctr,brand_purchase_per_click
cooling blanket,,0,,,,127935,2816,0,62205.44,,,,61010,1,3.4871686143665767e-07,0.0
queen sheets,"B00NLLUMOE, B0BTZ5HGMB",2,14,16,2,67782,2367,48,42582.329999999994,1774.56,51023.6,-0.16543854216480225,29803,301,0.00017178816065674442,0.15946843853820597
king size sheets set,B00NQDGAP2,1,16,17,1,62275,1637,13,40908.63,532.61,41242.82,-0.008102986168259161,27829,130,8.070253418373112e-05,0.1
queen sheet set,B00NLLUMOE,1,13,12,-1,58840,2054,43,36437.96,1589.71,35422.31,0.028672607743537942,27126,274,0.00018396138690772324,0.15693430656934307
queen bed sheets,B00NLLUMOE,1,22,20,-2,38330,1346,17,28589.039999999997,628.49,23618.879999999997,0.21043165467625902,15403,114,0.00011186692154007387,0.14912280701754385
twin xl sheets,B016P42ARU,1,26,24,-2,71572,1654,6,28266.86,209.82,31869.739999999998,-0.1130501849089449,32280,67,3.386323397927873e-05,0.08955223880597014
birthday gifts for men,,0,,,,96068,1878,0,28151.22,,28555.95,-0.014173228346456677,20844,14,5.778865121700836e-06,0.0
bamboo sheets,,0,,,,54690,445,1,24475.0,36.97,28594.8,-0.14407514653013834,22607,14,9.539189032658096e-06,0.07142857142857142
duvet cover,B079YXK5SN,1,68,,,122053,757,0,19288.36,,17249.96,0.11816838995568694,53940,8,2.5350325656620966e-06,0.0
king sheets,B00NQDGAP2,1,13,14,1,27705,735,25,16860.9,1024.25,21590.03,-0.2190423079541806,12683,196,0.00027405573119047854,0.12755102040816327
queen size comforter sets,,0,,,,35377,496,0,15857.119999999999,,,,15192,1,1.17309208303615e-06,0.0
sheets queen size bed set,B00NLLUMOE,1,15,12,-3,31280,735,27,15611.4,998.1899999999999,13763.519999999999,0.13425925925925936,12444,251,0.0002948677735368508,0.10756972111553785
full size sheets,B00O35DAL4,1,21,22,1,39085,1028,14,15368.599999999999,503.58,15534.64,-0.010688371278639279,16939,113,0.00011364836391614159,0.12389380530973451
linen sheets,,0,,,,19106,142,0,14482.58,,12646.76,0.14516129032258063,8575,11,2.1757189762253252e-05,0.0
twin sheets,B00O35CWQ8,1,33,34,1,31482,1169,3,13560.4,104.91,14436.24,-0.06066953722021802,13785,16,1.9310937473598326e-05,0.1875
bamboo sheets king size,,0,,,,10103,197,0,13472.83,,12652.15,0.0648648648648649,4757,6,2.1121851963980202e-05,0.0
queen bedding sets,,0,,,,30627,413,0,13211.869999999999,,11253.439999999999,0.17402945232746614,13231,4,5.396137175203131e-06,0.0
twin sheets set,B00O35CWQ8,1,19,19,0,25128,1113,1,12910.8,34.27,12746.91,0.012857233635445721,11642,14,2.1897479130920334e-05,0.07142857142857142
bamboo sheets queen size,,0,,,,14298,257,0,12847.43,,12109.650000000001,0.06092496480079926,6700,7,1.8057013731069155e-05,0.0
sheets,"B00NLLUMOE, B0BTZ5HGMB",2,13,16,3,61067,581,26,12776.189999999999,961.22,11214.72,0.13923397106659813,18795,411,0.00023045673609339384,0.06326034063260341
king duvet cover,B07GQ38TP8,1,,63,,27907,444,0,12649.56,,12592.58,0.00452488687782802,14590,0,0.0,
queen duvet cover,B079YXK5SN,1,56,44,-12,29506,505,0,12619.949999999999,,13869.449999999999,-0.0900900900900901,14951,1,1.3214543397881972e-06,0.0
bed sheets queen size,B00NLLUMOE,1,27,24,-3,23170,514,1,12330.859999999999,36.97,11703.24,0.05362788424402123,8555,35,5.465240291000623e-05,0.02857142857142857
california king sheet sets,B00O35DNS4,1,64,31,-33,17771,472,0,12267.279999999999,,13358.859999999999,-0.08171206225680934,8266,19,4.126066533908666e-05,0.0
queen size sheets,B00NLLUMOE,1,30,29,-1,17801,609,3,10803.66,110.91,10668.07,0.012709890355050178,7803,31,6.453466344132133e-05,0.0967741935483871
pillow cases standard size,"B00RKHWJ1O, B0822YG3V8",2,65,64,-1,21559,1138,1,10799.62,17.97,10913.5,-0.010434782608695578,9686,15,2.6605226330660394e-05,0.06666666666666667
bed skirt,,0,,,,51450,715,0,10717.85,,8701.78,0.23168478173431178,23578,38,2.7727187821051647e-05,0.0
linen sheets queen size,,0,,,,5318,103,0,10103.27,,8689.21,0.16273746405024178,2594,1,7.332883583140234e-06,0.0
bed sheets,B00NLLUMOE,1,18,14,-4,65083,470,5,9982.8,184.85,10152.72,-0.016736401673640176,19705,133,7.22222795414917e-05,0.03759398496240601
full xl sheets,,0,,,,15668,317,1,9820.66,35.97,5588.0,0.7574552612741589,8525,63,0.00013897988762483373,0.015873015873015872
camper accessories,,0,,,,42520,664,0,9276.08,,7451.22,0.24490754534156817,13906,15,1.4992204053891976e-05,0.0
cooling sheets king size,B00NQDGAP2,1,49,48,-1,11466,219,1,9274.65,40.97,6729.96,0.3781136886400513,5845,10,3.579149307792524e-05,0.1
twin bed sheets,B00O35CWQ8,1,52,43,-9,28235,877,2,9199.73,69.94,10938.8,-0.15898178959300835,10915,6,8.414427377180914e-06,0.3333333333333333
king size sheets,B00NQDGAP2,1,15,16,1,15770,398,3,8978.88,122.91,9571.17,-0.06188271653308852,6738,42,9.579964189181483e-05,0.07142857142857142
full size bed sheets,B00O35DAL4,1,28,23,-5,22525,559,5,8684.065,179.85,6992.4800000000005,0.2419148857057868,8352,39,6.620189541119015e-05,0.1282051282051282
deep pocket queen sheets,B0822X4TLW,1,58,41,-17,17673,379,0,8626.04,,7746.9400000000005,0.11347706320172872,8952,14,3.1644711264613075e-05,0.0
king sheet set,"B00NQDGAP2, B0BTZ24S9W",2,13,15,2,14002,425,8,8474.5,327.76,9775.53,-0.13309048205058965,6404,46,0.00012478975638869296,0.17391304347826086
queen sheets deep pocket,B00NLLUMOE,1,22,28,6,13091,355,5,8427.699999999999,184.85,6520.679999999999,0.2924572283872234,6396,63,0.0001808359788967283,0.07936507936507936
rv essentials,,0,,,,31001,644,0,8365.56,,,,13185,7,8.610753354811013e-06,0.0
cooling sheets queen,"B00NLLUMOE, B0BTZ5HGMB",2,50,50,0,16258,316,0,7896.839999999999,,9404.64,-0.1603251161128975,8474,4,1.0398009820920276e-05,0.0
king bed sheets,B00NQDGAP2,1,15,15,0,13208,304,4,7748.959999999999,163.88,8233.269999999999,-0.058823529411764656,5494,33,9.381956507524044e-05,0.12121212121212122
cooling sheets,"B00NLLUMOE, B00NQDGAP2",2,31,39,8,35493,257,0,7707.429999999999,,9041.34,-0.14753454687026488,16687,39,4.413896757823066e-05,0.0
king bedding set,,0,,,,21764,202,0,7673.9800000000005,,6534.280000000001,0.17441860465116274,9775,11,2.192545345824198e-05,0.0
split king sheets sets for adjustable bed,,0,,,,10673,141,0,7048.59,,7670.63,-0.0810937302411927,5540,32,0.00010518392395202298,0.0
pillow cases,,0,,,,16686,705,0,6690.45,,5769.92,0.15953947368421048,6523,4,8.461722341273954e-06,0.0
cooling pillow cases,"B00RKHWJ1O, B0822YRCDP",2,,64,,12383,466,0,6635.84,,6071.66,0.09292022280562487,6543,2,6.667933574045736e-06,0.0
cotton sheets,,0,,,,27857,180,0,6577.2,,6238.4400000000005,0.05430203704772336,12960,61,7.805232576737592e-05,0.0
miracle sheets,,0,,,,9471,50,0,6497.499999999999,,5516.55,0.17781947050239713,4472,2,7.454147674119572e-06,0.0
college essentials,,0,,,,67151,627,0,6263.7300000000005,,5169.64,0.21163756083595764,20202,2,1.180120631930996e-06,0.0
queen sheets set,B00NLLUMOE,1,15,15,0,6744,307,9,6136.929999999999,332.73,6138.36,-0.00023296124697806762,3113,45,0.00025071872701745,0.2
king size bed sheets,B00NQDGAP2,1,24,17,-7,9129,236,0,6015.639999999999,,6168.58,-0.02479338842975215,3726,15,5.876568554089896e-05,0.0
xl twin sheets,B016P42ARU,1,49,44,-5,10728,353,0,5997.469999999999,,6721.759999999999,-0.10775302896860346,5199,3,9.962408511881832e-06,0.0
egyptian cotton sheets queen size,,0,,,,5018,84,0,5871.6,,3086.51,0.9023427754972444,2508,4,2.8811386259849893e-05,0.0
cotton sheets queen,,0,,,,10628,161,0,5794.39,,7598.1,-0.23738961056053487,5487,15,5.216157569687865e-05,0.0
queen bed skirt,,0,,,,13147,470,1,5766.9,20.97,5546.7300000000005,0.03969365734405662,7105,10,3.0851723531535086e-05,0.1
queen bed set,,0,,,,10459,192,0,5758.08,,7467.509999999999,-0.22891566265060234,3914,1,3.6610725478136074e-06,0.0
100% cotton sheets,,0,,,,22792,141,0,5638.59,,4078.98,0.3823529411764706,10579,29,4.767956700376669e-05,0.0
fitted sheet queen,"B00NLLUMOE, B01ES3L33W",2,37,30,-7,13838,433,1,5624.67,19.97,5260.95,0.06913580246913585,6060,4,1.127630903852551e-05,0.25
bed skirt dorm twin xl,,0,,,,10146,296,1,5618.08,19.97,2769.37,1.028649115141711,5319,13,5.142771241623217e-05,0.07692307692307693
full size bedding sets,,0,,,,12026,155,0,5578.450000000001,,4461.5199999999995,0.250347415230684,4919,3,1.0375919565871525e-05,0.0
sheets king size,B00NQDGAP2,1,14,16,2,10839,213,3,5531.61,122.91,5429.37,0.01883091408395445,4160,68,0.00022696701968938896,0.04411764705882353
deep pocket king sheet set,B0822X1VP7,1,58,48,-10,11171,230,1,5457.900000000001,50.97,5007.03,0.09004739336492908,5906,10,3.671274115681847e-05,0.1
queen size bed sheets,,0,,,,7655,256,2,5437.44,73.94,4184.28,0.29949238578680204,2855,13,5.895878780732268e-05,0.15384615384615385
king sheets deep pocket,B0822X1VP7,1,44,33,-11,8372,213,3,5429.37,122.91,5123.49,0.05970149253731346,3948,14,6.74542756374429e-05,0.21428571428571427
twin fitted sheet,B00O35CWQ8,1,51,52,1,12227,515,0,5144.85,,5724.27,-0.1012216404886562,6014,0,0.0,
silk sheets,,0,,,,24565,285,0,5127.15,,5450.969999999999,-0.05940594059405936,10585,1,1.7562901531836272e-06,0.0
pillowcases,"B00RKHWJ1O, B0822YG3V8",2,40,35,-5,15614,535,0,5077.150000000001,,4801.9400000000005,0.05731225296442688,6238,6,1.3903210483020704e-05,0.0
king size pillow cases set of 2,,0,,,,6928,378,1,5053.86,17.97,,,3608,2,1.0904293020162038e-05,0.5
california design den sheets,,0,,,,5288,86,0,5043.04,,4937.67,0.021340024748514964,2585,1,6.720159133368278e-06,0.0
queen fitted sheet,B00NLLUMOE,1,55,57,2,8470,378,0,4910.22,,,,4105,0,0.0,
california king sheets,B00NQDGAP2,1,,17,,5579,164,1,4877.36,40.15,4652.21,0.04839635356099566,2448,11,6.878482231629763e-05,0.09090909090909091
full size sheet sets,,0,,,,10171,326,2,4873.7,71.94,3827.2,0.2734375,4553,25,9.615569530183273e-05,0.08
sheets full size bed,B00O35DAL4,1,15,13,-2,10083,236,5,4812.04,179.85,4179.95,0.151219512195122,3873,36,0.0001303677093669199,0.1388888888888889
full sheet set,B00O35DAL4,1,13,11,-2,10337,314,5,4694.3,179.85,4245.8,0.1056338028169014,4683,25,9.139765290827331e-05,0.2
percale sheets queen,,0,,,,7450,110,0,4618.900000000001,,4558.860000000001,0.01316995915645577,4189,24,0.00011383255231554384,0.0
queen bedding,,0,,,,16182,144,2,4606.5599999999995,73.94,4478.599999999999,0.028571428571428584,6976,5,1.2047089664078952e-05,0.4
bedding,,0,,,,52631,143,0,4574.57,,5818.54,-0.21379418204566786,16625,15,1.0489686540193682e-05,0.0
queen size bedding set,,0,,,,9095,141,0,4510.59,,3964.2799999999997,0.13780812657027264,3923,0,0.0,
queen sheets cotton,,0,,,,4715,125,0,4498.75,,4998.75,-0.1000250062515629,2393,5,3.6973223991185585e-05,0.0
pillow case,"B00RKHWJ1O, B0822YG3V8",2,29,41,12,13334,473,1,4488.77,17.97,5200.52,-0.13686131386861314,4680,9,2.4769233309664956e-05,0.1111111111111111
king size bedding sets,,0,,,,10664,115,0,4368.85,,3077.19,0.4197530864197532,5003,2,7.938114459672395e-06,0.0
pillow cases queen size set of 2,B014MVUDWM,1,63,52,-11,8094,472,0,4351.84,,4105.89,0.05990175089931776,3896,11,5.0509688676646153e-05,0.0
queen size sheet set,B00NLLUMOE,1,30,29,-1,6428,218,1,4248.82,39.97,4796.61,-0.11420357294005558,2875,18,0.00010324652976941609,0.05555555555555555
bed skirting queen size,,0,,,,13085,326,0,4234.74,,4364.64,-0.029761904761904885,6705,14,4.628221572801925e-05,0.0
king fitted sheet only,"B00NQDGAP2, B01ES3MMYG",2,50,56,6,6586,272,0,4077.28,,4407.06,-0.07482993197278916,3294,0,0.0,
cotton sheets king,,0,,,,5737,80,0,3959.2000000000003,,4319.04,-0.0833148106986737,3124,17,0.00011495263275338603,0.0
bed sheets full size,B00O35DAL4,1,16,13,-3,10562,202,3,3918.7999999999997,107.91,3914.88,0.001001307830635835,3787,19,6.619470999749157e-05,0.15789473684210525
twin duvet cover,,0,,,,11118,178,0,3914.22,,,,5407,1,3.302182742792986e-06,0.0
bed sheets king size,B00NQDGAP2,1,15,15,0,7757,148,2,3772.52,81.94,3364.68,0.12121212121212126,2967,15,6.989976373879857e-05,0.13333333333333333
twin xl fitted sheet,B01ES3MHXC,1,93,84,-9,6947,246,1,3687.54,18.97,,,3821,1,5.18384506523869e-06,1.0
white pillow cases set of 2,B00RKHX3E6,1,45,46,1,4744,466,0,3536.94,,3453.06,0.024291497975708534,2123,1,9.002358617957905e-06,0.0
twin sheets sets clearance,,0,,,,6875,336,0,3524.64,,3608.56,-0.023255813953488393,3452,2,1.1406150196185783e-05,0.0
miracle sheets queen size silver infused,,0,,,,2612,44,0,3517.8,,3517.8,0.0,1174,1,1.2720542403928103e-05,0.0
bedding queen size,,0,,,,9645,106,0,3496.94,,2461.69,0.4205444227339754,3825,1,3.9368373810583006e-06,0.0
white sheets queen set,B00NLLUMOE,1,4,5,1,2585,202,10,3488.54,369.7,3615.99,-0.03524622579155358,1274,48,0.0007733952049497294,0.20833333333333334
full size bedding,,0,,,,8651,97,0,3394.03,,2662.52,0.2747434761053439,3620,3,1.3259316879994342e-05,0.0
cotton queen sheet set,,0,,,,5233,94,0,3383.0600000000004,,4238.9400000000005,-0.20190896780798973,2763,4,2.937849787740353e-05,0.0
laura ashley sheets,,0,,,,5893,60,0,3343.2,,1319.68,1.5333414161008727,3330,2,1.2415342880732008e-05,0.0
percale sheets king size,,0,,,,4961,67,0,3315.83,,3327.36,-0.00346520965570308,2782,33,0.00025146497397718527,0.0
pillow cases king,,0,,,,4544,247,0,3302.39,,3427.2000000000003,-0.03641748366013083,2104,2,1.6543691890282237e-05,0.0
bed skirt full bed,,0,,,,7433,217,0,3278.87,,3257.2599999999998,0.006634410516814786,3805,0,0.0,
white queen sheets,B00NLLUMOE,1,3,5,2,1518,192,7,3275.5199999999995,258.78999999999996,2473.92,0.32402017850213405,804,25,0.0006258918959517313,0.28
full bed sheets,B00O35DAL4,1,26,21,-5,11376,207,1,3262.32,35.97,3259.1,0.0009880028228652863,4157,11,3.5829218401886574e-05,0.09090909090909091
queen cotton sheet set,,0,,,,3323,90,0,3239.1000000000004,,3439.1400000000003,-0.058165704216751844,1824,4,4.3300821633090485e-05,0.0
twin xl bed skirt,,0,,,,6819,177,1,3182.46,19.97,1886.0400000000002,0.6873767258382641,3682,9,4.7683129708709055e-05,0.1111111111111111
king size sheets deep pocket set,,0,,,,4408,105,0,3043.95,,,,2111,5,4.250905442859329e-05,0.0
twin sheet set,B00O35CWQ8,1,27,27,0,6596,260,1,3018.6,34.97,3468.4,-0.12968515742128942,3141,3,1.5761600537995966e-05,0.3333333333333333
white pillow cases set of 4,,0,,,,2180,300,0,2997.0,,2898.2200000000003,0.034082988869029864,1161,0,0.0,
full sheets,B00O35DAL4,1,13,12,-1,7293,198,7,2958.12,251.79,2863.61,0.03300379590796224,3131,31,0.0001567065341569694,0.22580645161290322
silk sheets queen,,0,,,,5944,163,0,2932.37,,2842.4199999999996,0.031645569620253264,2869,0,0.0,
white sheets,B00NLLUMOE,1,7,9,2,6174,192,4,2878.08,147.88,2604.0,0.10525345622119812,2535,35,0.00021409739596395824,0.11428571428571428
sheet & pillowcase sets,B00NLLUMOE,1,10,12,2,16746,95,1,2849.0499999999997,36.97,2876.94,-0.009694328001279251,4499,49,0.00010034444767549016,0.02040816326530612
egyptian cotton sheets,,0,,,,8209,45,0,2830.5,,2764.6499999999996,0.02381856654549414,3443,10,4.608592259408441e-05,0.0
100% cotton sheets queen,,0,,,,5122,70,0,2799.3,,3199.2000000000003,-0.12500000000000003,2704,5,3.6776063195987e-05,0.0
cal king sheets,B00NQDGAP2,1,20,18,-2,2992,93,0,2765.8199999999997,,1820.44,0.5193140119970994,1447,6,6.905123601712471e-05,0.0
linen bed sheets,,0,,,,5319,27,0,2753.73,,3671.64,-0.24999999999999997,2254,3,2.0840569642236888e-05,0.0
bamboo sheets king,,0,,,,2206,44,0,2639.56,,2519.58,0.04761904761904763,1062,4,6.860710426564671e-05,0.0
cal king sheet set,"B00NQDGAP2, B00O35DNS4",2,23,27,4,3522,88,0,2617.12,,2666.56,-0.01854074162966521,1670,4,3.863577092851417e-05,0.0
queen bed sheet set,,0,,,,5213,120,2,2548.7999999999997,73.94,2867.3999999999996,-0.11111111111111109,2171,14,0.0001011743450767841,0.14285714285714285
black queen sheets,,0,,,,1790,149,0,2538.96,,2590.08,-0.019736842105263115,829,1,2.363619173678737e-05,0.0
king sheets cotton,,0,,,,2316,60,0,2492.4,,2788.7599999999998,-0.10626945309026223,1182,3,4.7699303590167584e-05,0.0
standard pillow cases,,0,,,,5279,261,1,2476.89,27.0,2610.32,-0.05111633822673093,2647,2,1.4197487044793071e-05,0.5
full size sheets cotton,,0,,,,3553,88,1,2463.12,35.97,2053.21,0.19964348507946086,1912,15,0.00015150137866254583,0.06666666666666667
full size bed skirt,,0,,,,4950,162,1,2447.8199999999997,19.97,,,2694,2,1.5765783520026487e-05,0.5
flannel sheets queen size,,0,,,,3285,51,0,2397.0,,2892.6600000000003,-0.17135093650826583,1680,1,1.0776558829234648e-05,0.0
bed skirt twin xl,,0,,,,4999,149,0,2382.51,,1710.93,0.3925233644859814,2763,9,6.751738572682465e-05,0.0
100% cotton sheets king,,0,,,,2691,48,0,2375.52,,2131.59,0.11443570292598475,1473,8,0.00011536187578410025,0.0
king pillow cases,,0,,,,3316,175,0,2339.75,,2616.13,-0.10564459717215892,1607,1,1.06150351357663e-05,0.0
queen sheet,,0,,,,2702,145,1,2318.55,36.97,1676.4,0.3830529706513959,1108,7,9.60166794688906e-05,0.14285714285714285
queen bedding set,,0,,,,4987,72,0,2303.2799999999997,,2173.96,0.059485915104233615,2318,0,0.0,
white queen sheets set,,0,,,,1042,126,10,2266.74,369.7,3676.52,-0.3834550063647145,533,31,0.0011720669968618852,0.3225806451612903
king size bedding,,0,,,,7851,60,0,2235.0,,2099.5,0.06453917599428435,3348,0,0.0,
brown sheets,,0,,,,5797,108,0,2212.9199999999996,,1454.79,0.52112676056338,2710,12,8.460117595634579e-05,0.0
cotton percale sheets queen,,0,,,,3642,52,0,2183.48,,2039.49,0.07060098357922814,2124,12,0.0001183093592562285,0.0
king cotton sheets,,0,,,,2690,57,0,2179.6800000000003,,2531.65,-0.1390279067011632,1515,3,4.105483557538352e-05,0.0
flannel sheets,,0,,,,7380,56,0,2166.64,,1531.34,0.41486541199211147,3389,3,1.4185671526047257e-05,0.0
rv accessories for inside,,0,,,,10848,214,0,2137.86,,,,4435,6,1.934317041010745e-05,0.0
brooklinen sheets,,0,,,,2566,11,0,2079.0,,3240.0,-0.35833333333333334,951,1,1.3363445630821451e-05,0.0
bedsheets queen size bed,,0,,,,6199,115,0,2067.7000000000003,,1529.28,0.3520741786984727,2279,14,8.57969309212139e-05,0.0
white king sheets,B00NQDGAP2,1,4,4,0,942,103,8,2053.82,327.76,1859.07,0.10475667941497643,462,35,0.0013810519670125873,0.22857142857142856
bedding set,,0,,,,19301,64,0,2047.36,,2335.27,-0.12328767123287675,6707,8,1.6234095659408672e-05,0.0
king size fitted sheets only,"B00NQDGAP2, B01ES3MMYG",2,43,38,-5,3950,136,0,2038.64,,2183.95,-0.06653540603035771,2055,3,3.043367993913264e-05,0.0
camper accessories for inside,,0,,,,10958,204,0,2037.96,,,,4506,1,3.5429458177296093e-06,0.0
full bed skirt,,0,,,,3559,134,0,2024.74,,1173.04,0.7260621973675238,1842,2,2.216557685913776e-05,0.0
cotton sheets full,,0,,,,4807,66,0,2018.94,,2247.0,-0.10149532710280372,2532,11,8.093412697828758e-05,0.0
queen cotton sheets,,0,,,,2717,56,0,2015.44,,2159.46,-0.06669259907569484,1506,1,1.2817883511074652e-05,0.0
king bed skirt,,0,,,,5069,142,0,2010.72,,2107.28,-0.04582210242587609,2736,1,8.29393713195654e-06,0.0
black sheets queen,,0,,,,1837,117,0,1993.6799999999998,,2147.04,-0.0714285714285715,854,1,2.290058854512561e-05,0.0
bed set,,0,,,,11689,60,0,1919.3999999999999,,1502.59,0.27739436572850873,3712,0,0.0,
milani,,0,,,,10772,174,0,1910.52,,1994.62,-0.04216341959872052,4597,3,1.0336914499934533e-05,0.0
extra deep pocket king sheets,,0,,,,3206,57,0,1840.53,,1380.6,0.33313776618861374,1780,12,0.00014830927427328456,0.0
white pillow cases,,0,,,,2022,184,1,1838.16,17.97,,,930,2,3.67505191010823e-05,0.5
extra deep pocket queen sheets,B0822X4TLW,1,16,18,2,4088,80,0,1820.8000000000002,,1733.02,0.050651463918477684,2287,10,9.646736509038992e-05,0.0
bedsure sheets,,0,,,,4355,32,0,1791.68,,3299.4500000000003,-0.45697616269378233,2251,4,3.6822579605814286e-05,0.0
king size sheets set cotton,,0,,,,1988,36,0,1781.64,,1189.66,0.49760435754753457,1159,8,0.00014765051123989516,0.0
queen size sheets deep pocket,,0,,,,2522,74,1,1756.76,36.97,1019.52,0.723124607658506,1230,11,0.00015449221218803106,0.09090909090909091
birthday gift for men,,0,,,,6428,117,0,1753.83,,2734.56,-0.3586427066877304,1277,1,6.223898525558439e-06,0.0
sheet set,B00NLLUMOE,1,12,12,0,12605,97,3,1720.7799999999997,110.91,1516.56,0.1346600200453657,4767,35,9.570869554517041e-05,0.08571428571428572
tencel lyocell sheets,,0,,,,1963,17,0,1683.0,,1049.85,0.6030861551650237,980,3,5.502265099132476e-05,0.0
bedsure,,0,,,,8793,42,0,1679.5800000000002,,,,3932,1,4.151151737049445e-06,0.0
white bed skirt,,0,,,,3005,110,0,1662.1,,,,1444,1,1.2321947853516685e-05,0.0
pink sheets,,0,,,,8571,102,0,1661.58,,1500.52,0.10733612347719454,3473,5,2.1933768791756413e-05,0.0
cotton king size sheets set,,0,,,,2483,43,0,1644.3200000000002,,1613.6000000000001,0.01903817550818048,1349,5,7.786342754808066e-05,0.0
percale sheets,,0,,,,5171,33,0,1633.17,,1199.7,0.36131532883220807,2447,19,0.00012404922795677863,0.0
amazon outlet clearance sales today,,0,,,,25986,203,0,1621.97,,,,5490,2,2.799787216171571e-06,0.0
queen sheet set deep pocket,B00NLLUMOE,1,27,31,4,2932,76,1,1614.2399999999998,36.97,1338.12,0.20634920634920628,1386,3,3.725319756612443e-05,0.3333333333333333
full xl sheets cotton,,0,,,,1833,46,0,1607.7,,1083.45,0.48387096774193544,1220,4,6.990196249759712e-05,0.0
silk sheets full,,0,,,,3133,80,0,1598.4,,1709.1,-0.06477093206951016,1509,0,0.0,
twin sheet,,0,,,,3660,159,0,1588.41,,1468.53,0.08163265306122457,1492,0,0.0,
jersey sheets,,0,,,,5557,53,0,1587.88,,1409.44,0.12660347372005906,3097,11,8.034475202687898e-05,0.0
cooling sheets full size,,0,,,,3399,64,0,1576.96,,1281.28,0.23076923076923084,1708,4,4.802324324973287e-05,0.0
cotton queen sheets,,0,,,,1830,42,0,1511.5800000000002,,1479.63,0.021593236146874587,964,3,5.502769727429473e-05,0.0
bed skirt king size,,0,,,,5180,108,0,1510.92,,1678.8,-0.09999999999999994,2690,10,7.758794593671927e-05,0.0
king pillow case,,0,,,,2676,113,0,1510.81,,1441.89,0.04779837574294838,1167,2,2.7043106712099086e-05,0.0
twin size sheets,,0,,,,5145,139,0,1458.1100000000001,,1648.3500000000001,-0.11541238207904875,2141,2,1.478972705558719e-05,0.0
bamboo sheets queen,,0,,,,2006,26,0,1455.74,,1359.32,0.0709325250860725,654,0,0.0,
sabanas queen 1000 algodon egiptian,,0,,,,5805,68,2,1444.32,72.46,1578.42,-0.08495837609761668,2466,10,7.096476599368414e-05,0.2
sheets queen size,,0,,,,3553,76,1,1443.2399999999998,36.97,1826.6399999999999,-0.2098935750886875,1439,16,0.00015114730249298581,0.0625
juego de sábanas queen,,0,,,,5395,76,1,1442.48,36.97,1454.6799999999998,-0.008386724228008785,2304,13,0.00010611725139993143,0.07692307692307693
bamboo king sheets,,0,,,,1270,21,0,1436.19,,,,712,1,2.9020836960937954e-05,0.0
high thread count sheets queen,,0,,,,1446,24,0,1427.76,,930.96,0.5336426914153132,705,3,7.65579543714592e-05,0.0
cooling king sheets,,0,,,,1154,30,0,1409.7,,804.7700000000001,0.751680604396287,663,5,0.00016918183663801854,0.0
twin xl sheet sets,B016P42ARU,1,46,35,-11,3919,72,0,1406.8799999999999,,1856.3,-0.2421052631578948,1687,2,1.6745229702688446e-05,0.0
jersey sheets king,,0,,,,1595,37,0,1403.78,,,,907,3,8.020103726674865e-05,0.0
fitted sheet,"B00NQDGAP2, B01ES3LRNS",2,30,29,-1,10286,105,0,1395.4499999999998,,1520.96,-0.08252025036818865,4203,1,3.2360469744578814e-06,0.0
twin xl sheet set,,0,,,,3814,75,0,1389.0,,1387.34,0.0011965343751352098,1862,2,1.6897029502213512e-05,0.0
cotton percale sheets king,,0,,,,1851,26,0,1377.74,,1376.73,0.0007336224241499719,1086,4,7.865190632557957e-05,0.0
white sheets king,,0,,,,979,69,5,1375.8600000000001,204.85,1360.08,0.011602258690665402,429,20,0.0008154278957883149,0.25
cooling bed sheets,"B00NQDGAP2, B00O35DAL4",2,35,69,34,7649,55,0,1374.4499999999998,,2001.98,-0.3134546798669318,3693,5,2.6159247032233423e-05,0.0
cotton bed sheets queen,,0,,,,3370,38,0,1367.6200000000001,,1479.63,-0.0757013577718754,1667,4,4.5616275887236564e-05,0.0
king bedding,,0,,,,6785,38,0,1367.6200000000001,,1717.8500000000001,-0.20387693919725236,2857,0,0.0,
king size sheet set,,0,,,,2400,61,0,1365.79,,1207.87,0.13074254679725475,1026,5,6.5238381044336e-05,0.0
queen sheets cooling,,0,,,,2392,64,1,1359.36,36.97,1210.6799999999998,0.12280701754385971,1139,4,6.710958996040534e-05,0.25
pink pillow cases,,0,,,,3998,149,0,1339.51,,,,1687,1,1.0440920053875148e-05,0.0
king size cotton sheets,,0,,,,1925,27,0,1336.23,,2749.4500000000003,-0.5140009820145848,997,2,3.58339454965689e-05,0.0
pillow shams,,0,,,,9262,88,0,1319.1200000000001,,681.38,0.9359535061199332,4155,1,3.730675102966633e-06,0.0
full size fitted sheet only,,0,,,,3459,132,1,1318.68,18.97,,,1922,1,1.1537352177675223e-05,1.0
queen pillow cases,,0,,,,2448,131,0,1308.69,,1671.6699999999998,-0.21713615725591762,1152,0,0.0,
full size sheet set,,0,,,,3416,87,0,1299.78,,1166.1,0.11463853871880635,1419,16,0.0001647463421163727,0.0
king bed set,,0,,,,3070,34,0,1291.66,,1823.52,-0.29166666666666663,1064,0,0.0,
bed sheets twin,,0,,,,4855,85,0,1291.1499999999999,,969.57,0.331672803407696,1685,1,7.4783688181933755e-06,0.0
deep pocket full size sheets set,,0,,,,2810,60,0,1289.3999999999999,,967.05,0.33333333333333326,1435,2,2.711827636235441e-05,0.0
queen deep pocket sheet set,,0,,,,2847,60,2,1274.3999999999999,73.94,1805.3999999999999,-0.29411764705882354,1532,13,0.00017696464790841398,0.15384615384615385
bed sheets queen,,0,,,,2620,53,0,1271.47,,1168.1999999999998,0.08840095873994198,945,9,0.00011764859671368253,0.0
full xl sheets set,,0,,,,1396,41,0,1270.18,,1022.34,0.24242424242424246,687,4,9.453582907922102e-05,0.0
double bed sheets,,0,,,,1800,62,0,1264.18,,611.7,1.0666666666666667,638,3,5.197865409938319e-05,0.0
white sheets full,B00O35DAL4,1,5,6,1,1084,90,5,1260.0,179.85,994.0,0.2676056338028169,520,14,0.0004708731333243643,0.35714285714285715
queen cooling sheets,,0,,,,2317,59,0,1253.1599999999999,,1359.36,-0.07812500000000004,1165,2,3.448038066340252e-05,0.0
split king sheets,"B01N10ETBD, B0BTZ68TRH, B0BTZ6WFS3",3,18,17,-1,2591,25,1,1248.75,44.97,1147.2,0.0885198744769874,1182,6,7.718034473887317e-05,0.16666666666666666
king size bed skirt,,0,,,,3595,87,0,1231.92,,1738.84,-0.29152768512341554,1944,2,2.3008869919353912e-05,0.0
queen sheet sets,,0,,,,2352,58,1,1231.9199999999998,36.97,1529.28,-0.19444444444444453,1052,23,0.0003116953516736685,0.043478260869565216
extra long twin sheets,,0,,,,1879,62,1,1211.48,34.97,1445.96,-0.16216216216216217,810,2,3.2738046520764106e-05,0.5
full size sheets set,,0,,,,2264,81,2,1210.95,71.94,1183.26,0.02340145023071857,944,6,9.420631182289213e-05,0.3333333333333333
sage green sheets,,0,,,,2789,57,0,1196.4299999999998,,845.53,0.41500597258524224,1268,14,0.0001920834190848597,0.0
queen bed sheets cotton,,0,,,,2193,46,0,1195.54,,1655.5400000000002,-0.27785495971103097,1041,1,1.6087257283505736e-05,0.0
king sheets cooling,,0,,,,1987,46,0,1195.54,,1172.54,0.019615535504119264,989,1,1.9922699924293742e-05,0.0
white sheet,,0,,,,1942,130,0,1168.7,,1175.93,-0.006148325155408926,759,1,2.1771314116520073e-05,0.0
queen bed sheet,,0,,,,2234,76,1,1152.92,36.97,1183.26,-0.02564102564102557,927,3,4.838085408334408e-05,0.3333333333333333
full sheet set cotton,,0,,,,1666,39,0,1152.06,,1139.97,0.010605542251111799,759,0,0.0,
queen size bedding,,0,,,,4335,36,0,1151.6399999999999,,1279.6,-0.10000000000000003,1686,0,0.0,
king bed sheet set,,0,,,,2098,45,0,1147.05,,1223.52,-0.06250000000000003,893,2,3.560302625723187e-05,0.0
sheets twin size bed set,,0,,,,2926,95,1,1139.6833333333334,36.97,1065.3300000000002,0.06979371024314834,1062,3,3.480076561684357e-05,0.3333333333333333
black sheets,,0,,,,5167,81,0,1134.0,,,,1979,4,3.1683168316831686e-05,0.0
full size cotton sheets,,0,,,,2685,37,0,1131.83,,1081.51,0.04652754019842622,1507,13,0.0001726290069848352,0.0
short queen sheets,,0,,,,1265,44,0,1120.24,,1045.09,0.07190768259192998,682,6,0.00017575722069248346,0.0
sheets twin xl,,0,,,,3514,57,1,1113.78,34.97,734.87,0.5156150067358852,1500,3,2.7792960969418478e-05,0.3333333333333333
bed skirts,,0,,,,7330,66,1,1108.1399999999999,19.97,779.48,0.4216400677374658,2699,10,4.829844575601557e-05,0.1
queen bed sheets set,,0,,,,1463,52,1,1104.48,36.23,998.28,0.1063829787234043,535,2,4.452458870411184e-05,0.5
queen bed sheets cooling,,0,,,,1636,51,0,1083.24,,1019.52,0.06250000000000003,714,0,0.0,
queen size sheets set,,0,,,,1452,63,0,1079.1899999999998,,1189.4399999999998,-0.09269067796610171,628,7,0.00015925378227732908,0.0
king sheet,,0,,,,1560,57,0,1074.45,,1076.1599999999999,-0.0015889830508472804,602,5,0.00012210310386090014,0.0
white twin xl sheets,,0,,,,914,73,2,1068.72,69.94,1050.88,0.016976248477466423,464,11,0.0004080572764031606,0.18181818181818182
queen sheets sets clearance,,0,,,,1657,62,1,1052.76,36.97,1375.38,-0.23456790123456797,825,5,0.00010055304172951231,0.2
percale sheets full,,0,,,,1637,25,0,1049.75,,607.84,0.7270169781521452,900,7,0.00014560582423296932,0.0
white twin sheets,,0,,,,827,89,0,1039.52,,1448.32,-0.282258064516129,382,0,0.0,
bedding king size,,0,,,,4270,27,0,1025.73,,1055.76,-0.028443964537394836,1655,1,8.468332669980607e-06,0.0
queen white sheet set,,0,,,,554,60,2,1023.5999999999999,73.94,1313.27,-0.22057155040471502,302,9,0.000628140703517588,0.2222222222222222
mellanni queen sheet set,,0,,,,1211,27,27,998.1899999999999,998.1899999999999,1441.83,-0.3076923076923077,631,582,0.017639570831060193,0.04639175257731959
100% cotton king sheets,,0,,,,1306,20,0,989.8000000000001,,,,674,5,0.00014654591283449103,0.0
pillowcase,,0,,,,3620,122,0,974.78,,821.47,0.18662884828417342,1239,0,0.0,
pink bedding,,0,,,,8923,25,0,974.75,,,,3317,1,4.109071185549219e-06,0.0
full sheets sets,,0,,,,2089,65,2,971.75,70.5,822.25,0.18181818181818182,919,14,0.0002529678550132808,0.14285714285714285
bed sets full,,0,,,,5211,27,0,971.73,,,,1909,1,8.117805594791615e-06,0.0
twin fitted sheets,,0,,,,1735,67,1,970.83,21.97,,,887,1,2.0945040214477212e-05,1.0
king flat sheet,"B00NQDGAP2, B01ETTFKIE",2,27,29,2,1873,57,0,968.43,,883.4799999999999,0.09615384615384621,817,3,6.0137112616766224e-05,0.0
queen white sheets,,0,,,,425,56,1,955.3599999999999,36.97,824.64,0.1585176561893674,205,3,0.00024115755627009645,0.3333333333333333
twin bed sheets kids,B00NLLUMOE,1,20,18,-2,2547,50,0,949.4999999999999,,1096.78,-0.13428399496708554,1015,1,1.526088482610222e-05,0.0
full bed sheets set,,0,,,,2574,61,1,948.855,35.97,1080.42,-0.12177208863219863,959,6,8.403479040322693e-05,0.16666666666666666
bamboo sheets full size,,0,,,,1001,27,1,944.73,35.97,863.76,0.09374131703250907,527,1,3.6086752553137746e-05,1.0
twin flat sheet,"B00NLLUMOE, B01ETTEBIO",2,37,35,-2,3751,99,0,939.51,,961.9300000000001,-0.02330730926366791,1630,1,1.0792376265406117e-05,0.0
queen sheets white,,0,,,,328,55,3,938.3,110.91,876.18,0.07089867378849096,178,4,0.00040895613945404356,0.75
queen size bed sheets set,,0,,,,1242,44,1,934.56,36.97,870.8399999999999,0.07317073170731711,551,5,0.00014260859644619377,0.2
sheets queen,,0,,,,2539,55,0,933.9,,1169.35,-0.20135117800487445,979,7,0.00010428616122640526,0.0
king deep pocket sheets set,,0,,,,1577,42,1,933.24,50.97,750.7199999999999,0.2431265984654733,801,3,7.701589094549841e-05,0.3333333333333333
white bed sheets queen,,0,,,,606,54,0,932.5799999999999,,687.2,0.3570721769499416,258,2,0.00012868356710848025,0.0
king size sheets set cooling,,0,,,,1503,31,0,929.6899999999999,,943.13,-0.014250421468938592,723,4,0.00010375596596804317,0.0
bed skirt queen size,,0,,,,2870,74,0,924.26,,,,1560,2,2.7349305327644676e-05,0.0
deep pocket king sheets,,0,,,,2298,41,0,907.3299999999999,,1033.24,-0.12185939375169377,1163,3,4.98711661541019e-05,0.0
100% cotton queen sheet set,,0,,,,1665,25,0,899.75,,,,834,5,0.00010588060902526312,0.0
jersey sheets full,,0,,,,1068,30,0,899.0999999999999,,,,560,2,7.462965036008807e-05,0.0
cotton bed sheets,,0,,,,6461,29,0,899.0,,1709.5500000000002,-0.4741306191687872,2931,11,5.9562808982071595e-05,0.0
deep pocket queen sheet set,,0,,,,2562,39,0,887.6400000000001,,934.56,-0.050205444273240724,1295,5,7.498162950077232e-05,0.0
best sheets king size,,0,,,,558,11,1,881.0999999999999,40.97,296.45,1.9721706864564004,220,9,0.0006007208650380457,0.1111111111111111
100% silk pillow cases,,0,,,,2259,44,0,879.56,,,,1320,2,3.350139868339503e-05,0.0
queen mattress sheets set,,0,,,,506,29,4,869.7099999999999,147.88,439.56,0.9785922285922284,225,5,0.0003544339689515843,0.8
king size white sheets,,0,,,,342,34,0,866.66,,739.2099999999999,0.17241379310344834,140,4,0.0004186289900575615,0.0
hypoallergenic pillow cases,,0,,,,1544,54,0,863.46,,,,326,0,0.0,
king white sheets,,0,,,,368,43,2,857.4200000000001,81.94,944.55,-0.09224498438409813,184,16,0.0016455826391031574,0.125
bed sheets twin xl,,0,,,,2988,37,0,850.63,,911.52,-0.06680050903984552,1184,1,1.083282780136927e-05,0.0
rv queen sheets,"B08V8V7VZF, B08V93R9LN",2,16,14,-2,1237,33,0,840.1800000000001,,1043.8600000000001,-0.19512195121951223,626,9,0.00026374399249794867,0.0
cooling sheets king,,0,,,,1335,26,0,839.28,,,,619,2,5.4688140876650896e-05,0.0
queen egyptian cotton sheets,,0,,,,323,11,1,824.89,36.97,,,140,1,0.00010362694300518135,1.0
king size sheet,,0,,,,1724,55,0,824.45,,629.58,0.30952380952380953,672,3,6.740512728334869e-05,0.0
queen bed skirt 12 inch drop,,0,,,,1070,41,0,819.5899999999999,,,,625,3,0.00010188833038989267,0.0
pillow shams standard size,,0,,,,4410,48,0,815.52,,847.47,-0.03770044957343628,2210,17,0.00012177214283156047,0.0
cotton percale sheets,,0,,,,2693,18,0,809.82,,764.82,0.058837373499646975,1275,8,9.352131116878258e-05,0.0
flannel sheets king size,,0,,,,1274,19,0,807.3100000000001,,847.1400000000001,-0.047017021979838085,740,2,5.691033776285462e-05,0.0
sheet set queen size,,0,,,,3264,47,0,803.7,,968.43,-0.17010005885815177,1261,5,5.70834903129317e-05,0.0
king bed sheets cotton,,0,,,,1013,16,0,799.84,,499.90000000000003,0.6,483,2,7.244801854669275e-05,0.0
bedskirt twin xl,,0,,,,1256,40,0,799.2,,341.82,1.3380726698262244,639,1,2.8912597218608148e-05,0.0
sheets king,,0,,,,1157,31,1,790.1899999999999,40.97,279.16,1.8305989396761708,475,7,0.0002163231249420563,0.14285714285714285
queen bedskirt,,0,,,,1785,64,0,785.28,,688.47,0.14061614885180174,941,1,2.1083257784992938e-05,0.0
bedskirts queen size,,0,,,,2353,60,0,779.4,,636.51,0.22448979591836732,1188,5,8.389965601141036e-05,0.0
bedsheets,,0,,,,9892,39,0,777.6600000000001,,531.0,0.46451977401129957,2283,18,7.214891536130573e-05,0.0
queen bedsheets,,0,,,,1943,45,0,777.15,,637.1999999999999,0.21963276836158202,794,3,5.6906559429416894e-05,0.0
pink queen sheets,,0,,,,1204,48,0,771.36,,1072.99,-0.28111165994091275,537,2,6.681142475363287e-05,0.0
flat sheets,,0,,,,1492,24,0,767.76,,532.74,0.4411532830273679,585,1,2.2857142857142858e-05,0.0
sabanas king100 algodon en oferta,,0,,,,4064,30,0,764.6999999999999,,650.6899999999999,0.17521400359618253,1666,5,5.043830890437905e-05,0.0
sábanas queen,,0,,,,3023,47,0,751.53,,934.4499999999999,-0.19575151158435442,1251,9,0.00012431110926946505,0.0
king size bed sheet set,,0,,,,1281,29,0,739.2099999999999,,688.2299999999999,0.07407407407407411,516,6,0.0001672100994900092,0.0
mellanni king bed sheet set,,0,,,,802,18,17,737.46,696.49,942.31,-0.217391304347826,448,414,0.01858752749966327,0.04106280193236715
tencel sheets,,0,,,,1875,11,0,736.89,,779.87,-0.055111749394129814,1055,5,9.170778232240789e-05,0.0
cooling pillow cases for hot sleepers,,0,,,,1679,49,0,734.51,,,,838,3,6.866088389444533e-05,0.0
sheet sets full size bed,,0,,,,1750,36,3,734.04,107.91,719.64,0.02001000500250122,662,10,0.00020036867836819747,0.3
brown pillow cases,,0,,,,1972,81,0,728.19,,,,811,2,4.3929010718678616e-05,0.0
quince bedding,,0,,,,8975,12,0,719.88,,879.89,-0.1818522769891691,2399,0,0.0,
white sheets twin xl,,0,,,,761,49,0,717.36,,638.04,0.12431822456272343,401,5,0.00021634719397689412,0.0
cotton king sheets,,0,,,,1616,18,0,712.6200000000001,,,,923,5,0.00011001584228128851,0.0
pillowcases standard set of 2,,0,,,,2726,99,0,710.8199999999999,,650.07,0.0934514744565968,1204,4,5.466198395670771e-05,0.0
bed sheet,,0,,,,3224,44,0,703.5600000000001,,324.75,1.1664665127020788,1041,4,3.711298119299678e-05,0.0
sheets with corner straps,,0,,,,2075,27,0,701.7299999999999,,305.83,1.2945100219075956,1002,2,3.520197131039338e-05,0.0
white cotton pillow cases,,0,,,,1417,67,0,697.47,,745.86,-0.06487812726248891,290,0,0.0,
cal king bed sheets,,0,,,,834,23,0,689.77,,356.85999999999996,0.932886846382335,298,2,7.096980234910045e-05,0.0
white king size sheets,,0,,,,349,34,3,677.96,122.91,637.1999999999999,0.06396735718769635,165,14,0.001316160571589734,0.21428571428571427
deep queen sheet set,,0,,,,1106,27,0,674.7299999999999,,682.8000000000001,-0.011818980667838552,572,1,3.5391966023712616e-05,0.0
white king sheets set,,0,,,,361,33,2,659.67,81.94,850.0500000000001,-0.2239632962766897,197,17,0.001722740170247264,0.11764705882352941
bed sheet set,,0,,,,2794,22,0,659.3399999999999,,357.0,0.8468907563025208,916,6,7.072719342708616e-05,0.0
flat sheet,"B00NQDGAP2, B01ETTFKIE",2,34,31,-3,4311,63,0,657.7199999999999,,789.21,-0.166609647622306,1469,2,1.7305978350221083e-05,0.0
purple queen sheets,,0,,,,671,31,1,650.6899999999999,39.97,577.97,0.1258196792221048,277,2,0.00012766500702157538,0.5
bedskirt,,0,,,,4021,42,0,634.62,,687.57,-0.07701034076530396,1723,5,4.2819950671416824e-05,0.0
sheets king size deep pocket,,0,,,,1669,21,0,629.79,,458.82,0.37262978945991887,719,6,0.00012086052695189751,0.0
queen flat sheet only,B01ETTDTSM,1,26,29,3,1569,55,0,626.45,,740.35,-0.1538461538461538,752,2,4.925380485642516e-05,0.0
full size sheet,,0,,,,1422,50,0,624.5,,462.0,0.35173160173160173,526,2,5.042228665069961e-05,0.0
cotton bed sheets king,,0,,,,1593,20,0,624.0999999999999,,719.84,-0.1330017781729275,695,2,4.269125683060109e-05,0.0
dust ruffle queen size,,0,,,,2108,48,0,623.52,,,,1070,1,1.704913560882463e-05,0.0
twin sheet sets,,0,,,,1961,52,0,621.4,,694.26,-0.10494627373030278,872,0,0.0,
hotel sheets,,0,,,,2571,17,1,615.91,36.23,959.52,-0.3581061364015341,1079,14,0.00020010863039935964,0.07142857142857142
full xl sheet set,,0,,,,1017,19,0,615.41,,454.35,0.35448442830417065,611,4,0.00011006246044630328,0.0
brown bed sheets,,0,,,,1533,30,0,614.6999999999999,,,,701,2,5.1163980557687386e-05,0.0
green sheets,,0,,,,3095,34,0,611.66,,458.72999999999996,0.3333769319643364,1207,4,4.649594904043985e-05,0.0
polka dot sheets,,0,,,,5173,21,0,608.79,,492.83,0.2352941176470588,2741,5,3.775465514897987e-05,0.0
gray sheets queen,"B00NLLUP4G, B00SBZJ8NG, B0BTZ4CFWV",3,22,22,0,353,24,0,599.76,,,,141,1,0.00010131712259371833,0.0
purple sheets,,0,,,,2984,25,0,599.75,,522.9399999999999,0.14688109534554647,1050,9,0.00011142199222522099,0.0
bed skirts queen size,,0,,,,2074,46,0,597.54,,703.68,-0.15083560709413368,1078,5,7.984924462614584e-05,0.0
sheet sets,,0,,,,3973,28,0,594.7199999999999,,488.52,0.21739130434782594,1407,14,0.00010971356921750715,0.0
sabanas queen,,0,,,,1433,35,0,594.65,,575.64,0.03302411229240496,603,3,8.286834981492736e-05,0.0
deep pocket sheets queen,,0,,,,888,22,0,593.78,,,,434,4,0.0001567152483936687,0.0
king size bed sheet,,0,,,,826,33,0,593.67,,478.5,0.2406896551724137,340,0,0.0,
sheet sets queen size,,0,,,,1174,16,2,591.52,73.94,266.25,1.2216713615023473,419,8,0.00022130013831258644,0.25
sabanas,,0,,,,4920,31,0,588.6899999999999,,377.78999999999996,0.5582466449614866,1691,22,0.00017236786436216055,0.0
king sheets white,,0,,,,175,23,2,586.27,81.94,377.8,0.551799894123875,87,5,0.0009208103130755065,0.4
california king bed sheets,B00O35DPN2,1,28,26,-2,1187,23,0,586.27,,623.76,-0.06010324483775813,471,0,0.0,
king sheets set,,0,,,,667,23,0,586.27,,662.74,-0.11538461538461542,283,2,9.653441451877595e-05,0.0
full size sheets cooling,,0,,,,741,26,0,584.74,,322.83,0.8112938698386148,388,2,9.945795414988313e-05,0.0
100% cotton sheets full,,0,,,,1494,20,0,584.6,,395.89000000000004,0.47667281315516924,839,4,9.201748332183115e-05,0.0
hotel sheets direct,,0,,,,823,10,0,583.9,,364.95,0.5999451979723249,443,0,0.0,
white queen sheet set,,0,,,,277,34,1,580.04,36.97,377.96,0.5346597523547465,128,2,0.00021362956633198035,0.5
light pink sheets,,0,,,,2411,36,0,579.24,,329.28,0.7591107871720119,1100,5,7.762167197081425e-05,0.0
100 cotton sheets,,0,,,,2148,16,0,575.84,,,,976,3,5.1932764381048004e-05,0.0
white bed sheets,B00NLLUMOE,1,8,11,3,2375,40,1,560.0,36.97,672.0,-0.16666666666666666,827,14,0.00021529518507696802,0.07142857142857142
queen flat sheet,,0,,,,1224,49,0,558.11,,,,579,1,3.230287172529638e-05,0.0
white queen bed sheets,,0,,,,279,26,4,552.24,147.88,323.82,0.7053918843802113,120,8,0.0009449562957713206,0.5
wueen sheets,,0,,,,654,26,0,552.24,,603.5,-0.08493786246893122,267,4,0.000262415534999672,0.0
twin xl sheet,,0,,,,1677,46,0,551.54,,623.48,-0.11538461538461547,734,1,1.9898121617319326e-05,0.0
black bed sheets,,0,,,,2995,39,0,546.0,,700.8299999999999,-0.22092376182526424,1144,4,5.479977532092118e-05,0.0
cotton percale sheets full,,0,,,,819,13,0,545.87,,455.88,0.19739843818548744,435,4,0.00016122531237404273,0.0
hotel sheets queen,,0,,,,765,21,0,545.79,,403.55999999999995,0.35243829913767477,345,3,0.00014701558365186709,0.0
queen mattress sheets,,0,,,,1012,34,1,543.66,36.97,787.5200000000001,-0.30965562779357997,387,4,0.00014206058884114076,0.25
white linen set,,0,,,,3356,15,0,539.85,,,,1071,0,0.0,
bed sheets full,,0,,,,1843,33,0,532.62,,499.74999999999994,0.06577288644322174,624,3,5.331627212625293e-05,0.0
full size white sheets,,0,,,,308,38,2,532.0,71.94,330.97,0.6073964407650239,144,2,0.00021965952773201537,1.0
king sheets sets,,0,,,,1013,28,0,531.7199999999999,,712.38,-0.25360060641792315,438,8,0.00028730472257137724,0.0
king sheet sets,,0,,,,1143,22,0,522.0600000000001,,535.29,-0.024715574735190093,531,6,0.0001752950800514199,0.0
regalos de cumpleaños para hombres,,0,,,,4340,37,0,516.89,,,,1023,2,1.9450711896055396e-05,0.0
white sheets twin,,0,,,,555,36,1,512.64,34.97,527.68,-0.028502122498483863,257,4,0.0002574168221893301,0.25
linen sheet,,0,,,,236,8,1,511.84,36.23,664.895,-0.23019424119597834,102,1,0.00011170688114387846,1.0
beige sheets queen,,0,,,,597,30,0,511.2,,606.4,-0.15699208443271767,315,2,0.00013281094362175444,0.0
blue sheets,,0,,,,2619,24,0,509.52,,,,1049,7,9.388663859009094e-05,0.0
rv short queen sheets,,0,,,,458,20,0,509.20000000000005,,484.30999999999995,0.05139270302079268,215,0,0.0,
full size bed sheets set,,0,,,,1135,27,0,508.95000000000005,,366.29999999999995,0.38943488943488974,394,1,3.323252799840484e-05,0.0
striped sheets,,0,,,,8755,17,0,505.58,,573.04,-0.11772302108055281,4421,16,6.857093877900872e-05,0.0
cotton bed sheets full,,0,,,,1308,15,0,504.75,,269.64,0.8719403649310192,548,2,4.879953152449737e-05,0.0
percale cotton sheets,,0,,,,2235,14,0,503.86,,,,1200,7,0.00010784494977506625,0.0
full size mattress sheets,,0,,,,705,29,2,492.71,71.94,376.51000000000005,0.30862394093118356,269,4,0.00019773592367393347,0.5
king bed sheet,,0,,,,967,29,1,491.84000000000003,40.97,588.6899999999999,-0.16451782771917295,388,1,3.7637848620572846e-05,1.0
burgundy sheets queen,,0,,,,464,22,0,483.78,,,,225,2,0.0001668613382279326,0.0
white twin sheet set,,0,,,,338,40,1,479.6,34.97,443.84,0.08056957462148533,185,3,0.0003176956475696283,0.3333333333333333
dorm sheets twin xl set,,0,,,,538,20,1,475.79999999999995,34.97,419.79999999999995,0.13339685564554551,236,4,0.00026128421190149584,0.25
100 percent cotton sheets,,0,,,,2979,13,0,467.87,,685.7800000000001,-0.3177549651491733,1435,8,9.756692481248856e-05,0.0
white full size sheets,,0,,,,301,33,1,462.0,35.97,503.65000000000003,-0.08269631688672696,130,6,0.0006635700066357001,0.16666666666666666
sheets for king size bed,,0,,,,433,11,1,461.78,49.97,395.89000000000004,0.1664351208669073,128,7,0.0005301825342725138,0.14285714285714285
white hotel sheets,,0,,,,119,3,0,458.97,,,,63,5,0.0017164435290078957,0.0
cotton sheet set,,0,,,,1884,15,0,458.85,,559.86,-0.18042010502625655,909,3,4.973474801061008e-05,0.0
fitted sheets,,0,,,,2415,27,0,458.72999999999996,,285.78000000000003,0.6051858072643289,891,1,1.2405870457900679e-05,0.0
taupe king sheets,,0,,,,207,11,1,455.29,42.97,,,141,4,0.0007902015013828526,0.25
deep king sheets for thick mattress,,0,,,,815,15,0,449.84999999999997,,,,400,0,0.0,
hotel collection sheets,,0,,,,1176,15,0,449.84999999999997,,239.89999999999998,0.8751563151313048,464,15,0.00043831453450996437,0.0
full size cooling sheets,,0,,,,904,20,1,449.79999999999995,35.97,265.07,0.696910250122609,483,4,0.00017611059745520187,0.25
striped sheets queen,,0,,,,1763,13,0,441.87,,252.27,0.7515756927101914,950,4,9.243852837862822e-05,0.0
brown king sheets,,0,,,,618,21,0,438.69,,,,296,2,0.0001361285053090117,0.0
sheets twin,,0,,,,1606,37,0,438.45,,584.0,-0.24922945205479455,633,1,2.2460805893715468e-05,0.0
king white sheet set,,0,,,,178,23,1,434.47,40.97,319.04,0.3618041624874624,94,10,0.0019138755980861245,0.1
bed sheets king,,0,,,,1109,17,0,433.33,,399.84,0.08375850340136057,389,4,0.00011439029970258523,0.0
extra deep queen sheet set,,0,,,,474,19,2,432.44000000000005,93.94,22.76,18.0,307,10,0.000726427429899753,0.2
soft queen sheets,,0,,,,590,12,0,431.88,,,,260,1,6.144770800049158e-05,0.0
full size bedsheets,,0,,,,645,18,1,431.82,35.97,,,229,1,5.32509718302359e-05,1.0
queen size sheet,,0,,,,815,25,0,431.75,,479.7,-0.09995830727538042,306,2,8.755034144633164e-05,0.0
gray queen sheet set,"B00SBZJ8NG, B0BTZ4CFWV",2,13,15,2,289,27,1,431.73,39.97,,,124,2,0.0002358490566037736,0.5
full xl bed sheets,,0,,,,958,16,0,430.24,,,,558,7,0.00021849054248080404,0.0
light blue sheets,,0,,,,2045,20,0,424.6,,403.37,0.05263157894736847,930,4,6.648936170212766e-05,0.0
white sheets queen,,0,,,,497,25,0,424.5,,755.92,-0.43843263837443114,207,11,0.0007559617895677273,0.0
queen size sheet sets,,0,,,,723,25,0,424.5,,382.32,0.1103264281230383,353,1,4.25930658488798e-05,0.0
white bedding full,,0,,,,1027,9,0,422.91,,,,533,1,3.590535348820509e-05,0.0
dust ruffle for king size bed,,0,,,,956,16,1,421.28,22.97,269.82,0.5613371877547995,511,7,0.0002610187187709747,0.14285714285714285
full sheet,,0,,,,917,30,0,420.0,,,,373,2,8.44273713537929e-05,0.0
wrap around bed skirt,,0,,,,2864,28,1,419.72,22.97,236.99,0.7710451917802439,1543,11,0.00014108895016994805,0.09090909090909091
cream sheets,,0,,,,1930,19,0,417.80999999999995,,379.0,0.10240105540897083,849,6,0.0001144885225256168,0.0
soft sheets king size,,0,,,,442,11,0,415.69,,104.94999999999999,2.960838494521201,185,2,0.00016879061524179256,0.0
sheet set queen,,0,,,,823,23,0,413.77,,254.70000000000002,0.6245386729485668,302,0,0.0,
white queen size sheets,,0,,,,122,23,1,413.77,36.97,274.88,0.5052750291036088,67,1,0.00029282576866764275,1.0
king split sheets for adjustable bed,"B07BKMKJKQ, B0BTZ68TRH, B0BTZ6WFS3",3,31,31,0,819,8,0,407.04,,916.19,-0.5557253408135867,383,2,8.103727714748784e-05,0.0
white full sheets,,0,,,,358,29,0,406.0,,576.83,-0.29615311270218264,165,2,0.00018910741301059002,0.0
queen sized sheets,,0,,,,804,19,0,403.55999999999995,,339.84,0.18749999999999992,279,0,0.0,
twin white sheets,,0,,,,270,31,0,402.69,,371.69,0.08340283569641369,147,4,0.0005021340697966357,0.0
ugg sheets,,0,,,,1378,7,0,399.84,,458.88,-0.12866108786610883,594,0,0.0,
sheets for full size bed,,0,,,,850,18,1,395.82,35.97,,,313,2,8.019246190858059e-05,0.5
cotton sheets full size,,0,,,,1089,16,0,394.24,,,,503,2,6.043391551338611e-05,0.0
terracotta sheets,,0,,,,993,12,0,387.48,,308.44,0.25625729477369996,457,5,0.00018733608092918696,0.0
white sheet set,,0,,,,694,22,1,385.88,36.97,263.09999999999997,0.46666666666666684,252,4,0.00016904027384524362,0.25
twin white sheet set,,0,,,,232,33,0,385.44,,341.76,0.12780898876404498,119,2,0.00032242463324197966,0.0
twin xl flannel sheets,,0,,,,659,11,0,384.89000000000004,,251.91,0.5278869437497521,366,2,0.00010207727249527892,0.0
short queen sheets for rv,B08V8V7VZF,1,17,12,-5,702,16,0,383.84,,611.76,-0.3725644043415719,368,3,0.00015015015015015014,0.0
bed sheet set queen size,,0,,,,652,18,1,382.32,36.97,,,246,4,0.00021659085986571366,0.25
sábanas king size,,0,,,,1062,20,0,379.79999999999995,,322.83,0.17647058823529405,426,6,0.0002216557685913776,0.0
beige sheets,,0,,,,1912,20,1,379.6,39.17,,,870,2,4.028927700892407e-05,0.5
cooling fitted sheet queen,,0,,,,1258,26,0,376.74,,,,665,7,0.00022185598377281947,0.0
king bedskirt,,0,,,,1106,25,0,374.75,,434.71,-0.1379310344827586,559,5,0.00019799627766997982,0.0
white king pillow cases set of 4,,0,,,,98,28,1,374.35999999999996,27.0,,,75,1,0.00043725404459991256,1.0
pink striped sheets,,0,,,,3048,12,0,371.88,,598.5,-0.3786466165413534,1540,5,6.420380856992436e-05,0.0
twin xl pink sheets,,0,,,,696,20,0,370.4,,,,333,1,4.940955580809328e-05,0.0
full size bed sheet set,,0,,,,639,15,0,369.6,,339.83,0.0876026248418328,227,0,0.0,
cotton full size sheet sets,,0,,,,1439,12,0,367.08,,496.91,-0.2612746775069933,729,0,0.0,
white full sheet set,,0,,,,265,26,0,364.0,,448.0,-0.1875,120,0,0.0,
floral sheets,,0,,,,6433,14,0,363.85999999999996,,527.78,-0.31058395543597717,3193,5,2.8562941297443046e-05,0.0
queen sheet set cooling sheets,,0,,,,567,17,1,361.08,36.97,318.59999999999997,0.13333333333333341,293,1,6.700616456714018e-05,1.0
hotel sheets king,,0,,,,664,12,0,359.88,,203.92,0.7648097293056101,305,2,0.00011425959780621572,0.0
fitted sheet full size,,0,,,,698,30,0,359.7,,,,331,1,5.346164127238706e-05,0.0
yellow sheets,,0,,,,1994,16,0,355.52,,483.78,-0.26512050932241926,872,10,0.00017779674276367257,0.0
sheets twin xl size bed set,,0,,,,763,18,0,351.71999999999997,,293.09999999999997,0.20000000000000004,292,0,0.0,
sheet set full size,,0,,,,388,10,1,350.90000000000003,35.97,81.56,3.302354095144679,164,1,8.156606851549755e-05,1.0
twin sheets white,,0,,,,199,25,2,349.75,68.54,303.68,0.15170574288724972,69,5,0.0007417297136923305,0.4
mellanni twin xl sheet set,,0,,,,233,10,9,349.7,314.73,174.85,1.0,105,91,0.009749303621169917,0.0989010989010989
oversized queen duvet cover,,0,,,,1378,5,0,339.95,,475.92999999999995,-0.28571428571428564,831,4,0.00010770059235325795,0.0
queen size white sheets,,0,,,,153,16,0,339.84,,,,73,2,0.0004704775346977182,0.0
sage green full size sheets,,0,,,,225,17,1,339.83,37.97,,,124,1,0.00016268098259313488,1.0
sábanas blancas queen,,0,,,,322,20,2,339.6,73.94,299.8,0.13275517011340898,156,3,0.00038870173620108835,0.6666666666666666
pillow shams king size set of 2,,0,,,,1895,26,0,337.74,,464.69,-0.27319288127568914,1031,18,0.0003495281370150297,0.0
kingsize sheets set,,0,,,,453,16,0,335.84,,,,197,1,7.098743522396536e-05,0.0
burgundy sheets,,0,,,,1298,16,0,335.84,,307.85999999999996,0.09088546742025604,508,4,0.00012236532166783932,0.0
sateen sheets,,0,,,,1200,5,0,335.7,,,,481,2,5.4739031666529817e-05,0.0
best sheets queen,,0,,,,401,7,0,333.13,,159.92,1.0831040520260131,150,0,0.0,
light blue full size sheets,,0,,,,267,17,0,322.83,,,,132,2,0.0002726281352235551,0.0
pink bed sheets queen,,0,,,,520,19,0,322.80999999999995,,,,193,1,6.896076132680504e-05,0.0
full white sheets,,0,,,,181,23,1,322.0,35.97,294.0,0.09523809523809523,89,3,0.0006787330316742081,0.3333333333333333
bedsheet,,0,,,,3311,16,0,319.84,,366.29999999999995,-0.1268359268359268,955,9,9.42151874882231e-05,0.0
queen size sheets sets clearance,,0,,,,544,20,0,319.8,,,,267,2,0.00010985389432055367,0.0
bed pillow covers,,0,,,,617,32,0,319.68,,,,230,1,5.492996429552321e-05,0.0
100% cotton sheets king size,,0,,,,630,7,0,314.93,,,,349,1,5.4244643341470026e-05,0.0
flannel sheets twin xl,,0,,,,596,12,0,310.32,,209.94,0.47813661046013145,341,4,0.0002053493505826788,0.0
organic twin xl sheets,,0,,,,211,6,1,307.74,34.97,,,126,1,0.00015239256324291374,1.0
double sheet set,,0,,,,504,19,1,306.66,35.25,134.54999999999998,1.2791527313266449,239,9,0.0006448377158415132,0.1111111111111111
full white sheet set,,0,,,,88,20,3,306.46666666666664,107.91,316.58000000000004,-0.03194558510750332,50,4,0.0018682858477347033,0.75
king sized sheets,,0,,,,604,12,1,305.88,40.97,349.85999999999996,-0.12570742582747374,177,3,0.0001292824822236587,0.3333333333333333
sheets king size bed set,,0,,,,395,12,0,305.88,,254.95000000000002,0.19976465973720328,166,1,9.094216078574027e-05,0.0
sábanas para cama queen,,0,,,,943,18,0,305.64,,,,331,7,0.0003176764238711141,0.0
mellanni pillow cases,,0,,,,362,17,17,305.49,305.49,341.42999999999995,-0.10526315789473668,205,196,0.020258397932816537,0.08673469387755102
queen sheets pink,,0,,,,409,19,0,305.33,,,,168,2,0.00018422991893883567,0.0
soft sheets queen,,0,,,,895,12,0,304.44,,297.35999999999996,0.02380952380952395,414,5,0.00021307423506349612,0.0
king white bed skirt,,0,,,,147,20,0,299.8,,119.92,1.5,82,1,0.0003183699458771092,0.0
sheet set king size,,0,,,,1235,13,0,298.74,,189.89999999999998,0.5731437598736179,450,1,2.8624588521540003e-05,0.0
bed skirts king size,,0,,,,742,13,1,298.61,22.97,191.88,0.5562330623306234,365,3,0.00013534852244529664,0.3333333333333333
sábanas twin,,0,,,,1270,25,0,296.25,,,,497,1,3.310819758972322e-05,0.0
luxury sheets,,0,,,,726,5,0,292.4,,239.94,0.21863799283154114,256,5,0.00022268739143989667,0.0
king mattress sheets,,0,,,,385,12,1,291.48,40.97,209.89999999999998,0.3886612672701289,145,1,8.984725965858041e-05,1.0
sage green sheets king,,0,,,,315,9,0,290.52,,,,170,4,0.0005206299622543278,0.0
standard pillow shams,,0,,,,1393,17,0,288.83,,,,777,6,0.000148529557381919,0.0
white bedding twin xl,,0,,,,743,8,1,287.92,34.97,107.97,1.6666666666666667,371,5,0.00025053865811494716,0.2
bedding sets,,0,,,,3266,9,0,287.90999999999997,,279.92,0.028543869677050415,1126,0,0.0,
bedsheets king size bed,,0,,,,1801,16,0,287.84,,484.30999999999995,-0.4056699221572959,624,7,0.0001454001620173234,0.0
sheets full,,0,,,,1129,19,0,284.05,,395.78,-0.2823032998130274,433,3,9.606763161265531e-05,0.0
bedsheets full size bed,,0,,,,1918,19,0,283.67,,335.79,-0.15521605765508206,653,5,0.00010279816608071712,0.0
king sheet set cooling,,0,,,,492,11,0,280.39,,,,261,2,0.00015028554253080853,0.0
king size sheet sets,B00NQDGAP2,1,14,15,1,881,11,1,280.39,40.97,404.39000000000004,-0.30663468433937546,325,5,0.00018633771848097493,0.2
microfiber sheets king,,0,,,,419,12,0,278.28000000000003,,78.27,2.5553852050594106,228,4,0.0003184459836000318,0.0
king shams,,0,,,,608,12,0,275.88,,91.96,2.0000000000000004,323,4,0.00023644854288585446,0.0
king bed skirt 15 inch drop,,0,,,,269,12,1,275.64,22.97,,,234,6,0.0007216742843396681,0.16666666666666666
red sheets,,0,,,,1077,14,0,273.84,,273.84,0.0,381,4,0.0001465899512588412,0.0
juego de sábanas full,,0,,,,1401,16,0,273.44,,263.78000000000003,0.03662142694669788,576,6,0.0001859427296392711,0.0
tan sheets queen,,0,,,,335,16,0,272.64,,289.68,-0.058823529411764774,151,4,0.0004066280370031514,0.0
queen bed skirt 15 inch drop,,0,,,,371,13,1,272.61,20.97,219.89999999999998,0.23969986357435216,186,4,0.0003412678099138299,0.25
purple sheets full,,0,,,,327,15,0,269.84999999999997,,,,141,2,0.00022466861379465288,0.0
ivory queen sheets,,0,,,,124,14,0,268.66,,,,75,2,0.0006195786864931846,0.0
blue striped sheets,,0,,,,1570,9,0,268.02,,308.33000000000004,-0.13073654850322725,799,4,9.731886526203104e-05,0.0
pillows cases queen size set of 2,,0,,,,706,28,0,265.72,,,,329,1,4.8756704046806435e-05,0.0
sage green striped sheets,,0,,,,344,5,0,264.05,,42.97,5.144984873167327,225,8,0.0009273212008809551,0.0
jersey knit sheets,,0,,,,1493,8,0,263.92,,219.92,0.20007275372862873,814,2,5.146283097033168e-05,0.0
dark green sheets,,0,,,,1129,11,0,263.89,,359.88,-0.2667277981549406,536,7,0.00023707115521387205,0.0
sabanas full 100 algodon,,0,,,,1763,14,0,258.85999999999996,,,,765,6,0.00014144271570014144,0.0
best sheets,,0,,,,717,6,0,254.10000000000002,,63.72,2.9877589453860645,246,10,0.0004655710228595372,0.0
full size mattress sheet set,,0,,,,243,11,1,252.34,35.97,,,110,5,0.0006924248719013987,0.2
full size white sheet set,,0,,,,96,18,2,252.0,70.5,196.79000000000002,0.280552873621627,49,2,0.0007527286413248024,1.0
full size bed sheet,,0,,,,1066,21,0,251.79,,441.44,-0.429616708952519,401,3,9.720377150633444e-05,0.0
full mattress sheets,,0,,,,553,15,0,245.55,,333.0,-0.2626126126126126,224,5,0.00032763252735731603,0.0
sheets cal king,,0,,,,94,6,1,242.21999999999997,40.97,,,33,1,0.000321853878339234,1.0
6 piece king size sheets set,,0,,,,614,8,0,239.92,,95.96,1.5002084201750727,335,2,0.00012062726176115802,0.0
bed sheets queen size set,,0,,,,311,8,0,239.92,,229.41,0.04581317292184295,120,3,0.00033662477558348296,0.0
light blue king sheets,,0,,,,195,10,1,239.89999999999998,42.97,,,90,1,0.00020230629172567267,1.0
california king bed skirt,,0,,,,1091,16,1,239.2,22.97,528.31,-0.5472355245973008,580,10,0.00033331111259249385,0.1
sheet set full,,0,,,,740,16,1,238.88,35.97,194.35,0.2291227167481348,272,5,0.0002027246188777165,0.2
white sheet set queen,,0,,,,230,14,0,238.83999999999997,,532.58,-0.5515415524428255,97,3,0.00038804811796662784,0.0
white sheets full size,,0,,,,200,17,2,238.0,70.5,287.8,-0.1730368311327311,99,3,0.0005307855626326964,0.6666666666666666
navy king sheets,,0,,,,107,8,1,237.92,42.97,,,53,1,0.0003897116134060795,1.0
1200 thread count egyptian cotton sheets,,0,,,,348,3,0,236.96999999999997,,,,137,1,9.880446596186147e-05,0.0
beige sheets king,,0,,,,248,14,0,236.59999999999997,,,,102,1,0.0001543924656476764,0.0
love shack fancy sheets,,0,,,,288,4,0,236.0,,,,176,2,0.0002662052442433116,0.0
queen sheet sets with deep pockets,,0,,,,252,5,2,234.85,93.94,,,128,6,0.0007015082427218519,0.3333333333333333
twin xl sheets white,,0,,,,203,16,1,234.24,34.97,377.66,-0.3797595721018906,93,2,0.0003061849357011635,0.5
sheets set,,0,,,,1590,13,0,233.86999999999998,,143.91,0.6251129177958445,498,3,6.555371034000524e-05,0.0
twin bedsheets,,0,,,,1114,20,0,233.2,,287.4,-0.18858733472512176,413,3,9.507812252400723e-05,0.0
red land cotton,,0,,,,1579,2,0,232.0,,,,458,1,2.1376199739210364e-05,0.0
burgundy sheets full,,0,,,,184,8,1,231.92,37.97,,,80,1,0.00022920009168003668,1.0
striped bed sheets,,0,,,,2641,8,0,231.92,,169.56,0.36777541873083264,1284,8,0.00011352670715785889,0.0
sheets & pillowcases,,0,,,,3992,12,2,227.88,71.94,532.76,-0.5722651850739545,675,11,0.00010183582213910773,0.18181818181818182
extra deep king sheets,,0,,,,479,12,0,227.88,,290.61,-0.2158563022607619,282,8,0.0005967922417008579,0.0
queen sheets pattern,,0,,,,671,9,0,224.91,,110.94,1.0273120605732828,306,3,0.00015789473684210527,0.0
blue and white striped sheets,,0,,,,735,8,0,224.24,,,,384,4,0.00018299098769385607,0.0
bed linen,,0,,,,421,5,0,223.70000000000002,,,,98,2,0.00011969597223053444,0.0
mellanni sheets,,0,,,,781,6,6,221.82,221.82,493.61,-0.5506168837746399,366,345,0.016136576239476147,0.017391304347826087
full sheet sets,,0,,,,718,13,1,220.86999999999998,35.97,164.45,0.34308300395256913,327,2,9.049773755656108e-05,0.5
black sheets twin xl,,0,,,,547,15,0,220.8,,,,278,1,6.790249202145719e-05,0.0
split king sheet set,,0,,,,690,6,0,219.24,,305.91,-0.2833186231244484,315,4,0.0001860378587042463,0.0
twin xl dorm bed skirt,,0,,,,410,11,0,217.69,,,,217,2,0.0001665833749791771,0.0
ivory sheets,,0,,,,787,9,0,217.62,,,,383,1,4.536793394428818e-05,0.0
luxury hotel sheets,,0,,,,138,3,0,215.96999999999997,,109.99,0.963542140194563,73,6,0.0017788319003854136,0.0
queen bedsheet set,,0,,,,143,6,1,215.94,36.97,,,61,3,0.0006353240152477764,0.3333333333333333
queen white sheets set,,0,,,,65,10,1,212.39999999999998,36.97,,,37,2,0.0010706638115631692,0.5
white bed sheets full,,0,,,,502,15,0,210.0,,210.0,0.0,148,1,5.707111060381235e-05,0.0
cotton bedsheets king size bed,,0,,,,475,3,0,209.96999999999997,,,,213,7,0.0005808646585345615,0.0
striped sheets twin xl,,0,,,,610,7,0,209.92999999999998,,89.97,1.333333333333333,347,6,0.0003231539828728389,0.0
double bed sheets sets,,0,,,,604,13,1,209.82,37.97,176.27499999999998,0.19029924833356981,211,3,0.0001371240515586434,0.3333333333333333
full bed sheet set,,0,,,,714,14,0,208.32000000000002,,409.37,-0.49112050223514175,192,1,3.8959015116097865e-05,0.0
dark brown sheets,,0,,,,906,10,0,204.89999999999998,,254.8,-0.1958398744113031,437,5,0.0002104288540044611,0.0
white bed sheets king,,0,,,,198,12,0,204.0,,280.39,-0.27244195584721276,71,9,0.0018374846876276032,0.0
white king bed sheets,,0,,,,143,12,1,204.0,40.97,356.85999999999996,-0.42834725102281,76,1,0.0002822466836014677,1.0
bed sheets california king,,0,,,,485,8,0,203.92,,,,185,0,0.0,
king bedsheets,,0,,,,780,8,0,203.92,,535.29,-0.6190476190476191,308,3,0.00015164535206995905,0.0
sheets for queen size bed,,0,,,,851,12,0,203.88,,403.55999999999995,-0.4947963128159381,292,2,7.226477814713109e-05,0.0
rv sheets,B08V8V7VZF,1,26,14,-12,673,8,0,203.68,,99.96,1.0376150460184075,249,2,9.140767824497258e-05,0.0
black and white sheets,,0,,,,994,7,0,202.92999999999998,,209.79,-0.032699366032699434,399,12,0.00044996062844501105,0.0
frette sheets,,0,,,,501,2,0,200.0,,486.0,-0.588477366255144,130,2,0.00013643495463537759,0.0
green sheets full,,0,,,,464,10,1,199.89999999999998,37.97,,,181,1,7.479991024010771e-05,1.0
better homes and gardens sheets,,0,,,,948,5,1,199.85,39.97,,,295,5,0.00017981083899737475,0.2
pillowcases cotton,,0,,,,1401,20,0,199.8,,,,235,0,0.0,
soft pillow cases,,0,,,,730,20,1,199.8,17.97,,,268,1,5.3233963268565346e-05,1.0
white twin bed sheets,,0,,,,238,17,1,198.39,34.97,175.2,0.13236301369863013,102,1,0.00013012361743656474,1.0
super soft sheets queen size,,0,,,,157,6,1,197.94,36.97,,,82,2,0.00048579062424095217,0.5
queen white bed sheets,,0,,,,62,11,1,197.89,36.97,143.92,0.375,41,1,0.0006784260515603799,1.0
gold pillow cases,,0,,,,641,23,0,197.57,,180.39,0.09523809523809529,236,1,6.160670280926565e-05,0.0
purple pillow cases,,0,,,,549,23,0,197.57,,,,242,1,6.83900971139379e-05,0.0
charter club sheets,,0,,,,589,2,0,196.34,,1190.04,-0.8350139491109542,200,1,5.061753391374772e-05,0.0
queen mattress sheet set,,0,,,,79,7,1,196.28,36.97,,,37,2,0.0008849557522123894,0.5
purple bed sheets,,0,,,,865,7,0,196.21,,,,317,5,0.00020399004528579004,0.0
white full bed sheets,,0,,,,172,14,0,196.0,,,,82,2,0.00041322314049586776,0.0
beige sheets full,,0,,,,215,13,1,194.35,37.97,179.39999999999998,0.08333333333333344,91,2,0.0003476447071093343,0.5
ivory queen sheet set,,0,,,,126,8,1,193.44,39.97,150.42999999999998,0.28591371401981003,77,2,0.0006470397929472663,0.5
soft sheets,,0,,,,1529,8,0,191.92,,164.94,0.16357463319995144,718,10,0.00024359942510535676,0.0
sheet,,0,,,,2309,12,0,191.88,,297.0,-0.35393939393939394,598,3,4.117655132657123e-05,0.0
￼queen size sheets,,0,,,,152,9,1,191.16,39.97,,,68,1,0.000293513354857646,1.0
king mattress sheet set,,0,,,,179,5,1,189.95000000000002,40.97,,,64,3,0.0006350550381033022,0.3333333333333333
full size percale sheet sets,,0,,,,105,5,1,189.95000000000002,37.97,,,48,1,0.0003943217665615142,1.0
pinstripe sheets,,0,,,,798,5,1,189.85,37.97,28.03,5.773100249732429,424,17,0.0007766103243490179,0.058823529411764705
bed sheets queen size cooling,,0,,,,229,3,0,188.97,,,,91,1,0.00015377518068583732,0.0
white king sheet set,,0,,,,205,10,0,188.9,,,,70,4,0.0006308153288124901,0.0
black sheet set,,0,,,,417,11,0,187.44,,,,188,1,9.104151493080845e-05,0.0
blue pillow shams,,0,,,,415,13,1,187.33,14.97,49.95,2.75035035035035,194,6,0.0005212405525149857,0.16666666666666666
king size sheets set white,,0,,,,75,11,1,187.0,40.97,,,46,2,0.0012682308180088776,0.5
brown twin xl sheets,,0,,,,352,13,1,186.68,37.97,,,175,2,0.00020308692120227456,0.5
mellanni bed sheets,,0,,,,155,5,5,184.85,184.85,163.88,0.127959482548206,68,64,0.016482101467937164,0.078125
white dust ruffle king,,0,,,,67,8,1,183.76,22.97,,,39,1,0.0007032348804500703,1.0
white sheet set full,,0,,,,126,13,0,182.0,,115.12,0.5809589993050729,77,6,0.001766264350897851,0.0
soft king size sheets,,0,,,,414,8,0,180.56,,229.41,-0.21293753541693908,215,5,0.00041638907395069954,0.0
dusty blue sheets,,0,,,,567,5,0,179.95000000000002,,,,287,5,0.00031879622545269063,0.0
white bed set,,0,,,,1370,6,0,179.94,,,,642,1,2.9229510113410498e-05,0.0
luxury sheets king size,,0,,,,468,6,0,179.94,,755.68,-0.7618833368621639,184,2,0.0001404297149276787,0.0
beige full size sheets,,0,,,,101,12,1,179.39999999999998,37.97,,,41,1,0.00037243947858472997,1.0
double sheets,,0,,,,316,12,1,179.28,35.97,113.28,0.5826271186440678,106,2,0.0001871082421180653,0.5
quince sheets,,0,,,,946,3,0,178.47,,59.99,1.9749958326387729,194,0,0.0,
wrap around bed skirt king,,0,,,,626,14,0,178.36,,152.88,0.1666666666666668,384,8,0.00045488144652299997,0.0
teal sheets,,0,,,,890,8,0,175.92,,265.07,-0.3363262534424869,421,12,0.0004929346040092015,0.0
white bed sheets twin xl,,0,,,,162,12,1,175.68,34.97,65.08,1.6994468346650278,79,7,0.0014656616415410384,0.14285714285714285
green striped sheets,,0,,,,1816,5,0,174.95000000000002,,260.90999999999997,-0.32946226668199746,928,34,0.0007260613308277099,0.0
king size bed skirt wrap around easy fit,,0,,,,404,14,0,174.86,,164.89000000000001,0.060464552125659515,239,2,0.00017152658662092623,0.0
tan sheets,,0,,,,751,9,0,170.82,,170.39999999999998,0.00246478873239446,322,2,0.00010536297545042672,0.0
king sheet set white,,0,,,,70,9,1,170.01,40.97,,,36,2,0.0010887316276537834,0.5
white sheet set king,,0,,,,144,9,0,170.01,,,,87,4,0.0012578616352201257,0.0
queen size sheet set deep pocket,,0,,,,337,8,0,169.92,,91.04,0.8664323374340946,158,6,0.0005927096710461326,0.0
patterned sheets,,0,,,,1396,6,0,168.18,,22.98,6.318537859007834,718,11,0.0002601641399210047,0.0
purple bed sheets queen,,0,,,,160,6,1,168.18,39.97,,,58,3,0.0006994637444625787,0.3333333333333333
yellow sheets full,,0,,,,358,7,0,167.92999999999998,,,,179,5,0.0004615526631588664,0.0
sheets full size,,0,,,,760,9,0,164.79,,220.86999999999998,-0.25390501199800786,238,1,3.621876131836291e-05,0.0
twin xl bed skirt 18 inch drop,,0,,,,320,9,0,161.91,,,,217,6,0.0006596306068601583,0.0
white twin xl sheet set,,0,,,,137,11,2,161.04000000000002,69.94,180.62,-0.10840438489646763,69,6,0.0014191106906338694,0.3333333333333333
dark pink sheets,,0,,,,678,7,0,160.92999999999998,,,,295,3,0.0001589067217543302,0.0
king bed skirt white,,0,,,,90,7,1,160.79,22.97,,,53,2,0.000847457627118644,0.5
white king bedskirt,,0,,,,53,7,1,160.79,22.97,,,33,1,0.0007451564828614009,1.0
cotton flannel sheets,,0,,,,733,4,0,159.96,,,,361,1,4.270584215920738e-05,0.0
white king size sheets set,,0,,,,76,8,2,159.52,80.3,188.9,-0.15553202752779247,40,3,0.001419782300047326,0.6666666666666666
double sheets set,,0,,,,221,9,2,153.81,71.94,335.85999999999996,-0.5420413267432859,100,5,0.0007605719501064801,0.4
twin xl striped sheets,,0,,,,517,6,0,152.94,,23.86,5.409891031014249,284,3,0.00019876764062810574,0.0
light blue pillow shams,,0,,,,204,9,1,152.91,14.97,49.95,2.061261261261261,136,5,0.0009155832265152902,0.2
amazon resale store,,0,,,,8378,16,0,151.84,,104.39,0.4545454545454546,927,0,0.0,
mustard yellow sheets,,0,,,,321,6,0,151.14000000000001,,,,167,1,0.00012162490878131841,0.0
hotel bedding sets queen,,0,,,,515,5,0,149.95,,29.98,4.001667778519012,208,3,0.00023399110833788317,0.0
sheets set queen,,0,,,,160,6,1,149.94,36.97,,,62,1,0.00023137436372049977,1.0
white king size bed skirt,,0,,,,151,10,2,149.9,45.94,,,84,2,0.0005535566011624688,1.0
queen bedsheet,,0,,,,607,10,0,149.9,,207.87,-0.27887622071486984,235,1,5.550929780738274e-05,0.0
wrap around bed skirt queen,,0,,,,596,10,0,149.9,,,,298,3,0.00018608113137327876,0.0
fullsize sheets set,,0,,,,413,10,1,149.5,36.97,321.85999999999996,-0.5355123345553967,167,3,0.00025131942699170643,0.3333333333333333
king size white sheet set,,0,,,,72,5,0,148.7,,,,30,3,0.0015592515592515593,0.0
white soft sheets queen,,0,,,,14,4,1,147.88,36.97,,,9,2,0.005934718100890208,0.5
double size bed sheets,,0,,,,173,6,1,147.84,35.97,16.06,8.205479452054796,90,6,0.001303497718878992,0.16666666666666666
microfiber sheets queen,,0,,,,980,8,0,147.52,,263.85,-0.4408944476028046,534,5,0.0001910292656835027,0.0
twin sheets black,,0,,,,158,12,0,146.88,,,,57,3,0.0007208073041806823,0.0
cooling bed sheets full,,0,,,,477,5,0,144.95,,,,243,1,7.950389569088885e-05,0.0
pottery barn bedding,,0,,,,1711,1,0,143.99,,,,727,0,0.0,
deep pocket cooling sheets,,0,,,,433,2,0,143.98,,,,236,1,8.61994655633135e-05,0.0
lencol king,,0,,,,192,8,0,143.92,,,,79,4,0.0009062075215224287,0.0
queen bed sheets white,,0,,,,119,8,0,143.92,,,,52,1,0.00033444816053511704,0.0
queen bedsheet sets,,0,,,,853,9,0,143.91,,390.83,-0.6317836399457565,317,3,0.00013572204125950055,0.0
full mattress sheets set,,0,,,,90,4,2,143.88,71.94,,,34,5,0.0022502250225022503,0.4
flannel bed sheets queen,,0,,,,202,3,0,140.97,,,,111,3,0.0004424778761061947,0.0
extra deep king fitted sheet,,0,,,,298,8,0,140.72,,,,143,1,0.00012067093037287318,0.0
blush pink sheets,,0,,,,622,10,0,140.0,,105.53999999999999,0.3265112753458405,279,3,0.00018717244821562265,0.0
blue and white sheets,,0,,,,618,5,0,139.95,,48.98,1.8572886892609228,277,5,0.00028118321898549094,0.0
sage green sheets full size,,0,,,,76,7,1,139.92999999999998,37.97,,,42,1,0.0005701254275940707,1.0
striped sheet set,,0,,,,744,4,0,139.92,,,,369,5,0.00022833135446159467,0.0
twin xl white sheet,,0,,,,27,7,1,136.78,34.97,,,18,1,0.0012836970474967907,1.0
cal king bed skirt,,0,,,,503,9,0,134.91,,130.41,0.03450655624568668,223,8,0.0005665722379603399,0.0
full sized sheets,,0,,,,603,9,0,134.46,,164.45,-0.18236546062633008,179,1,4.618937644341802e-05,0.0
amazon sheets queen,,0,,,,133,7,0,134.33,,,,92,1,0.0002731494127287626,0.0
california king flat sheets only,,0,,,,458,9,0,133.92000000000002,,134.9,-0.0072646404744254245,249,6,0.0004941525284137704,0.0
tein xl sheets,,0,,,,486,10,0,131.75,,,,211,2,0.0001794043774668102,0.0
burgundy bed sheets,,0,,,,377,8,0,129.12,,,,118,1,8.954956568460644e-05,0.0
plum bedding,,0,,,,1138,3,0,128.97,,,,536,2,6.861534239055853e-05,0.0
camping sheets,,0,,,,709,7,0,128.73000000000002,,161.91,-0.20492866407263283,274,3,0.0001485663348685188,0.0
sage sheets,,0,,,,383,8,0,127.92,,179.88,-0.2888592394929953,164,3,0.0002524827470122875,0.0
sage twin sheets,,0,,,,107,7,1,125.92999999999999,34.97,,,68,1,0.00036075036075036075,1.0
full sheet set cooling,,0,,,,217,6,1,125.82,35.97,221.76,-0.43262987012987014,94,1,0.00013324450366422385,1.0
threshold sheets,,0,,,,1769,4,0,124.92,,42.48,1.940677966101695,419,5,0.00010451068099159734,0.0
queen bedskirt 12 inch drop,,0,,,,313,8,1,123.92,20.97,,,197,1,0.00012239902080783354,1.0
bed sets,,0,,,,3595,5,0,120.45,,,,1096,0,0.0,
mellow sheets,,0,,,,553,2,0,119.98,,119.98,0.0,199,0,0.0,
king bed sheets white,,0,,,,47,4,1,119.96,40.97,,,27,1,0.000758150113722517,1.0
white sheets queen set cotton,,0,,,,89,4,0,119.96,,,,50,1,0.00045413260672116256,0.0
skirted bedspread king,,0,,,,28,2,1,119.94,59.97,,,15,1,0.0008090614886731392,1.0
blue king sheets,,0,,,,187,6,0,119.94,,71.97,0.6665277198832847,88,2,0.0004488330341113106,0.0
beige bed skirt twin xl,,0,,,,81,6,1,119.82,19.97,,,65,1,0.0004422821760283061,1.0
dark purple sheets,,0,,,,624,5,0,118.85,,125.10000000000001,-0.049960031974420574,249,14,0.000853450377956596,0.0
pink flannel sheets king,,0,,,,6,2,1,117.94,58.97,,,6,1,0.0035971223021582736,1.0
king deep pocket flannel sheets,,0,,,,7,2,2,117.94,117.94,,,5,2,0.011363636363636364,1.0
100% cotton queen sheet sets,,0,,,,115,4,1,115.24,36.97,,,64,1,0.0003566333808844508,1.0
best bed sheets,,0,,,,671,1,0,114.88,,42.48,1.7043314500941622,171,4,0.0001592039800995025,0.0
king size split sheets for adjustable bed set,,0,,,,352,3,0,114.53999999999999,,152.72,-0.25000000000000006,161,1,8.249463784853984e-05,0.0
full sheet set white,,0,,,,55,8,2,112.0,71.94,182.0,-0.38461538461538464,27,4,0.002622950819672131,0.5
bedding sheets,,0,,,,827,7,0,111.93,,266.0,-0.5792105263157894,276,1,3.86742468190432e-05,0.0
hotel bedding,,0,,,,1105,3,0,110.67,,49.98,1.2142857142857144,426,17,0.0005817534734104442,0.0
wamsutta sheets,,0,,,,773,1,0,109.99,,,,159,2,6.506392530661374e-05,0.0
queen bedskirt 15 inch drop,,0,,,,178,8,0,108.72,,,,86,2,0.0003429355281207133,0.0
sage green king sheets,,0,,,,257,6,0,107.94,,,,135,1,0.00013448090371167293,0.0
xl sheets,,0,,,,173,9,1,107.91,34.97,,,70,1,0.0001905850962454736,1.0
luxury bed sheets,,0,,,,539,2,0,105.98,,163.88,-0.3533072980229436,129,3,0.0001398014818957081,0.0
blue pinstripe sheets,,0,,,,183,3,0,104.97,,,,91,6,0.0012790449797484545,0.0
king size bedsheet sets,,0,,,,221,5,1,104.94999999999999,40.97,,,117,2,0.0003732039559619332,0.5
turquoise sheets,,0,,,,242,5,0,104.94999999999999,,,,97,2,0.0002581311306143521,0.0
mellanni twin sheet set,,0,,,,52,3,3,104.91,104.91,34.27,2.0612780857893194,27,24,0.018575851393188854,0.125
cooling sheets xl twin,,0,,,,51,3,1,104.91,34.97,,,31,1,0.0008680555555555555,1.0
twin xl brown sheets,,0,,,,99,5,1,104.9,37.97,,,50,1,0.0003374957813027337,1.0
plum sheets,,0,,,,717,3,0,104.85000000000001,,148.55,-0.29417704476607204,284,4,0.00020946795140343527,0.0
navy plaid flannel sheets,,0,,,,13,2,1,103.94,51.97,,,14,1,0.0035587188612099642,1.0
ivory bed sheets,,0,,,,343,6,0,103.62,,,,166,1,0.00010475591870940707,0.0
deep queen sheets,,0,,,,364,5,0,103.6,,191.16,-0.4580456162377067,183,2,0.00019107671730199676,0.0
light purple sheets queen,,0,,,,84,6,1,102.60000000000001,39.97,,,46,1,0.0004885197850512946,1.0
patterned bed sheets,,0,,,,1805,4,0,102.56,,50.98,1.0117693213024717,823,5,0.00010377750103777501,0.0
white sheets california king,,0,,,,34,4,0,101.96,,,,22,3,0.0038022813688212928,0.0
sheets for queen bed,,0,,,,217,6,0,101.94,,,,92,4,0.0005996102533353321,0.0
queen size sheet sets deep pockets,,0,,,,55,3,1,101.85000000000001,49.97,,,19,1,0.0005330490405117271,1.0
king navy blue sheets,,0,,,,17,3,1,101.78999999999999,42.97,,,5,1,0.002257336343115124,1.0
white queen size bed sheets,,0,,,,24,4,1,99.96,36.97,,,15,1,0.0012062726176115801,1.0
gold bed sheets,,0,,,,135,4,0,99.96,,,,77,3,0.0008688097306689834,0.0
bed skirt twin xl black,,0,,,,117,5,2,99.94999999999999,39.94,77.97,0.28190329613954074,66,2,0.0006680026720106881,1.0
full size sheet sets cooling,,0,,,,167,7,1,99.68,35.97,,,82,2,0.00043431053203040176,0.5
black cooling sheet set,,0,,,,17,3,1,98.97,39.97,,,13,1,0.0018867924528301887,1.0
soft bed sheets,,0,,,,1043,3,0,95.97,,79.96,0.20022511255627823,379,3,9.694932781799379e-05,0.0
grey bed sheets,"B00SBZJ8NG, B0BTZ51FTP",2,27,28,1,538,6,0,95.94,,112.0,-0.14339285714285716,132,0,0.0,
best bed sheets queen,,0,,,,101,2,0,95.18,,,,43,3,0.001095290251916758,0.0
king sheet white,,0,,,,40,5,1,94.45,40.97,,,19,3,0.0029239766081871343,0.3333333333333333
microfiber sheets,,0,,,,1232,6,0,93.21000000000001,,170.91,-0.45462524135509913,606,8,0.0002094789211835559,0.0
tan king sheets,,0,,,,225,4,0,91.92,,,,100,1,0.0002032520325203252,0.0
king size dust ruffle,,0,,,,281,4,1,91.88,22.97,,,118,2,0.00022092124157737766,0.5
wrinkle free sheets queen size,,0,,,,139,1,0,89.99,,,,75,7,0.0018503832936822627,0.0
queen size sheet set hotel luxury bed sheets white,,0,,,,151,3,0,89.97,,190.32,-0.5272698612862547,70,3,0.0005750431282346176,0.0
hotel collection sheets queen,,0,,,,83,3,0,89.97,,,,33,1,0.0004332755632582322,0.0
ivory sheet set,,0,,,,86,3,1,89.97,42.97,,,47,2,0.0009074410163339383,0.5
queen sheets and pillow cases,,0,,,,172,5,0,89.94999999999999,,,,75,1,0.00022153300841825432,0.0
gray pillow shams queen,,0,,,,43,6,1,89.94,14.97,,,25,1,0.0009950248756218905,1.0
cream full size sheets,,0,,,,108,6,0,89.69999999999999,,,,46,1,0.0003654970760233918,0.0
rayon bamboo sheets king,,0,,,,107,2,0,87.98,,,,57,3,0.0010380622837370243,0.0
linen bed sheets full,,0,,,,296,2,0,85.98,,,,141,1,0.00011928903733746869,0.0
king size bedsheets,,0,,,,389,4,0,85.96,,,,142,2,0.00019076688286913393,0.0
green and white striped sheets,,0,,,,202,2,1,85.94,42.97,,,116,13,0.0023516642547033286,0.07692307692307693
mellanni king sheet set,,0,,,,17,2,2,85.94,85.94,49.97,0.7198318991394836,12,12,0.025477707006369428,0.16666666666666666
bedsheet set,,0,,,,513,2,0,85.8,,28.48,2.012640449438202,163,2,0.00013019985678015754,0.0
allswell sheets,,0,,,,423,2,0,84.98,,,,102,1,9.915716410510659e-05,0.0
blue standard pillow shams,,0,,,,157,5,0,84.94999999999999,,,,101,5,0.0014367816091954023,0.0
blush pink queen sheet set,,0,,,,28,3,1,84.12,39.97,,,18,3,0.0045045045045045045,0.3333333333333333
full size sheets white,,0,,,,78,6,0,84.0,,125.92999999999999,-0.3329627570872707,44,1,0.0004743833017077799,0.0
cal king flannel sheets,,0,,,,53,2,0,83.98,,,,28,4,0.002530044275774826,0.0
gold king sheets,,0,,,,89,4,0,83.96,,,,36,1,0.0003169572107765452,0.0
patterned sheets queen,,0,,,,550,3,0,83.64,,71.94,0.16263552960800673,248,1,6.264879087833605e-05,0.0
pin stripe sheets,,0,,,,226,3,0,82.47,,,,106,6,0.0010362694300518134,0.0
king white sheets set,,0,,,,15,2,1,81.94,40.97,37.78,1.1688724192694546,5,3,0.007281553398058253,0.3333333333333333
lencol king algodao,,0,,,,15,2,2,81.94,81.94,,,8,2,0.005649717514124294,1.0
mellanni pillowcases,,0,,,,23,3,3,81.0,81.0,,,12,11,0.01903114186851211,0.2727272727272727
dark green sheets full,,0,,,,87,3,0,80.97,,,,40,1,0.0004152823920265781,0.0
softest sheets,,0,,,,471,2,0,79.98,,179.95000000000002,-0.5555432064462351,182,3,0.0002193142773594561,0.0
light gray sheets,,0,,,,259,5,0,79.95,,,,101,1,0.00013025921583952066,0.0
twin xl sheets pattern,,0,,,,1095,5,0,79.95,,,,619,5,0.00015393614728610573,0.0
100% cotton bed skirt,,0,,,,124,3,1,79.47,20.97,,,96,2,0.0005421523448088912,0.5
striped sheets full,,0,,,,787,3,0,79.02,,107.96,-0.2680622452760282,415,3,0.0001349952751653692,0.0
bed sheets full size cotton,,0,,,,659,3,0,79.02,,,,284,6,0.0003449068751437112,0.0
dark teal sheets king cotton,,0,,,,10,2,1,78.18,42.97,,,4,1,0.0041841004184100415,1.0
striped queen sheets,,0,,,,710,3,0,77.97,,,,346,3,0.00015701873756934995,0.0
amazon sheets,,0,,,,514,4,0,76.76,,,,264,4,0.00026504108136761196,0.0
white king size bed sheets,,0,,,,53,3,0,76.47,,,,32,1,0.0007892659826361484,0.0
king rv sheets,,0,,,,86,3,0,76.47,,,,43,7,0.003251277287505806,0.0
striped twin xl sheets,,0,,,,465,3,0,76.47,,,,247,3,0.0002197963220748773,0.0
super soft sheets,,0,,,,613,4,0,75.96,,,,254,4,0.0002508938091952581,0.0
床单 full size,,0,,,,10,2,2,75.94,75.94,,,2,2,0.0076045627376425855,1.0
queen size sheets white,,0,,,,48,3,1,74.97,36.97,120.25999999999999,-0.3766006984866123,30,3,0.00202020202020202,0.3333333333333333
queens sheets,,0,,,,62,3,1,74.97,36.97,,,20,2,0.0009629272989889263,0.5
extra large king size sheets,,0,,,,69,3,1,74.97,50.97,,,45,2,0.0009354536950420954,0.5
beige pillow shams,,0,,,,210,5,1,74.85000000000001,14.97,104.79,-0.2857142857142857,97,11,0.0019027849852966616,0.09090909090909091
sheets double bed set,,0,,,,102,5,1,74.7,37.97,,,59,2,0.0007572889057175312,0.5
mellanni king,,0,,,,5,2,2,73.94,73.94,,,4,4,0.02030456852791878,0.5
mellani queen sheets,,0,,,,5,2,2,73.94,73.94,,,4,4,0.016877637130801686,0.5
queen sheets white soft,,0,,,,3,2,1,73.94,36.97,,,3,2,0.02857142857142857,0.5
melanni sheets,,0,,,,13,2,2,73.94,73.94,,,6,6,0.016129032258064516,0.3333333333333333
milani sheets queen,,0,,,,86,2,2,73.94,73.94,110.91,-0.3333333333333333,41,37,0.014711729622266401,0.05405405405405406
mellonie sheets,,0,,,,18,2,2,73.94,73.94,,,10,9,0.02158273381294964,0.2222222222222222
milani bedsheets,,0,,,,8,2,2,73.94,73.94,,,4,4,0.025974025974025976,0.5
queen size linen,,0,,,,25,2,1,72.46,36.23,,,14,1,0.0017921146953405018,1.0
mellanni,,0,,,,82,2,2,72.46,72.46,,,36,34,0.012873911397198031,0.058823529411764705
bed sheets cotton,,0,,,,1314,4,0,71.96,,,,637,6,0.00015740594994490792,0.0
white bedsheets,,0,,,,302,4,0,71.96,,121.41,-0.40729758668972904,82,1,0.0001145475372279496,0.0
mellanni full size sheet set,,0,,,,131,2,2,71.94,71.94,179.85,-0.6,51,45,0.00988793671720501,0.044444444444444446
cotton double bed sheets,,0,,,,52,2,1,71.94,35.97,,,15,1,0.0006724949562878278,1.0
king sheet set soft,,0,,,,42,1,0,71.9,,,,30,2,0.0016366612111292963,0.0
cali king bed skirt,,0,,,,134,5,0,69.95,,47.96,0.4585070892410342,73,1,0.00034258307639602604,0.0
nice white sheets twin,,0,,,,8,2,1,69.94,34.97,,,6,1,0.005208333333333333,1.0
sheets twin black,,0,,,,10,2,1,69.94,34.97,,,5,1,0.004219409282700422,1.0
full bed sheets cooling,,0,,,,281,3,0,68.97,,246.4,-0.7200892857142858,113,3,0.0003992547245142401,0.0
deep bed sheets queen,,0,,,,229,3,0,68.97,,,,93,4,0.0006723819129265423,0.0
lavender sheets,,0,,,,418,4,0,68.4,,53.97,0.26737076153418576,155,1,8.369601606963509e-05,0.0
full size bed sheets for men,,0,,,,72,2,1,67.98,37.97,,,35,1,0.0006230529595015577,1.0
cool queen sheets,,0,,,,151,4,1,67.96,39.17,,,74,1,0.00025746652935118434,1.0
queen purple sheets,,0,,,,122,4,0,67.96,,,,69,2,0.0006837606837606838,0.0
queen size white sheet set,,0,,,,45,4,1,67.92,36.23,186.9,-0.6365971107544142,27,3,0.0024671052631578946,0.3333333333333333
coral sheets,,0,,,,297,4,0,67.88,,28.04,1.4208273894436518,130,2,0.00020358306188925082,0.0
100 percent cotton flannel sheets,,0,,,,23,1,1,65.97,65.97,,,13,2,0.0038910505836575876,0.5
thick striped sheets,,0,,,,167,1,0,64.99,,,,93,5,0.0011436413540713633,0.0
full-size bed sheets,,0,,,,85,4,0,63.96,,,,32,1,0.0004878048780487805,0.0
queen sheeys,,0,,,,49,4,1,63.96,36.97,,,17,1,0.0009216589861751152,1.0
pale pink sheets,,0,,,,148,4,0,63.32,,,,74,3,0.0008172160174339417,0.0
dark purple twin sheets,,0,,,,31,3,0,62.97,,,,16,2,0.0029282576866764276,0.0
king white bedskirt,,0,,,,30,4,1,62.96,22.97,,,13,1,0.0007680491551459293,1.0
white queen bedskirt 15 inch drop,,0,,,,28,3,1,62.91,20.97,,,17,1,0.0008880994671403197,1.0
flannel sheet set,,0,,,,295,1,0,61.59,,,,172,3,0.0003431316481756834,0.0
purple bed sheets full,,0,,,,98,4,1,60.68,37.97,,,58,1,0.00039952057530962844,1.0
lyocell sheets queen,,0,,,,451,1,0,59.99,,,,310,3,0.00018540263271738457,0.0
sage sheets full,,0,,,,73,3,0,59.97,,,,35,1,0.0005227391531625719,0.0
queen size bed skirt 15 inch drop,,0,,,,176,3,0,59.94,,,,108,5,0.00083236224404861,0.0
mellanni queen fitted sheet only,,0,,,,6,3,3,59.91,59.91,59.91,0.0,5,5,0.03875968992248062,0.6
light grey pillow shams,,0,,,,57,4,2,59.88,29.94,44.910000000000004,0.33333333333333326,31,5,0.0034746351633078527,0.4
kimg sheets,,0,,,,48,3,0,59.82000000000001,,,,24,1,0.0007987220447284345,0.0
sabanas full,,0,,,,421,4,0,59.72,,,,149,5,0.00048529554498689704,0.0
purple queen size sheets,,0,,,,100,3,0,59.400000000000006,,,,50,1,0.0003763643206624012,0.0
slate blue sheets king 6 piece,,0,,,,4,1,1,58.97,58.97,,,5,1,0.010416666666666666,1.0
mella sheets,,0,,,,2,1,1,58.97,58.97,,,1,1,0.01639344262295082,1.0
queen sheets purple,,0,,,,95,2,0,58.86,,,,41,1,0.0004585052728106373,0.0
tein xl sheets set,,0,,,,34,3,1,58.62,34.97,,,16,1,0.0014388489208633094,1.0
fullsize sheet set,,0,,,,16,2,1,57.98,35.97,,,7,1,0.002331002331002331,1.0
blue sheets king,,0,,,,175,3,0,56.699999999999996,,81.96,-0.308199121522694,77,6,0.0012072434607645875,0.0
white bedding king,,0,,,,313,2,0,56.68,,,,145,1,0.00011475786091347258,0.0
peach colored sheets,,0,,,,49,2,1,56.08,37.97,,,34,1,0.0006988120195667365,1.0
light pink bed sheets,,0,,,,524,4,0,56.0,,,,222,1,6.623832549513148e-05,0.0
100% cotton flannel sheets,,0,,,,389,2,0,55.98,,,,195,9,0.0008678044547295343,0.0
miellani sheets king sham,,0,,,,3,1,1,55.97,55.97,,,3,3,0.041666666666666664,0.3333333333333333
mellanni's iconic 4 piece king extra deep pocket white deep pockets,,0,,,,2,1,1,55.97,55.97,,,2,2,0.017241379310344827,0.5
gold sheets,,0,,,,535,8,0,55.92,,,,187,4,0.00026409613099168095,0.0
mellanni split king bed sheet set,,0,,,,11,1,1,54.97,54.97,46.97,0.17032148179689163,8,8,0.030303030303030304,0.125
threshold sheets queen,,0,,,,317,1,0,53.99,,28.03,0.9261505529789511,78,2,0.00022077491996909152,0.0
falda para cama full,,0,,,,172,4,1,53.96,19.97,,,112,3,0.0007880220646178094,0.3333333333333333
double bed skirt,,0,,,,149,5,1,53.949999999999996,19.97,,,85,1,0.00028935185185185184,1.0
king size blue sheets,,0,,,,28,3,0,53.91,,,,12,1,0.0015037593984962407,0.0
mellanni pillowcases standard,,0,,,,25,3,3,53.91,53.91,,,9,9,0.018711018711018712,0.3333333333333333
peacock blue sheets,,0,,,,24,1,0,52.99,,,,14,4,0.006734006734006734,0.0
extra large california king sheets,,0,,,,4,1,1,51.97,51.97,,,2,1,0.0078125,1.0
queen pink cotton flannel sheets,,0,,,,7,1,1,51.97,51.97,,,4,1,0.004761904761904762,1.0
white queen dust ruffle,,0,,,,41,4,1,51.96,20.97,,,29,2,0.0018315018315018315,0.5
king size sheets white,,0,,,,55,3,0,51.0,,179.46,-0.7158141089936476,33,1,0.000663129973474801,0.0
twin xl gray striped sheets,,0,,,,6,2,1,50.98,34.97,,,6,1,0.004608294930875576,1.0
millano sheets,,0,,,,1,1,1,50.97,50.97,,,1,1,0.016129032258064516,1.0
extra deep pock king sheets,,0,,,,10,1,1,50.97,50.97,,,8,1,0.0016129032258064516,1.0
mellanni extra deep king sheets,,0,,,,17,1,1,50.97,50.97,,,13,11,0.02631578947368421,0.09090909090909091
soft white king size deep pocket sheets,,0,,,,2,1,1,50.97,50.97,,,1,1,0.025,1.0
purple sheet set queen,,0,,,,85,2,0,50.0,,,,59,1,0.00042319085907744394,0.0
queen sheet set wrinkle free,,0,,,,34,2,1,49.98,36.97,,,15,2,0.0024125452352231603,0.5
white sheet set long twin,,0,,,,3,1,1,49.97,49.97,,,1,1,0.010101010101010102,1.0
mellanni king sheets,,0,,,,7,1,1,49.97,49.97,,,6,6,0.0410958904109589,0.16666666666666666
split california king mellanni sheets,,0,,,,1,1,1,49.97,49.97,,,1,1,0.016666666666666666,1.0
twin bed sheets white,,0,,,,59,5,0,49.95,,,,25,1,0.0006729475100942127,0.0
"mellanni king sheet set - 6-piece iconic collection bedding | including 4 pillowcases, 16-inch deep pocket, easy care, extra soft, cooling sheets, brushed microfiber - white",,0,,,,1,1,1,48.97,48.97,,,1,1,0.038461538461538464,1.0
soft queen size sheets,,0,,,,72,3,1,48.92999999999999,36.97,,,29,1,0.00046382189239332097,1.0
sábanas para cama full,,0,,,,275,3,0,48.480000000000004,,,,111,1,0.00016100466913540493,0.0
soft sheets full,,0,,,,345,2,0,48.0,,,,164,8,0.000811935451131635,0.0
full/queen sheets,,0,,,,88,3,0,47.97,,,,38,1,0.00041356492969396195,0.0
queen bed sheets hotel,,0,,,,24,1,0,47.59,,,,8,1,0.0014184397163120568,0.0
twin xl sheets flannel,,0,,,,177,2,0,47.28,,,,105,2,0.00037509377344336085,0.0
melanni sheet set queen deep,,0,,,,1,1,1,46.97,46.97,,,1,1,0.016129032258064516,1.0
deep pocket queen sheets mellanni,,0,,,,5,1,1,46.97,46.97,46.97,0.0,3,3,0.016129032258064516,0.3333333333333333
melanin extra deep queen sheets 4 pc iconic collection bedding,,0,,,,1,1,1,46.97,46.97,,,1,1,0.023809523809523808,1.0
mellanni extra deep sheets full sage,,0,,,,1,1,1,45.97,45.97,,,1,1,0.0625,1.0
cal king bed skirt taupe bamboo,,0,,,,8,2,1,45.94,22.97,,,4,1,0.0051813471502590676,1.0
bed skirt white full,,0,,,,55,3,1,45.33,19.97,,,33,1,0.0007012622720897616,1.0
queen bedsheets cotton percale,,0,,,,14,1,0,44.99,,,,11,3,0.0034562211981566822,0.0
mellanni iconic extra deep pocket twin xl sheet set,,0,,,,1,1,1,44.97,44.97,,,1,1,0.017241379310344827,1.0
king bedskirt white,,0,,,,13,3,1,44.97,22.97,,,11,1,0.00390625,1.0
split king bedding,,0,,,,125,1,1,44.97,44.97,,,59,1,0.00027616680475006904,1.0
california king purple sheet set,,0,,,,1,1,1,44.97,44.97,,,1,1,0.038461538461538464,1.0
white cal king sheets set,,0,,,,1,1,1,44.97,44.97,,,2,1,0.05,1.0
white bed skirt king size,,0,,,,26,3,1,44.97,22.97,,,15,1,0.0016366612111292963,1.0
mellanni cal king sheets,,0,,,,11,1,1,44.97,44.97,51.97,-0.1346930921685588,7,7,0.028688524590163935,0.14285714285714285
mellani california king sheets,,0,,,,3,1,1,44.97,44.97,,,3,3,0.043478260869565216,0.3333333333333333
beige king pillow shams,,0,,,,27,3,1,44.910000000000004,14.97,,,18,2,0.0033003300330033004,0.5
light gray pillow sham,,0,,,,9,3,2,44.910000000000004,29.94,,,7,2,0.007272727272727273,1.0
bed sheets double,,0,,,,100,3,0,44.82,,,,46,5,0.0019157088122605363,0.0
mellanni twin xl sheet set deep pocket,,0,,,,3,1,1,44.07,44.07,,,2,2,0.019801980198019802,0.5
soft sheet set with corner straps,,0,,,,5,1,1,43.97,43.97,,,1,1,0.008403361344537815,1.0
light gray sheets queen bed 6 pc,,0,,,,1,1,1,43.97,43.97,,,1,1,0.041666666666666664,1.0
falda de cama queen,,0,,,,334,4,0,43.16,,,,165,2,0.0002447081854888046,0.0
juego de sábanas matrimonial,,0,,,,161,1,0,42.99,,,,70,3,0.0008389261744966443,0.0
king size sheets stripes,,0,,,,18,1,1,42.97,42.97,,,9,1,0.002352941176470588,1.0
melleni,,0,,,,4,1,1,42.97,42.97,,,2,2,0.0392156862745098,0.5
king blue grey sheets,,0,,,,1,1,1,42.97,42.97,,,1,1,0.016129032258064516,1.0
gray strips king sheet,,0,,,,2,1,1,42.97,42.97,,,2,1,0.02631578947368421,1.0
king luxury sheet set brown,,0,,,,1,1,1,42.97,42.97,,,1,1,0.016129032258064516,1.0
teal colored king size sheets,,0,,,,2,1,1,42.97,42.97,,,2,1,0.021739130434782608,1.0
￼bedsheets with gold trim,,0,,,,6,1,1,42.97,42.97,,,5,1,0.008264462809917356,1.0
king size sheets blue pattern coolinh,,0,,,,3,1,1,42.97,42.97,,,2,1,0.013888888888888888,1.0
paisley king sheets,,0,,,,25,1,1,42.97,42.97,,,16,1,0.0016666666666666668,1.0
mellanni iconic king sheet set beige 1812,,0,,,,1,1,1,42.97,42.97,,,1,1,0.041666666666666664,1.0
queen sheets mellanni,,0,,,,12,2,1,42.48,36.97,,,8,7,0.028112449799196786,0.14285714285714285
wrinkle resistant queen sheets,,0,,,,18,2,1,42.48,36.97,,,10,1,0.0024330900243309003,1.0
navy king sheets deep pocket fitted,,0,,,,49,2,0,42.48,,,,55,8,0.006024096385542169,0.0
hotel bed sheets,,0,,,,255,2,0,42.48,,15.0,1.8319999999999999,121,1,0.00012487512487512488,0.0
queen size bed ruffle skirt,,0,,,,89,2,0,42.46,,,,55,1,0.00047460844803037496,0.0
mellanni king sheets mint grren,,0,,,,1,1,1,42.11,42.11,,,1,1,0.043478260869565216,1.0
coral sheets king,,0,,,,35,2,1,41.98,42.97,,,18,2,0.0024630541871921183,0.5
blue king shams,,0,,,,27,3,0,41.97,,,,16,2,0.0034602076124567475,0.0
pattern sheets,,0,,,,973,2,0,41.38,,16.99,1.4355503237198355,418,3,0.00011031033975584644,0.0
kingsize white sheets,,0,,,,4,1,1,40.97,40.97,,,2,1,0.007874015748031496,1.0
king sheet set white soft,,0,,,,6,1,1,40.97,40.97,,,3,1,0.007042253521126761,1.0
king sheets white stain resistant,,0,,,,1,1,1,40.97,40.97,,,1,1,0.045454545454545456,1.0
king mattress sheet sets,,0,,,,24,1,1,40.97,40.97,,,6,1,0.0021413276231263384,1.0
mellanni sheet set,,0,,,,24,1,1,40.97,40.97,,,14,14,0.013207547169811321,0.07142857142857142
wrinkle free king size bed sheets,,0,,,,20,1,1,40.97,40.97,,,9,2,0.004338394793926247,0.5
melani bedding,,0,,,,1,1,1,40.97,40.97,,,1,1,0.047619047619047616,1.0
quality king sheets,,0,,,,11,1,1,40.97,40.97,,,4,1,0.004,1.0
king size sheets set high quality,,0,,,,9,1,1,40.97,40.97,,,5,1,0.004694835680751174,1.0
mellanni extra soft microfiber sheet set (king),,0,,,,5,1,1,40.97,40.97,,,2,2,0.013513513513513514,0.5
sheets queen size bed set mellanni,,0,,,,11,1,1,40.97,40.97,,,3,3,0.007653061224489796,0.3333333333333333
king breeze sheet set,,0,,,,3,1,1,40.97,40.97,,,1,1,0.005376344086021506,1.0
mellani king,,0,,,,2,1,1,40.97,40.97,42.97,-0.046544100535257156,2,2,0.025,0.5
melannie sheets,,0,,,,2,1,1,40.97,40.97,,,2,2,0.05,0.5
mellanni oeko tex sheets,,0,,,,2,1,1,40.97,40.97,,,1,1,0.022727272727272728,1.0
mellanni bedding microfiber sheet set queen,,0,,,,1,1,1,40.97,40.97,,,1,1,0.041666666666666664,1.0
white melanni sheets,,0,,,,1,1,1,40.97,40.97,,,1,1,0.05555555555555555,1.0
￼milani bedsheet set-1800,,0,,,,1,1,1,40.97,40.97,,,1,1,0.0625,1.0
white king sheet kuxury,,0,,,,1,1,1,40.97,40.97,,,1,1,0.045454545454545456,1.0
mellanni sheets king,,0,,,,41,1,1,40.97,40.97,40.15,0.02042341220423413,19,19,0.01424287856071964,0.05263157894736842
hotel king sheet set,,0,,,,17,1,1,40.97,40.97,,,11,1,0.002386634844868735,1.0
sheet sets twin,,0,,,,134,2,1,40.48,34.97,,,48,1,0.00022336385972749609,1.0
white linen bed sheets king,,0,,,,4,1,1,40.15,40.15,,,3,1,0.010309278350515464,1.0
milani sheets king size,,0,,,,43,1,1,40.15,40.15,25.49,0.5751275009807768,36,28,0.027833001988071572,0.03571428571428571
set of king sheets,,0,,,,16,1,1,40.15,40.15,,,7,1,0.0022727272727272726,1.0
queen white sheets soft,,0,,,,7,1,1,39.97,39.97,36.97,0.08114687584527996,5,2,0.012658227848101266,0.5
queen size sheet set mellanni,,0,,,,1,1,1,39.97,39.97,,,1,1,0.043478260869565216,1.0
mellanni queen sheet set beige,,0,,,,3,1,1,39.97,39.97,,,2,2,0.029411764705882353,0.5
melina sheets queen,,0,,,,1,1,1,39.97,39.97,,,1,1,0.016129032258064516,1.0
mellanni 4-piece iconic queen bedsheet set,,0,,,,5,1,1,39.97,39.97,,,3,3,0.01485148514851485,0.3333333333333333
black sheet set luxury,,0,,,,4,1,1,39.97,39.97,,,3,1,0.008403361344537815,1.0
queen pink sheets hotel colection,,0,,,,1,1,1,39.97,39.97,,,1,1,0.045454545454545456,1.0
queen sheet set mallanni,,0,,,,1,1,1,39.97,39.97,,,1,1,0.020833333333333332,1.0
sage green mellanni microfiber set,,0,,,,2,1,1,39.97,39.97,,,1,1,0.020833333333333332,1.0
queen size pillow top complete bedding,,0,,,,2,1,1,39.97,39.97,,,2,1,0.021739130434782608,1.0
stain resistant queen size sheets machine washable,,0,,,,2,1,1,39.97,39.97,,,2,1,0.025,1.0
￼queen size purple sheets,,0,,,,2,1,1,39.97,39.97,,,2,1,0.021739130434782608,1.0
queen sheet set not deep pocket,,0,,,,27,1,1,39.97,39.97,,,13,1,0.0013477088948787063,1.0
black queen sheet cooling,,0,,,,3,1,1,39.97,39.97,,,1,1,0.014285714285714285,1.0
queen navy blue sheets and pillow cases,,0,,,,1,1,1,39.97,39.97,,,1,1,0.041666666666666664,1.0
cooling materual gray queen set,,0,,,,1,1,1,39.97,39.97,,,1,1,0.041666666666666664,1.0
mellanni white sheet set queen,,0,,,,3,1,1,39.97,39.97,,,3,2,0.014925373134328358,0.5
sheet sets queen,,0,,,,175,1,1,39.97,39.97,,,62,2,0.0003956478733926805,0.5
b08rzfvs95,,0,,,,1,1,1,39.97,39.97,,,1,1,0.1111111111111111,1.0
coral queen sheet set,,0,,,,42,1,1,39.97,39.97,,,20,2,0.0015174506828528073,0.5
soft sheet set queen,,0,,,,19,1,1,39.97,39.97,,,13,3,0.005319148936170213,0.3333333333333333
bed sheets queen size yellow,,0,,,,18,1,1,39.97,39.97,,,6,1,0.001557632398753894,1.0
grey pillow shams,,0,,,,96,4,0,39.96,,,,50,4,0.0016813787305590584,0.0
navy bed skirt twin xl,,0,,,,26,2,1,39.94,19.97,,,19,3,0.0031446540880503146,0.3333333333333333
mellanni queen fitted sheet,,0,,,,11,2,2,39.94,39.94,,,9,9,0.04035874439461883,0.2222222222222222
queen bedskirt white,,0,,,,57,4,0,39.92,,,,32,1,0.0007288629737609329,0.0
bedsheets king,,0,,,,130,2,0,39.88,,,,40,1,0.00032393909944930353,0.0
dark purple sheets queen,,0,,,,116,2,1,39.6,39.97,26.99,0.4672100778065952,58,3,0.0011737089201877935,0.3333333333333333
navy blue flannel sheet,,0,,,,2,1,1,39.17,39.17,,,2,1,0.020833333333333332,1.0
black linen sheets queen deep,,0,,,,2,1,1,39.17,39.17,,,1,1,0.020833333333333332,1.0
dark purple bedding,,0,,,,725,1,0,38.99,,,,301,3,0.00016844469399213924,0.0
non pilling sheets,,0,,,,371,1,1,38.97,38.97,,,161,1,9.601536245799327e-05,1.0
sabana,,0,,,,735,3,0,38.97,,,,200,2,0.00010755001075500108,0.0
king sized bed sheets,,0,,,,115,2,1,37.98,40.97,,,39,1,0.0002842524161455372,1.0
full size pinstripe sheets,,0,,,,13,1,1,37.97,37.97,,,9,2,0.006622516556291391,0.5
full size bed sheets floral gray white,,0,,,,1,1,1,37.97,37.97,,,1,1,0.043478260869565216,1.0
rose pink sheets,,0,,,,96,1,1,37.97,37.97,,,43,2,0.0008485362749257531,0.5
mellanni full sheet set,,0,,,,19,1,1,37.97,37.97,71.94,-0.4721990547678621,22,21,0.03349282296650718,0.047619047619047616
best sheets full size designs,,0,,,,3,1,1,37.97,37.97,,,3,2,0.027777777777777776,0.5
full fitted sheet and pillows oatmeal color,,0,,,,1,1,1,37.97,37.97,,,1,1,0.041666666666666664,1.0
gray stripe sheets,,0,,,,19,1,1,37.97,37.97,,,11,1,0.002183406113537118,1.0
eucalyptus sheets pink full size,,0,,,,2,1,1,37.97,37.97,,,5,1,0.020833333333333332,1.0
beige khaki bed sheet full,,0,,,,2,1,1,37.97,37.97,,,1,1,0.020833333333333332,1.0
mellani extra full sheet,,0,,,,1,1,1,37.97,37.97,,,1,1,0.041666666666666664,1.0
mellanni twin xl sheets,,0,,,,16,1,1,37.97,37.97,,,9,9,0.02,0.1111111111111111
full xl sheets pinstripe,,0,,,,12,1,1,37.97,37.97,,,7,1,0.0024875621890547263,1.0
aqua teal sheets full,,0,,,,7,1,1,37.97,37.97,,,3,1,0.007936507936507936,1.0
striped bedsheets full,,0,,,,17,1,1,37.97,37.97,,,3,1,0.0026041666666666665,1.0
blush sheetsfull deep,,0,,,,4,1,1,37.97,37.97,,,2,1,0.004032258064516129,1.0
tan full sized ned sheets,,0,,,,2,1,1,37.97,37.97,,,2,2,0.05,0.5
ivory sheet set full hotel collection,,0,,,,2,1,1,37.97,37.97,,,2,1,0.020833333333333332,1.0
bed sheets plum full size,,0,,,,2,1,1,37.97,37.97,,,2,1,0.008620689655172414,1.0
gray striped full sheets,,0,,,,2,1,1,37.97,37.97,,,1,1,0.025,1.0
blush pink sheets fullsize,,0,,,,2,1,1,37.97,37.97,,,2,1,0.020833333333333332,1.0
full sheet set hray pattern,,0,,,,2,1,1,37.97,37.97,,,1,1,0.022727272727272728,1.0
sheets full size soft cool pattern,,0,,,,2,1,1,37.97,37.97,,,1,1,0.021739130434782608,1.0
full size bed sheets light gray color,,0,,,,2,1,1,37.97,37.97,,,1,1,0.025,1.0
full size gray & white striped sheet set,,0,,,,2,1,1,37.97,37.97,,,2,1,0.020833333333333332,1.0
mellanni pillow sham cases,,0,,,,1,1,1,37.97,37.97,,,1,1,0.016129032258064516,1.0
grey striped full sheets,,0,,,,1,1,1,37.97,37.97,,,1,1,0.017241379310344827,1.0
full sized very light pink sheets,,0,,,,1,1,1,37.97,37.97,,,1,1,0.05,1.0
twin xl sheets light turquoise,,0,,,,1,1,1,37.97,37.97,,,1,1,0.016666666666666666,1.0
patterned double sheet set,,0,,,,1,1,1,37.97,37.97,,,1,1,0.043478260869565216,1.0
full plus 100% cotton sheets,,0,,,,1,1,1,37.97,37.97,,,1,1,0.05,1.0
light brown queen sheet set,,0,,,,62,2,0,37.96,,,,31,1,0.0005524861878453039,0.0
juego de sabanas,,0,,,,532,3,0,37.14,,,,170,2,0.0001310272536687631,0.0
soft sheets white queen,,0,,,,1,1,1,36.97,36.97,,,1,1,0.047619047619047616,1.0
bright white (queen/standard),,0,,,,4,1,1,36.97,36.97,,,2,1,0.012345679012345678,1.0
queen sheets high quality,,0,,,,35,1,1,36.97,36.97,,,15,2,0.0021390374331550803,0.5
mellanni iconic collection sheet set,,0,,,,84,1,1,36.97,36.97,36.97,0.0,45,42,0.01696969696969697,0.023809523809523808
melania sheets,,0,,,,24,1,1,36.97,36.97,36.97,0.0,14,13,0.02495201535508637,0.07692307692307693
hotel sheets queen size bed,,0,,,,1,1,1,36.97,36.97,,,1,1,0.016666666666666666,1.0
hotel sheets 100% cotton,,0,,,,9,1,1,36.97,36.97,,,1,1,0.004484304932735426,1.0
mellanni queen sheets set,,0,,,,7,1,1,36.97,36.97,36.97,0.0,6,6,0.03314917127071823,0.16666666666666666
queen aheet sets,,0,,,,6,1,1,36.97,36.97,,,2,2,0.015625,0.5
melania sheets queen,,0,,,,5,1,1,36.97,36.97,,,3,3,0.02857142857142857,0.3333333333333333
queen bed sheet white stripes,,0,,,,5,1,1,36.97,36.97,,,1,1,0.003875968992248062,1.0
soft queen sheets white,,0,,,,4,1,1,36.97,36.97,,,3,1,0.010526315789473684,1.0
cotten colling sheets,,0,,,,1,1,1,36.97,36.97,,,1,1,0.016129032258064516,1.0
white sheet sets wueen,,0,,,,3,1,1,36.97,36.97,,,1,1,0.016666666666666666,1.0
sheets queen size bed set overnight delivery,,0,,,,4,1,1,36.97,36.97,,,2,1,0.017857142857142856,1.0
best white queen sheet set,,0,,,,2,1,1,36.97,36.97,,,2,2,0.041666666666666664,0.5
wrinkle free queen white sheets,,0,,,,2,1,1,36.97,36.97,,,2,2,0.03333333333333333,0.5
white queen suze sheets,,0,,,,2,1,1,36.97,36.97,,,1,1,0.011627906976744186,1.0
queen sheets set mellanni iconic collection,,0,,,,1,1,1,36.97,36.97,,,1,1,0.041666666666666664,1.0
mellani queen fitted shet,,0,,,,1,1,1,36.97,36.97,,,1,1,0.016666666666666666,1.0
millani queen sheets,,0,,,,1,1,1,36.97,36.97,,,1,1,0.05,1.0
melanie sheets queen,,0,,,,21,1,1,36.97,36.97,36.97,0.0,16,16,0.038929440389294405,0.0625
melani queen sheets,,0,,,,1,1,1,36.97,36.97,,,1,1,0.05,1.0
queen mallani sheets,,0,,,,1,1,1,36.97,36.97,,,1,1,0.047619047619047616,1.0
￼white queen bed sheets,,0,,,,1,1,1,36.97,36.97,,,1,1,0.041666666666666664,1.0
white queen sheets eczema,,0,,,,1,1,1,36.97,36.97,,,1,1,0.041666666666666664,1.0
best seller queen bedsheets,,0,,,,1,1,1,36.97,36.97,,,1,1,0.043478260869565216,1.0
srinkle free queen qhite sheets,,0,,,,1,1,1,36.97,36.97,,,1,1,0.016129032258064516,1.0
queunn sheets,,0,,,,1,1,1,36.97,36.97,,,1,1,0.043478260869565216,1.0
white fitted sheet queen set,,0,,,,3,1,1,36.97,36.97,,,2,1,0.005681818181818182,1.0
good wuality sheets queen,,0,,,,1,1,1,36.97,36.97,,,1,1,0.041666666666666664,1.0
vevor bed sheet,,0,,,,1,1,1,36.97,36.97,,,1,1,0.07142857142857142,1.0
200 count sheets queen,,0,,,,2,1,1,36.97,36.97,,,2,1,0.020833333333333332,1.0
best queen size sheets,,0,,,,37,1,1,36.97,36.97,,,13,1,0.0009881422924901185,1.0
queen bed sheets hotel quality,,0,,,,17,1,1,36.97,36.97,,,10,1,0.0024937655860349127,1.0
"queen mattress sheets 12""",,0,,,,2,1,1,36.23,36.23,,,2,1,0.020833333333333332,1.0
juego sábanas queen,,0,,,,103,2,0,35.98,,,,36,1,0.00045330915684496827,0.0
white sheet full set,,0,,,,5,1,1,35.97,35.97,35.97,0.0,3,1,0.010416666666666666,1.0
full size white sherts,,0,,,,2,1,1,35.97,35.97,,,2,1,0.023255813953488372,1.0
twin xl bedsheets,,0,,,,777,3,0,35.97,,,,325,2,7.312346897736829e-05,0.0
full sized sheet set,,0,,,,64,1,1,35.97,35.97,,,22,1,0.0005246589716684155,1.0
100% cotton sheets full bed,,0,,,,21,1,1,35.97,35.97,,,11,1,0.0016666666666666668,1.0
double size aheets,,0,,,,2,1,1,35.97,35.97,,,1,1,0.022727272727272728,1.0
full size sheets cooling fitted,,0,,,,5,1,1,35.97,35.97,,,2,1,0.006666666666666667,1.0
full soft sheets,,0,,,,11,1,1,35.97,35.97,,,7,1,0.004081632653061225,1.0
hotel collection full size sheet set,,0,,,,8,1,1,35.97,35.97,,,5,1,0.006666666666666667,1.0
hotel bed sheets full size,,0,,,,18,1,1,35.97,35.97,,,6,2,0.0022197558268590455,0.5
mellanni full white sheet set,,0,,,,4,1,1,35.97,35.97,,,2,2,0.023255813953488372,0.5
mellanni full sheets set,,0,,,,3,1,1,35.97,35.97,35.97,0.0,2,2,0.0196078431372549,0.5
mellanni full size sheet,,0,,,,2,1,1,35.97,35.97,,,1,1,0.025,1.0
full bed sheets white bamboo,,0,,,,2,1,1,35.97,35.97,,,1,1,0.020833333333333332,1.0
full mattess sheets,,0,,,,2,1,1,35.97,35.97,,,2,1,0.020833333333333332,1.0
full sheets for bunk beds,,0,,,,1,1,1,35.97,35.97,,,1,1,0.03333333333333333,1.0
mellanni sheets full,,0,,,,21,1,1,35.97,35.97,,,10,10,0.022172949002217297,0.1
white full sheets soft cooling,,0,,,,1,1,1,35.97,35.97,,,1,1,0.05,1.0
hotel luxury sheets white full,,0,,,,1,1,1,35.97,35.97,,,1,1,0.041666666666666664,1.0
sheets 1000 to 1500 count full sheets,,0,,,,1,1,1,35.97,35.97,,,1,1,0.041666666666666664,1.0
full bed white sheet set,,0,,,,1,1,1,35.97,35.97,,,1,1,0.05,1.0
milani sheets full,,0,,,,16,1,1,35.97,35.97,,,8,6,0.01327433628318584,0.16666666666666666
white sheets full set,,0,,,,32,1,1,35.97,35.97,,,12,1,0.0014947683109118087,1.0
gold king pillow cases,,0,,,,14,2,2,35.94,35.94,,,3,2,0.005988023952095809,1.0
white striped sheets,,0,,,,80,2,0,35.48,,,,45,1,0.000445632798573975,0.0
white sheets set full,,0,,,,9,1,1,35.25,35.25,19.78,0.7821031344792719,4,1,0.0032258064516129032,1.0
fullbed sheets white,,0,,,,1,1,1,35.25,35.25,,,1,1,0.041666666666666664,1.0
hotel style sheets,,0,,,,602,1,0,34.99,,99.96,-0.6499599839935974,216,1,5.867855885459453e-05,0.0
faux rabbit fur duvet cover king,,0,,,,18,1,1,34.98,34.98,,,14,1,0.0024875621890547263,1.0
twin sheet set solft,,0,,,,1,1,1,34.97,34.97,,,1,1,0.016129032258064516,1.0
white rv queen mattress sheet,,0,,,,1,1,1,34.97,34.97,,,1,1,0.043478260869565216,1.0
twin xl sheets pinstripe,,0,,,,19,1,1,34.97,34.97,,,15,2,0.0031397174254317113,0.5
sheets for twin bed white milalin,,0,,,,2,1,1,34.97,34.97,,,2,1,0.020833333333333332,1.0
mellanni extra long twin sheets,,0,,,,1,1,1,34.97,34.97,,,2,2,0.09090909090909091,0.5
good bed sheets for sleep,,0,,,,5,1,1,34.97,34.97,,,2,1,0.009900990099009901,1.0
lands end twin xl sheet set,,0,,,,1,1,1,34.97,34.97,,,1,1,0.05,1.0
twin jersey sheet set yellow,,0,,,,1,1,1,34.97,34.97,,,1,1,0.017241379310344827,1.0
mellani camper sherts,,0,,,,1,1,1,34.97,34.97,,,1,1,0.045454545454545456,1.0
mellanni twin xl sheets white,,0,,,,1,1,1,34.97,34.97,,,1,1,0.045454545454545456,1.0
mellanni queen duvet cover,,0,,,,10,1,1,34.97,34.97,34.97,0.0,10,8,0.03361344537815126,0.125
mellanni bedsheets twin xl￼,,0,,,,1,1,1,34.97,34.97,,,1,1,0.045454545454545456,1.0
mellanni duvet cover queen,,0,,,,25,1,1,34.97,34.97,,,20,18,0.02187120291616039,0.05555555555555555
mellanni iconic 3-piece ultra soft sheet set,,0,,,,2,1,1,34.97,34.97,,,2,2,0.047619047619047616,0.5
twin xl sheets pin striped grey cotton,,0,,,,7,1,1,34.97,34.97,,,7,1,0.0024630541871921183,1.0
melanie twin sheets,,0,,,,5,1,1,34.97,34.97,,,4,4,0.0392156862745098,0.25
quality twin sheets hunter,,0,,,,3,1,1,34.97,34.97,,,1,1,0.014285714285714285,1.0
melannia twin,,0,,,,1,1,1,34.97,34.97,,,1,1,0.05,1.0
mellanni twin bed sheet set,,0,,,,2,1,1,34.97,34.97,,,2,1,0.011363636363636364,1.0
millani sheets twin xl,,0,,,,1,1,1,34.97,34.97,,,1,1,0.016129032258064516,1.0
mellani sheets twin xl,,0,,,,1,1,1,34.97,34.97,37.97,-0.07900974453515934,1,1,0.030303030303030304,1.0
luxury pillow cases,,0,,,,266,1,0,34.95,,59.96,-0.41711140760507,79,2,0.00017459624618070712,0.0
plum sheets queen,,0,,,,164,1,0,34.95,,76.38,-0.54241948153967,80,2,0.0005380683346785041,0.0
amazon basics sheets,,0,,,,936,2,0,33.96,,151.9,-0.7764318630678078,502,1,3.5020136578532657e-05,0.0
wueen sheets white,,0,,,,6,2,1,33.96,36.97,,,3,1,0.008403361344537815,1.0
queen bed shirt white,,0,,,,11,2,1,33.96,20.97,,,7,1,0.002325581395348837,1.0
thin striped sheets,,0,,,,70,1,0,33.24,,,,42,2,0.001176470588235294,0.0
mellanni full duvet,,0,,,,1,1,1,32.97,32.97,,,1,1,0.017241379310344827,1.0
white sheet set for twin xl,,0,,,,2,2,1,32.54,34.97,,,2,1,0.011764705882352941,1.0
queen linen,,0,,,,33,2,1,31.98,36.23,,,16,1,0.0012484394506866417,1.0
lencol queen,,0,,,,181,2,0,31.98,,,,64,1,0.00023940627244433804,0.0
sheet queen set,,0,,,,22,2,0,31.98,,,,12,4,0.0065040650406504065,0.0
queen fitted and top sheet,,0,,,,5,2,1,31.98,36.97,,,2,1,0.010101010101010102,1.0
terra cotta bedsheets short queen,,0,,,,16,1,0,30.1,,,,13,3,0.0078125,0.0
cooling flat sheet,,0,,,,283,1,0,30.0,,63.96,-0.5309568480300187,132,8,0.0010891763104152485,0.0
bed skirt for adjustable bed base,,0,,,,298,2,0,29.98,,,,178,4,0.0004596644449551827,0.0
king size pillow shams blue,,0,,,,16,2,1,29.94,14.97,29.94,0.0,10,1,0.0019230769230769232,1.0
light blue striped sheets,,0,,,,427,2,0,29.94,,135.96,-0.7797881729920565,221,5,0.00041625041625041625,0.0
king size blue pillow shams,,0,,,,13,2,1,29.94,14.97,,,9,1,0.0025974025974025974,1.0
coral bed sheets,,0,,,,60,2,0,29.94,,,,29,2,0.0012224938875305623,0.0
full size mattress bed sheets,,0,,,,91,2,1,29.9,35.97,,,35,1,0.0003663003663003663,1.0
full aheets,,0,,,,31,2,1,29.9,35.97,,,10,1,0.001402524544179523,1.0
twin xl white sheet set,,0,,,,63,2,0,29.28,,130.56,-0.7757352941176471,27,3,0.0012836970474967907,0.0
full double sheet set,,0,,,,4,2,1,28.48,35.97,,,3,1,0.013157894736842105,1.0
gold pillow case,,0,,,,122,3,1,28.44,17.97,,,55,1,0.00036036036036036037,1.0
tan sheets full,,0,,,,98,2,0,28.0,,,,45,1,0.00041981528127623844,0.0
lilac king sheets,,0,,,,47,1,0,27.99,,,,25,3,0.002926829268292683,0.0
ivory sheets full,,0,,,,91,2,0,27.88,,,,37,2,0.0009267840593141798,0.0
mellani pillo casr,,0,,,,1,1,1,27.0,27.0,,,1,1,0.05,1.0
mellanni standard/queen pillow cases,,0,,,,3,1,1,27.0,27.0,,,2,2,0.027777777777777776,0.5
mellanni standard pillow cases set of 4,,0,,,,4,1,1,27.0,27.0,,,3,3,0.015151515151515152,0.3333333333333333
mellanni standard white pillow cases,,0,,,,4,1,1,27.0,27.0,,,1,1,0.004032258064516129,1.0
full xl pink sheets,,0,,,,112,1,0,26.89,,,,69,1,0.00029239766081871346,0.0
queen mellani pillow case,,0,,,,1,1,1,26.46,26.46,,,1,1,0.041666666666666664,1.0
15 inch drop bed skirt queen,,0,,,,18,1,0,25.99,,,,10,1,0.002824858757062147,0.0
slate blue pillow shams,,0,,,,43,1,0,25.99,,,,22,3,0.0022641509433962265,0.0
mellani king gitted sheet oeko tex,,0,,,,1,1,1,25.97,25.97,,,1,1,0.041666666666666664,1.0
￼melania king fitted sheet white,,0,,,,1,1,1,25.97,25.97,,,1,1,0.045454545454545456,1.0
mellanni extra deep pocket king fitted sheet,,0,,,,2,1,1,25.97,25.97,,,2,2,0.023529411764705882,0.5
king extra deep pocket fitted sheets 18-24 inch,,0,,,,26,1,1,25.97,25.97,,,10,2,0.002677376171352075,0.5
￼elements king deep fitted sheet,,0,,,,6,1,1,25.97,25.97,,,3,1,0.006944444444444444,1.0
white tailored bed skirt queen,,0,,,,41,2,0,25.94,,,,25,2,0.0018779342723004694,0.0
king bed sheets gray,,0,,,,13,1,0,25.49,,,,11,2,0.006514657980456026,0.0
dark purple queen sheet set,,0,,,,47,1,0,25.47,,50.94,-0.5,24,1,0.0009000900090009,0.0
plum king sheets,,0,,,,66,1,0,25.0,,,,34,4,0.0022766078542970974,0.0
king size bed sheets paisley,,0,,,,8,1,0,24.99,,,,9,3,0.011152416356877323,0.0
paisley sheets,,0,,,,891,1,0,24.99,,24.99,0.0,501,9,0.00034570177460244297,0.0
sheets for a double bed,,0,,,,25,1,0,24.64,,,,8,1,0.0011376564277588168,0.0
gray striped sheets,,0,,,,139,1,0,24.49,,119.91,-0.7957634892836294,116,6,0.0015727391874180866,0.0
tan sheet set king,,0,,,,21,1,0,23.99,,,,9,1,0.002320185614849188,0.0
soft king pillow cases,,0,,,,36,1,0,23.99,,,,18,1,0.0012674271229404308,0.0
cotton king bedskirt,,0,,,,25,1,0,23.98,,,,35,5,0.009541984732824428,0.0
white twin size bed sheets,,0,,,,24,2,0,23.36,,,,8,2,0.0026595744680851063,0.0
grey shams,,0,,,,32,1,0,22.98,,,,14,1,0.0010204081632653062,0.0
king denim blue dust ruffle,,0,,,,9,1,1,22.97,22.97,,,9,1,0.005555555555555556,1.0
dusty blue bed skirt,,0,,,,87,1,1,22.97,22.97,,,66,5,0.0022512381809995496,0.2
bedding skirts,,0,,,,18,1,1,22.97,22.97,,,14,1,0.0014388489208633094,1.0
navy blue california king bed skirt,,0,,,,5,1,1,22.97,22.97,31.48,-0.2703303684879289,2,2,0.015503875968992248,0.5
beige cal king bed skirt,,0,,,,14,1,1,22.97,22.97,,,10,1,0.0038910505836575876,1.0
wrinkle resistant bed skirt king white,,0,,,,12,1,1,22.97,22.97,,,4,1,0.004424778761061947,1.0
wrinkle free white bed skit king,,0,,,,6,1,1,22.97,22.97,,,6,1,0.007246376811594203,1.0
faldade cama para king,,0,,,,11,1,1,22.97,22.97,,,13,1,0.00411522633744856,1.0
bed skirt for tempurpedic base king,,0,,,,1,1,1,22.97,22.97,,,1,1,0.017241379310344827,1.0
royal blue bed skirt king,,0,,,,4,1,1,22.97,22.97,22.97,0.0,4,1,0.011904761904761904,1.0
cal king bedskirt navy,,0,,,,2,1,1,22.97,22.97,,,1,1,0.008064516129032258,1.0
beige bed shurt for cal king,,0,,,,2,1,1,22.97,22.97,,,2,1,0.020833333333333332,1.0
wrap around bed skirt blue grey,,0,,,,1,1,1,22.97,22.97,,,1,1,0.041666666666666664,1.0
california king navy dust ruffle,,0,,,,1,1,1,22.97,22.97,,,1,1,0.030303030303030304,1.0
king size tide pool blue dust ruffle,,0,,,,1,1,1,22.97,22.97,,,1,1,0.030303030303030304,1.0
meillani king fitted sheet,,0,,,,1,1,1,21.97,21.97,,,1,1,0.05,1.0
mellanni iconic fitted sheet,,0,,,,1,1,1,21.97,21.97,,,1,1,0.05,1.0
mellanni king size fitted sheets,,0,,,,1,1,1,21.97,21.97,,,1,1,0.017241379310344827,1.0
royal blue deep pocket fitted sheets,,0,,,,1,1,1,21.97,21.97,,,1,1,0.05,1.0
twin xl deep pocket extra mellani fitted sheet,,0,,,,1,1,1,21.97,21.97,,,1,1,0.030303030303030304,1.0
gold sheets full,,0,,,,52,1,0,21.56,,,,29,1,0.0008340283569641367,0.0
15.5 inch bed skirt,,0,,,,3,1,1,20.97,20.97,,,2,1,0.011111111111111112,1.0
queen white microfiber bed skirt,,0,,,,4,1,1,20.97,20.97,,,6,1,0.010416666666666666,1.0
white elastic bed skirts,,0,,,,1,1,1,20.97,20.97,,,1,1,0.041666666666666664,1.0
cotton bedskirt,,0,,,,94,1,1,20.97,20.97,,,41,2,0.0009592326139088729,0.5
15 inch white bed skirt,,0,,,,12,1,1,20.97,20.97,20.97,0.0,4,2,0.004597701149425287,0.5
queen size white bed skirt 15 inch drop,,0,,,,10,1,1,20.97,20.97,,,5,1,0.0034482758620689655,1.0
top quality and rate of a white color queen size bed skirt,,0,,,,4,1,1,20.97,20.97,,,3,1,0.011363636363636364,1.0
mellanni bed skirt,,0,,,,8,1,1,20.97,20.97,,,4,4,0.025157232704402517,0.25
15in drop bedskirt,,0,,,,5,1,1,20.97,20.97,,,4,2,0.012987012987012988,0.5
white pleated queen bedskirt,,0,,,,4,1,1,20.97,20.97,,,2,1,0.010638297872340425,1.0
tailored queen linen bedskirt 15 inch drop,,0,,,,4,1,1,20.97,20.97,,,4,1,0.010869565217391304,1.0
queen size hotel white bed skirt,,0,,,,3,1,1,20.97,20.97,,,1,1,0.013888888888888888,1.0
deep red queen bedskirt,,0,,,,3,1,1,20.97,20.97,,,4,1,0.005376344086021506,1.0
thick queen bed skit,,0,,,,3,1,1,20.97,20.97,,,1,1,0.015151515151515152,1.0
mellanni fitted sheet only,,0,,,,9,1,1,20.97,20.97,25.97,-0.19252984212552945,6,6,0.022727272727272728,0.16666666666666666
"pleated queen size 15"" drop bed skirt",,0,,,,2,1,1,20.97,20.97,,,1,1,0.008620689655172414,1.0
"queen pleated box springs dust 15""",,0,,,,2,1,1,20.97,20.97,,,2,1,0.02631578947368421,1.0
cotton queen bed skirt 14 inch drop heavy,,0,,,,2,1,1,20.97,20.97,,,1,1,0.024390243902439025,1.0
bedskirt white quren 15,,0,,,,1,1,1,20.97,20.97,,,1,1,0.043478260869565216,1.0
bed skirting queen size sage 15,,0,,,,1,1,1,20.97,20.97,,,1,1,0.05,1.0
queen heavy weight bedskirt white,,0,,,,1,1,1,20.97,20.97,,,1,1,0.045454545454545456,1.0
gray queen size bed skirt wrap around non pleated,,0,,,,1,1,1,20.97,20.97,,,1,1,0.041666666666666664,1.0
"mellanni bed skirt queen size - tailored drop bed skirting 15-inch pleated dust ruffle - hotel luxury bedding - wrinkle, fade, stain resistant - 1 bedskirt (queen,",,0,,,,1,1,1,20.97,20.97,,,1,1,0.058823529411764705,1.0
queen size bed skirt 15 inch drop white,,0,,,,1,1,1,20.97,20.97,,,1,1,0.047619047619047616,1.0
queen pleated bedskirt 15 inch drop,,0,,,,1,1,1,20.97,20.97,,,1,1,0.05263157894736842,1.0
coral twin sheets,,0,,,,43,1,0,20.5,,,,24,1,0.0009970089730807576,0.0
pillow sham covers standard size,,0,,,,51,1,0,20.39,,,,37,2,0.0016849199663016006,0.0
white sheets set,,0,,,,55,1,0,20.15,,,,28,1,0.0007782101167315176,0.0
grey striped sheets,,0,,,,213,1,0,19.99,,56.08,-0.6435449358059915,109,4,0.000749063670411985,0.0
standard size pillow shams,,0,,,,324,2,0,19.98,,,,166,1,0.00012165450121654502,0.0
navy bed skirt full,,0,,,,44,2,1,19.98,19.97,,,26,1,0.0010940919037199124,1.0
king flat sheet cooling,,0,,,,14,1,1,19.97,19.97,,,9,2,0.0078125,0.5
cotton double bed skirt,,0,,,,3,1,1,19.97,19.97,,,4,1,0.018867924528301886,1.0
moisture wicking flat sheet,,0,,,,4,1,1,19.97,19.97,,,1,1,0.03225806451612903,1.0
pink queen size sheets fitted sheets and pullow casesmelani,,0,,,,2,1,1,19.97,19.97,,,2,2,0.041666666666666664,0.5
mellani fitted sheet,,0,,,,9,1,1,19.97,19.97,,,5,5,0.013774104683195593,0.2
beige bed skirts,,0,,,,9,1,1,19.97,19.97,,,4,1,0.003003003003003003,1.0
twin xl bedskirt black,,0,,,,16,1,1,19.97,19.97,,,15,2,0.005277044854881266,0.5
bed skirt full bed girl toom,,0,,,,3,1,1,19.97,19.97,,,3,1,0.015151515151515152,1.0
navy blue twin xl bedskirt,,0,,,,8,1,1,19.97,19.97,,,3,2,0.010416666666666666,0.5
mellanni fitted sheets,,0,,,,5,1,1,19.97,19.97,,,5,5,0.025510204081632654,0.2
"blue hydranga, king size flat sheet",,0,,,,4,1,1,19.97,19.97,,,4,1,0.010416666666666666,1.0
dust riffle full grey,,0,,,,4,1,1,19.97,19.97,,,4,1,0.010869565217391304,1.0
scalloped bed skirt full,,0,,,,51,1,1,19.97,19.97,,,26,2,0.0016515276630883566,0.5
"14"" drop full size bed skirt",,0,,,,12,1,1,19.97,19.97,,,8,1,0.0013568521031207597,1.0
blue hydrangea fitted queen sheet,,0,,,,1,1,1,19.97,19.97,,,1,1,0.03333333333333333,1.0
california king black flat sheet 100% cotton matte soft,,0,,,,1,1,1,19.97,19.97,,,1,1,0.041666666666666664,1.0
dorm bed skirt long pleat blur,,0,,,,1,1,1,19.97,19.97,,,1,1,0.05,1.0
100% cotton sateen. 300 thread count. 14.5” drop length. bed skirt,,0,,,,1,1,1,19.97,19.97,,,1,1,0.030303030303030304,1.0
king size cotton sheet black,,0,,,,1,1,1,19.97,19.97,,,1,1,0.043478260869565216,1.0
mellanni sheets twin,,0,,,,15,1,0,19.54,,104.91,-0.8137451148603566,9,8,0.011695906432748537,0.0
king blue sheet set,,0,,,,16,1,0,18.99,,,,4,2,0.005865102639296188,0.0
beige king size pillow shams,,0,,,,21,2,1,18.98,14.97,,,15,1,0.001953125,1.0
fitted sheet twin light coral,,0,,,,1,1,1,18.97,18.97,,,1,1,0.043478260869565216,1.0
ivory stain resistant twin fitted sheets,,0,,,,1,1,1,18.97,18.97,,,1,1,0.017241379310344827,1.0
melania sheets full fitted,,0,,,,1,1,1,18.97,18.97,,,1,1,0.045454545454545456,1.0
mellanni twin xl fitted,,0,,,,2,1,1,18.97,18.97,,,1,1,0.015151515151515152,1.0
mellani queen top sheet,,0,,,,3,1,1,18.97,18.97,,,3,3,0.03571428571428571,0.3333333333333333
mellanni queen sheet flat beige,,0,,,,1,1,1,18.97,18.97,,,1,1,0.043478260869565216,1.0
mellanni queen flat sheet,,0,,,,6,1,1,18.97,18.97,,,3,2,0.02,0.5
mellanni 1 flat sheet double,,0,,,,3,1,1,18.97,18.97,,,4,4,0.057971014492753624,0.25
mellanni full size fitted sheet,,0,,,,2,1,1,18.97,18.97,,,2,2,0.05,0.5
juego de sábanas blancas queen,,0,,,,28,1,0,17.99,,,,15,2,0.003527336860670194,0.0
mellanni twin xl fitted sheet,,0,,,,9,1,0,17.99,,,,7,6,0.017241379310344827,0.0
mellanni king pillow cases 2 pack,,0,,,,10,1,1,17.97,17.97,17.97,0.0,9,8,0.03137254901960784,0.125
luxclub pillowcase medallion gold,,0,,,,8,1,1,17.97,17.97,,,4,1,0.005405405405405406,1.0
mellani pillow cases,,0,,,,11,1,1,17.97,17.97,81.0,-0.7781481481481481,5,5,0.018726591760299626,0.2
funda de almohada roja,,0,,,,5,1,1,17.97,17.97,,,4,2,0.018867924528301886,0.5
envelope beige pillow cases,,0,,,,6,1,1,17.97,17.97,,,5,2,0.013986013986013986,0.5
mellanni iconic collection in navy blue pillow case,,0,,,,3,1,1,17.97,17.97,,,3,3,0.017241379310344827,0.3333333333333333
mellanni king pillowcase light gray,,0,,,,4,1,1,17.97,17.97,,,1,1,0.0125,1.0
mellanni standard pillow cases,,0,,,,3,1,1,17.97,17.97,,,3,3,0.045454545454545456,0.3333333333333333
melanie i king pillow case,,0,,,,2,1,1,17.97,17.97,,,1,1,0.025,1.0
brick pillow case,,0,,,,3,1,1,17.97,17.97,,,1,1,0.015151515151515152,1.0
king pillow cases cool,,0,,,,3,1,1,17.97,17.97,,,2,1,0.01020408163265306,1.0
soft king size pillowcases,,0,,,,3,1,1,17.97,17.97,,,2,1,0.012987012987012988,1.0
mellanni king pillow cases beige,,0,,,,2,1,1,17.97,17.97,,,2,2,0.017241379310344827,0.5
mellanni beige pullow cases,,0,,,,2,1,1,17.97,17.97,,,2,2,0.047619047619047616,0.5
mellanni burgundy pillowcase,,0,,,,2,1,1,17.97,17.97,,,2,1,0.021739130434782608,1.0
cooling pillow cases green,,0,,,,13,1,1,17.97,17.97,,,3,1,0.0035087719298245615,1.0
medallion gold king pillow case,,0,,,,2,1,1,17.97,17.97,,,1,1,0.025,1.0
melanni pillowcases,,0,,,,1,1,1,17.97,17.97,,,1,1,0.016666666666666666,1.0
mellanni iconic microfiber full,,0,,,,1,1,1,17.97,17.97,,,1,1,0.05263157894736842,1.0
mellani queen standard pillow case white,,0,,,,1,1,1,17.97,17.97,,,1,1,0.01694915254237288,1.0
mellanni queen pillow cases 2,,0,,,,3,1,1,17.97,17.97,,,1,1,0.015873015873015872,1.0
mellanni iconic queen pillow cases,,0,,,,1,1,1,17.97,17.97,,,1,1,0.05555555555555555,1.0
mellanni standard pillowcases,,0,,,,1,1,1,17.97,17.97,,,1,1,0.05555555555555555,1.0
"mellanni | hotel luxury, extra soft, cooling pillow cases - wrinkle, fade, stain resistant (queen, white)",,0,,,,1,1,1,17.97,17.97,,,1,1,0.03333333333333333,1.0
mellanni king pillow case gold,,0,,,,1,1,1,17.97,17.97,,,1,1,0.041666666666666664,1.0
mellanni iconic pillowcases,,0,,,,4,1,1,17.97,17.97,,,4,4,0.05555555555555555,0.25
mellanni king pillowcases,,0,,,,1,1,1,17.97,17.97,,,1,1,0.05555555555555555,1.0
mellanni king pillowcases heather gray,,0,,,,1,1,1,17.97,17.97,,,1,1,0.041666666666666664,1.0
queen standard pillowcase gray wrinkle free,,0,,,,6,1,1,17.97,17.97,,,4,2,0.013986013986013986,0.5
mellani pillow case,,0,,,,1,1,1,17.97,17.97,27.0,-0.3344444444444445,1,1,0.05555555555555555,1.0
milani pillow cases king,,0,,,,1,1,1,17.97,17.97,,,1,1,0.047619047619047616,1.0
white pillowcase 20 x 36,,0,,,,1,1,1,17.97,17.97,,,1,1,0.047619047619047616,1.0
mellanni king pillow cases,,0,,,,19,1,1,17.97,17.97,17.97,0.0,12,10,0.022935779816513763,0.1
king pillow cases set of 2 green,,0,,,,19,1,1,17.97,17.97,,,7,1,0.001763668430335097,1.0
aqua no iron pillow cases,,0,,,,3,1,1,17.97,17.97,,,3,1,0.017241379310344827,1.0
blackout flat sheets,,0,,,,6,1,1,17.97,17.97,,,10,1,0.00641025641025641,1.0
dusty blue pillow cases standard super soft,,0,,,,5,1,1,17.97,17.97,,,3,1,0.008403361344537815,1.0
gold pillow case for king pillow,,0,,,,3,1,1,17.97,17.97,,,2,1,0.005376344086021506,1.0
mallemi sheets,,0,,,,1,1,1,17.61,17.61,,,1,1,0.1,1.0
light gray pillow shams,,0,,,,79,2,0,16.98,,,,32,4,0.002326934264107039,0.0
breathable sheets,,0,,,,385,1,0,16.98,,,,157,2,0.000182882223847842,0.0
coral twin xl sheets,,0,,,,16,1,0,16.97,,43.18,-0.6069939786938398,16,3,0.005253940455341506,0.0
sheets king bed,,0,,,,59,1,0,16.96,,40.97,-0.5860385648035147,24,1,0.0006112469437652812,0.0
flannel fitted sheet,,0,,,,300,1,0,16.15,,29.46,-0.45179904955872374,167,2,0.00022951572182694515,0.0
sheets for double bed,,0,,,,77,1,0,16.12,,,,34,6,0.0023781212841854932,0.0
magic skirt wrap around bed skirt,,0,,,,60,1,0,16.11,,,,29,3,0.001978891820580475,0.0
queen sherts,,0,,,,75,1,0,15.99,,,,28,1,0.000628140703517588,0.0
purple twin sheet flat cotton,,0,,,,1,1,1,15.97,15.97,,,1,1,0.041666666666666664,1.0
white bed sheet set,,0,,,,94,1,0,15.49,,,,47,5,0.0023820867079561697,0.0
white sheets set king,,0,,,,27,1,0,15.29,,,,15,3,0.004966887417218543,0.0
king size hotel sheets,,0,,,,46,1,0,15.0,,50.98,-0.705766967438211,29,4,0.0032441200324412004,0.0
white bedsheet,,0,,,,126,2,0,14.979999999999999,,,,39,1,0.00032605151613955004,0.0
pillow shams light beige,,0,,,,1,1,1,14.97,14.97,,,1,1,0.043478260869565216,1.0
beige pillow sham set,,0,,,,9,1,1,14.97,14.97,,,8,2,0.009852216748768473,0.5
solid blue pillow shams,,0,,,,5,1,1,14.97,14.97,,,8,1,0.005434782608695652,1.0
mellani body pillow cover,,0,,,,1,1,1,14.97,14.97,,,1,1,0.043478260869565216,1.0
pinstripe bed sheets,,0,,,,190,1,0,14.97,,,,91,1,0.0001884303749764462,0.0
cozy bliss light gray pillow shams,,0,,,,1,1,1,14.97,14.97,,,1,1,0.05555555555555555,1.0
new york yankees pillow shams royal blue,,0,,,,1,1,1,14.97,14.97,,,1,1,0.038461538461538464,1.0
cal king denum blue pillow case,,0,,,,1,1,1,14.97,14.97,,,1,1,0.030303030303030304,1.0
dusty blue king shams,,0,,,,5,1,1,14.97,14.97,,,3,1,0.00909090909090909,1.0
stone blue pillow sham,,0,,,,3,1,1,14.97,14.97,,,3,1,0.015625,1.0
pillow shams california king,,0,,,,20,1,1,14.97,14.97,,,7,2,0.00390625,0.5
dusty blue pillow shams queen,,0,,,,18,1,1,14.97,14.97,,,13,3,0.006493506493506494,0.3333333333333333
country blue pillow shams,,0,,,,6,1,1,14.97,14.97,,,2,1,0.008333333333333333,1.0
dusty denim blue sham pillow case,,0,,,,4,1,1,14.97,14.97,,,3,2,0.025,0.5
beige sham pillow cases,,0,,,,4,1,1,14.97,14.97,,,3,1,0.013513513513513514,1.0
king size white and blue damask pillow sham,,0,,,,4,1,1,14.97,14.97,,,2,1,0.010309278350515464,1.0
queen size pillow shams beige,,0,,,,22,1,1,14.97,14.97,,,7,1,0.0010706638115631692,1.0
natural beige king shams,,0,,,,2,1,1,14.97,14.97,,,2,2,0.041666666666666664,0.5
slate blue king pillow shams,,0,,,,2,1,1,14.97,14.97,,,2,2,0.030303030303030304,0.5
mellani standard shams,,0,,,,2,1,1,14.97,14.97,,,1,1,0.016666666666666666,1.0
￼slate blue pillow shams,,0,,,,2,1,1,14.97,14.97,,,1,1,0.025,1.0
king size medium blue sham,,0,,,,2,1,1,14.97,14.97,,,2,1,0.020833333333333332,1.0
envelope closure king pillow shams beige,,0,,,,2,1,1,14.97,14.97,,,1,1,0.02564102564102564,1.0
twin xl sheet set white,,0,,,,18,1,0,14.64,,,,12,2,0.003898635477582846,0.0
blush sheets,,0,,,,152,1,0,14.0,,,,74,3,0.0006923609508423724,0.0
white pleated bed skirt queen,,0,,,,25,1,0,12.97,,,,13,1,0.001607717041800643,0.0
blue shams,,0,,,,148,1,0,9.99,,76.47,-0.8693605335425658,59,1,0.00028677946659019213,0.0
twin bed sheet white,,0,,,,24,1,0,7.99,,14.98,-0.4666221628838451,9,2,0.0034782608695652175,0.0
blue pattern sheets,,0,,,,368,0,0,,,,,180,3,0.00028323262839879157,0.0
royal blue bed skirt,,0,,,,66,0,0,,,,,43,9,0.005739795918367347,0.0
light grey striped sheets,,0,,,,44,0,0,,,,,27,4,0.0022611644997173543,0.0
lencol king size,,0,,,,39,0,0,,,,,16,2,0.002178649237472767,0.0
mellanni white sheet set,,0,,,,13,0,0,,,,,7,6,0.015957446808510637,0.0
18 inch deep pocket sheets king,,0,,,,13,0,0,,,,,58,3,0.005952380952380952,0.0
luxury white sheets queen,,0,,,,12,0,0,,,,,10,3,0.011538461538461539,0.0
"mellanni queen sheets set - 4 pc iconic collection bedding - hotel luxury, extra soft, cooling bed s",,0,,,,47,0,0,,,,,0,0,0.0,
mellanni 100% cotton flannel,,0,,,,30,0,0,,,,,10,8,0.014652014652014652,0.0
mellanni deep pocket queen sheets,,0,,,,26,0,0,,,,,13,13,0.0197869101978691,0.0
mellanni flannel california king flat sheet,,0,,,,22,0,0,,,,,11,6,0.011976047904191617,0.0
millennial sheets,,0,,,,19,0,0,,,,,7,5,0.007861635220125786,0.0
mallani bed sheets,,0,,,,18,0,0,,,,,10,10,0.027777777777777776,0.0
mellanni 100% cotton,,0,,,,17,0,0,,,,,12,10,0.028089887640449437,0.0
mellanni bedsheets,,0,,,,17,0,0,,,,,9,9,0.030508474576271188,0.0
melanni,,0,,,,17,0,0,,,,,8,7,0.029288702928870293,0.0
mellanni microfiber sheet set,,0,,,,16,0,0,,,,,9,9,0.017578125,0.0
milani bed sheets,,0,,,,16,0,0,,,,,7,6,0.014925373134328358,0.0
mellanni bed skirts,,0,,,,15,0,0,,,,,13,10,0.018214936247723135,0.0
melanie sheets king,,0,,,,15,0,0,,,50.98,,13,10,0.026881720430107527,0.0
sheets mellanni,,0,,,,14,0,0,,,,,9,9,0.024657534246575342,0.0
mellani printed sheets,,0,,,,12,0,0,,,,,11,9,0.03409090909090909,0.0
mellanni twin xl,,0,,,,11,0,0,,,,,5,5,0.009823182711198428,0.0
mellanni bed sheets full size set,,0,,,,11,0,0,,,,,9,8,0.028268551236749116,0.0
mellanni cotton sheets,,0,,,,11,0,0,,,40.97,,7,7,0.027131782945736434,0.0
mellanni fitted sheet,,0,,,,11,0,0,,,,,5,5,0.01072961373390558,0.0
bed sheets mellanni,,0,,,,10,0,0,,,,,7,7,0.028925619834710745,0.0
mellanni iconic collection microfiber sheet set,,0,,,,10,0,0,,,,,5,4,0.00966183574879227,0.0
mellanni hotel luxury sheets,,0,,,,10,0,0,,,,,6,6,0.02390438247011952,0.0
mellani sheet,,0,,,,9,0,0,,,,,4,4,0.013888888888888888,0.0
mellanni rv short queen sheet set,,0,,,,9,0,0,,,,,7,7,0.03153153153153153,0.0
mellanni brushed microfiber sheet set,,0,,,,8,0,0,,,,,5,5,0.02631578947368421,0.0
mellanni brushed microfiber sheets,,0,,,,7,0,0,,,,,4,4,0.010638297872340425,0.0
mellanni sheets cotton,,0,,,,7,0,0,,,,,7,7,0.05,0.0
mellanni bedsheet,,0,,,,7,0,0,,,,,2,2,0.006600660066006601,0.0
mellanni deep pocket sheets,,0,,,,6,0,0,,,,,3,3,0.009375,0.0
mellanni iconic 4-piece microfiber sheet set,,0,,,,6,0,0,,,,,4,4,0.0196078431372549,0.0
queen bed sheet mellani,,0,,,,4,0,0,,,,,3,3,0.012096774193548387,0.0
mellani quenn deep pocket sheet set,,0,,,,1,0,0,,,,,49,27,0.4426229508196721,0.0
melani,,0,,,,1148,0,0,,,10.97,,22,0,0.0,
juegos de sábanas y fundas de almohada,,0,,,,612,0,0,,,42.49,,194,5,0.00030689909157868893,0.0
hydrangea sheets,,0,,,,301,0,0,,,,,147,0,0.0,
extra deep queen sheets,,0,,,,191,0,0,,,182.08,,105,5,0.0008286377195889957,0.0
stain resistant sheets,,0,,,,91,0,0,,,,,35,10,0.003885003885003885,0.0
yellow sheet set,,0,,,,166,0,0,,,,,64,1,0.0002306805074971165,0.0
patterned queen sheet set,,0,,,,194,0,0,,,,,126,1,0.00020554984583761563,0.0
dark taupe sheets,,0,,,,71,0,0,,,,,40,3,0.0014925373134328358,0.0
dark teal sheets,,0,,,,104,0,0,,,,,41,6,0.0023346303501945525,0.0
queen size boho bed skirt,,0,,,,34,0,0,,,,,53,2,0.00315955766192733,0.0
tailored queen bed skirt 14 inch drop,,0,,,,107,0,0,,,62.91,,52,1,0.0004616805170821791,0.0
hotel bedding king,,0,,,,69,0,0,,,,,34,1,0.0005824111822947001,0.0
coral sheets twin xl,,0,,,,32,0,0,,,,,21,2,0.002190580503833516,0.0
full xl sheets silk,,0,,,,121,0,0,,,,,69,1,0.00031259768677711783,0.0
cute blue sheets,,0,,,,92,0,0,,,,,41,2,0.0007619047619047619,0.0
blue green sheets,,0,,,,88,0,0,,,,,34,2,0.0009233610341643582,0.0
sheets queen size bed set flannel,,0,,,,41,0,0,,,,,26,1,0.0012048192771084338,0.0
sage and white striped sheet set king,,0,,,,18,0,0,,,,,27,2,0.004618937644341801,0.0
baby pink bed sheets,,0,,,,165,0,0,,,,,69,2,0.0005334755934915977,0.0
pleated bed skirt king size,,0,,,,146,0,0,,,,,88,1,0.00034094783498124785,0.0
cooling split king sheets sets for adjustable bed,,0,,,,64,0,0,,,,,54,1,0.0005995203836930455,0.0
blush pink cooling sheets,,0,,,,21,0,0,,,,,23,1,0.0019455252918287938,0.0
olive green striped sheets,,0,,,,198,0,0,,,,,118,3,0.0006291946308724832,0.0
split-king sheets,,0,,,,73,0,0,,,,,24,1,0.0004945598417408506,0.0
queen sheets paisley,,0,,,,50,0,0,,,,,21,2,0.0017683465959328027,0.0
standard queen sheet set,,0,,,,47,0,0,,,,,28,2,0.0017241379310344827,0.0
white sheets cooling,,0,,,,47,0,0,,,,,27,1,0.0009000900090009,0.0
striped california king sheet sets,,0,,,,36,0,0,,,,,20,1,0.0011441647597254005,0.0
gray paisley pillow cases,,0,,,,31,0,0,,,,,16,1,0.001466275659824047,0.0
blue grey sheets,,0,,,,47,0,0,,,,,19,1,0.00072992700729927,0.0
sabanas hotel coleccion queen,,0,,,,36,0,0,,,,,16,1,0.0013157894736842105,0.0
dark green jersey sheets,,0,,,,34,0,0,,,,,18,2,0.002554278416347382,0.0
king striped percale sheets green,,0,,,,23,0,0,,,,,31,2,0.0036231884057971015,0.0
gray and white full sheets,,0,,,,17,0,0,,,,,7,1,0.0031645569620253164,0.0
wrinkle free queen sheets,,0,,,,135,0,0,,,21.24,,56,1,0.0001858736059479554,0.0
hilton hotel bedding collection,,0,,,,64,0,0,,,,,19,5,0.003687315634218289,0.0
sheets for king bed,,0,,,,63,0,0,,,,,18,2,0.001076426264800861,0.0
marriott hotel bedding set,,0,,,,50,0,0,,,,,18,4,0.003787878787878788,0.0
king size pillow shams beige,,0,,,,30,0,0,,,14.97,,17,1,0.0017006802721088435,0.0
paisley queen sheet set,,0,,,,27,0,0,,,,,19,1,0.0015772870662460567,0.0
queen tailored bed skirt,,0,,,,27,0,0,,,,,15,1,0.0012285012285012285,0.0
king bed sheets white hotel quality,,0,,,,17,0,0,,,,,4,1,0.0012919896640826874,0.0
bed sheets full size dark green,,0,,,,14,0,0,,,,,12,2,0.005571030640668524,0.0
gold cooling pillow cases,,0,,,,8,0,0,,,,,7,2,0.011764705882352941,0.0
mellanni king size sheet set,,0,,,,8,0,0,,,,,6,4,0.022222222222222223,0.0
￼purple queen sheet sets,,0,,,,7,0,0,,,,,5,2,0.011976047904191617,0.0
"bed sheets, cotton , prints queen size",,0,,,,6,0,0,,,,,7,2,0.011111111111111112,0.0
oversized velvet king comforter set seaglass,,0,,,,4,0,0,,,,,11,2,0.024691358024691357,0.0
soft flannel sheets queen,,0,,,,42,0,0,,,,,28,2,0.0018050541516245488,0.0
funky striped sheets,,0,,,,38,0,0,,,,,16,1,0.0009225092250922509,0.0
king size deep pocket flannel sheets,,0,,,,30,0,0,,,,,14,1,0.00141643059490085,0.0
best selling sheets king size,,0,,,,28,0,0,,,40.97,,15,1,0.0010030090270812437,0.0
no iron pillowcases,,0,,,,26,0,0,,,,,18,2,0.0027247956403269754,0.0
best king bed sheets,,0,,,,25,0,0,,,,,10,1,0.0011389521640091116,0.0
sheets gray purple,,0,,,,17,0,0,,,,,8,2,0.006060606060606061,0.0
soft double brushed duvet cover set with sheets,,0,,,,17,0,0,,,,,6,2,0.003527336860670194,0.0
red bed skirt king,,0,,,,12,0,0,,,,,13,2,0.008064516129032258,0.0
green thick striped sheets,,0,,,,10,0,0,,,,,9,4,0.011396011396011397,0.0
very soft romantic twin sheets,,0,,,,10,0,0,,,,,8,2,0.00904977375565611,0.0
queen pleated bed skirt 15 inch drop,,0,,,,8,0,0,,,,,11,2,0.011235955056179775,0.0
blue gray white sheets,,0,,,,7,0,0,,,,,5,2,0.011299435028248588,0.0
mellanni twin sheets,,0,,,,4,0,0,,,34.97,,2,1,0.011904761904761904,0.0
milani sheets,,0,,,,106,0,0,,,73.94,,51,46,0.017157776948899663,0.0
mellani sheets,,0,,,,75,0,0,,,,,42,41,0.018141592920353982,0.0
mellani,,0,,,,67,0,0,,,,,24,24,0.016877637130801686,0.0
mellanni sheets queen,,0,,,,48,0,0,,,45.96666666666667,,25,25,0.0195160031225605,0.0
mellanni iconic collection,,0,,,,45,0,0,,,17.97,,20,20,0.013486176668914362,0.0
lavender print sheets,,0,,,,45,0,0,,,,,41,2,0.001417434443656981,0.0
light grey pillow shams standard size,,0,,,,44,0,0,,,,,28,2,0.002183406113537118,0.0
full+size+sheets,,0,,,,40,0,0,,,,,10,1,0.0005813953488372093,0.0
millania sheets,,0,,,,38,0,0,,,73.94,,20,20,0.024390243902439025,0.0
mellanni sheets twin xl,,0,,,,37,0,0,,,34.97,,23,23,0.024731182795698924,0.0
mellanni duvet cover,,0,,,,35,0,0,,,34.97,,19,16,0.015841584158415842,0.0
melani sheets,,0,,,,33,0,0,,,,,20,20,0.016877637130801686,0.0
mellanni bed sheet set,,0,,,,32,0,0,,,,,16,16,0.01616161616161616,0.0
melanie sheets,,0,,,,29,0,0,,,,,11,11,0.015406162464985995,0.0
beige pillow shams queen size set of 2,,0,,,,29,0,0,,,,,21,2,0.0017035775127768314,0.0
dark plum sheets queen,,0,,,,28,0,0,,,,,18,2,0.0023094688221709007,0.0
white and gray striped sheets,,0,,,,27,0,0,,,,,15,3,0.004601226993865031,0.0
mellanni iconic collection twin xl sheet set,,0,,,,23,0,0,,,34.27,,12,12,0.015384615384615385,0.0
mellanni microfiber sheets,,0,,,,22,0,0,,,,,10,10,0.011890606420927468,0.0
mellanni pillow cases king,,0,,,,20,0,0,,,,,11,9,0.015025041736227046,0.0
mellanni deep pocket king sheets,,0,,,,20,0,0,,,50.97,,9,9,0.01618705035971223,0.0
mellanni iconic sheet set,,0,,,,19,0,0,,,,,7,7,0.009174311926605505,0.0
cotton pillow shams standard size blue,,0,,,,18,0,0,,,,,12,2,0.0042643923240938165,0.0
kassatex sheets,,0,,,,18,0,0,,,,,9,4,0.012578616352201259,0.0
sábanas queen 1000 algodon hotel,,0,,,,17,0,0,,,,,3,2,0.0056179775280898875,0.0
millani sheets,,0,,,,16,0,0,,,,,11,10,0.019762845849802372,0.0
mellanni pillow cases standard size,,0,,,,15,0,0,,,27.0,,12,12,0.0335195530726257,0.0
mellanni iconic collection sheets,,0,,,,15,0,0,,,,,10,5,0.01160092807424594,0.0
mellanni cooling sheets,,0,,,,15,0,0,,,,,9,8,0.023323615160349854,0.0
milani sheets twin xl,,0,,,,15,0,0,,,,,9,6,0.010657193605683837,0.0
mellanni duvet cover king,,0,,,,14,0,0,,,,,9,9,0.026392961876832845,0.0
mellanni queen sheet set deep pocket,,0,,,,13,0,0,,,,,9,9,0.025423728813559324,0.0
dusty blue sham,,0,,,,13,0,0,,,,,5,3,0.010526315789473684,0.0
milani king pillow cases,,0,,,,12,0,0,,,17.97,,8,6,0.024193548387096774,0.0
distinctly home sheets,,0,,,,12,0,0,,,,,5,4,0.015209125475285171,0.0
bedskirt for full size adjustable bed frame,,0,,,,12,0,0,,,,,9,2,0.008130081300813009,0.0
bedskirt 10 inch drop queen,,0,,,,12,0,0,,,,,8,2,0.008771929824561403,0.0
mellanni iconic collection sheet set:,,0,,,,11,0,0,,,,,4,4,0.00997506234413965,0.0
mellanni queen deep pocket sheets,,0,,,,11,0,0,,,,,8,7,0.028455284552845527,0.0
mellanni full sheet set ivory,,0,,,,11,0,0,,,,,4,4,0.017699115044247787,0.0
best rated king sheets,,0,,,,11,0,0,,,,,8,2,0.007782101167315175,0.0
pinstripe sheets full size,,0,,,,10,0,0,,,,,17,2,0.008368200836820083,0.0
light grey and white cotton pillow cases,,0,,,,10,0,0,,,,,7,2,0.009900990099009901,0.0
mellanni california king sheet sets,,0,,,,9,0,0,,,,,6,6,0.03125,0.0
mellanni queen sheets,,0,,,,9,0,0,,,,,6,6,0.030612244897959183,0.0
melanie bed sheets,,0,,,,9,0,0,,,,,5,5,0.028901734104046242,0.0
sage and white thick stripe sheets queen,,0,,,,9,0,0,,,,,5,2,0.011049723756906077,0.0
pink clay colored sheets,,0,,,,9,0,0,,,,,7,2,0.009708737864077669,0.0
mellanni iconic sheets,,0,,,,8,0,0,,,,,5,5,0.016339869281045753,0.0
mellanni iconic collection king sheet set,,0,,,,8,0,0,,,,,3,3,0.013215859030837005,0.0
mellanni pleated bed skirt,,0,,,,8,0,0,,,,,5,3,0.019230769230769232,0.0
meloni sheets queen,,0,,,,8,0,0,,,,,4,3,0.01935483870967742,0.0
black king sheet sets,,0,,,,8,0,0,,,,,6,2,0.023809523809523808,0.0
mellanni queen sheet set white,,0,,,,7,0,0,,,34.22,,4,4,0.02857142857142857,0.0
mellanni hotel luxury sheet set,,0,,,,7,0,0,,,,,5,5,0.031446540880503145,0.0
mellani king sheets,,0,,,,7,0,0,,,,,5,5,0.03289473684210526,0.0
mellanni duvet,,0,,,,7,0,0,,,,,2,2,0.006622516556291391,0.0
mellanni fitted sheet twin xl,,0,,,,7,0,0,,,,,3,3,0.015463917525773196,0.0
suoer soft sheets,,0,,,,7,0,0,,,,,3,2,0.008928571428571428,0.0
blush twin xl sheets oeko teko,,0,,,,7,0,0,,,,,6,2,0.014285714285714285,0.0
mellanni pillowcase,,0,,,,6,0,0,,,,,3,3,0.0136986301369863,0.0
mellanni twin xl sheets set - 3 pc iconic collection bedding,,0,,,,6,0,0,,,,,5,4,0.018691588785046728,0.0
mellanni twin xl sheet set white,,0,,,,6,0,0,,,,,4,4,0.032,0.0
mellani bed sheets,,0,,,,6,0,0,,,,,7,7,0.03414634146341464,0.0
mellanni extra deep pocket fitted sheet,,0,,,,6,0,0,,,,,6,6,0.018633540372670808,0.0
milani pillow cases,,0,,,,6,0,0,,,,,5,5,0.034013605442176874,0.0
mellanni flat sheet,,0,,,,6,0,0,,,,,3,2,0.01020408163265306,0.0
king size sheets green stripes,,0,,,,6,0,0,,,,,4,2,0.013793103448275862,0.0
box pleat bed skirt queen 15 inch drop,,0,,,,6,0,0,,,,,6,1,0.006944444444444444,0.0
mellanni iconic collection twin xl,,0,,,,5,0,0,,,,,4,4,0.028368794326241134,0.0
king sheets mellanni,,0,,,,5,0,0,,,81.94,,4,4,0.04,0.0
mellanni twin xl fitted sheet only,,0,,,,5,0,0,,,,,4,4,0.027972027972027972,0.0
mellanni full sheets,,0,,,,5,0,0,,,,,2,2,0.014814814814814815,0.0
black cooling bed sheets king,,0,,,,5,0,0,,,,,5,2,0.017391304347826087,0.0
mellani queen sheet set,,0,,,,4,0,0,,,,,4,4,0.018867924528301886,0.0
mellani iconic collection sheets queen size,,0,,,,4,0,0,,,,,4,4,0.01639344262295082,0.0
mellanni extra deep pocket sheets,,0,,,,4,0,0,,,,,3,3,0.0375,0.0
mellanni queen sheet set ivory,,0,,,,4,0,0,,,,,3,2,0.023809523809523808,0.0
mellanni extra deep pocket twin xl sheet set,,0,,,,4,0,0,,,,,2,2,0.016666666666666666,0.0
mellanni twin xl sheet set sage green,,0,,,,4,0,0,,,,,1,1,0.004784688995215311,0.0
mellanni sheets king size,,0,,,,4,0,0,,,,,1,1,0.011627906976744186,0.0
striped cooling bed sheets king,,0,,,,4,0,0,,,,,16,2,0.020618556701030927,0.0
mellanni twin xl fitted sheets,,0,,,,3,0,0,,,,,4,4,0.038834951456310676,0.0
pillowcases king spa blue,,0,,,,3,0,0,,,,,5,2,0.0273972602739726,0.0
mellanni iconic collection full white sheet set,,0,,,,3,0,0,,,,,3,3,0.041666666666666664,0.0
mellanni king bed sheet set extra deep,,0,,,,3,0,0,,,,,3,3,0.047619047619047616,0.0
mellani bedding,,0,,,,3,0,0,,,,,2,2,0.03076923076923077,0.0
mellani full size sheets,,0,,,,3,0,0,,,,,3,2,0.028985507246376812,0.0
mellanni pillow cases 4 piece white,,0,,,,3,0,0,,,,,2,2,0.027777777777777776,0.0
melania queen sheets,,0,,,,3,0,0,,,,,3,2,0.03333333333333333,0.0
mellanni extra deep king sheetscooling sheet set,,0,,,,3,0,0,,,,,1,1,0.014492753623188406,0.0
pink or coral queen sheets,,0,,,,3,0,0,,,,,4,2,0.03333333333333333,0.0
oreo sheets,,0,,,,3,0,0,,,,,2,2,0.037037037037037035,0.0
mellanni twin xl white sheet set,,0,,,,3,0,0,,,,,1,1,0.014492753623188406,0.0
mellanni white queen sheet set,,0,,,,3,0,0,,,36.97,,1,1,0.014705882352941176,0.0
mellanni bed skirt queen,,0,,,,3,0,0,,,,,1,1,0.00980392156862745,0.0
mellanni hotel luxury wrinkle,,0,,,,2,0,0,,,,,2,2,0.017241379310344827,0.0
mellanni queen bed sheet set,,0,,,,2,0,0,,,,,2,2,0.01818181818181818,0.0
full bed sheets mellani,,0,,,,2,0,0,,,,,2,2,0.017241379310344827,0.0
mellani gray sheets,,0,,,,2,0,0,,,,,2,2,0.030303030303030304,0.0
meillani king sheet,,0,,,,2,0,0,,,,,2,2,0.05,0.0
4 x mellanni queen sheet set,,0,,,,2,0,0,,,,,2,2,0.043478260869565216,0.0
mellanni sheet set queen,,0,,,,2,0,0,,,,,2,2,0.05,0.0
queen bed sheets printed cotton mellani,,0,,,,2,0,0,,,,,2,2,0.041666666666666664,0.0
mallani sheets,,0,,,,2,0,0,,,,,2,2,0.046511627906976744,0.0
mellabi bedskirt,,0,,,,2,0,0,,,,,2,2,0.05555555555555555,0.0
dark purple flower sheets,,0,,,,2,0,0,,,,,2,2,0.05,0.0
pink rose color queen sheets,,0,,,,2,0,0,,,,,3,2,0.041666666666666664,0.0
queen microfober hotel sheets,,0,,,,2,0,0,,,,,3,2,0.041666666666666664,0.0
off white full sheetset,,0,,,,2,0,0,,,,,2,2,0.05,0.0
green stripe king,,0,,,,2,0,0,,,,,2,2,0.05,0.0
"mellanni queen sheets set - 4 pc iconic collection bedding hotel luxury, extra soft, cooling bed sheets - wrinkle, fade, stain resistant (queen, white)",,0,,,,2,0,0,,,39.97,,1,1,0.025,0.0
mellanni iconic collection light beige,,0,,,,2,0,0,,,,,1,1,0.023809523809523808,0.0
mellanni franela sheets,,0,,,,2,0,0,,,,,1,1,0.019230769230769232,0.0
mellanni luxury white sheets king,,0,,,,2,0,0,,,,,1,1,0.02631578947368421,0.0
mellanni deep pocket queen sheet set satteen,,0,,,,2,0,0,,,,,1,1,0.02564102564102564,0.0
mellanni king sheet set deep pocket,,0,,,,2,0,0,,,,,1,1,0.012987012987012988,0.0
mellanni iconic collection king white sheet set,,0,,,,2,0,0,,,,,1,1,0.02564102564102564,0.0
mellanni pillow case,,0,,,,2,0,0,,,,,1,1,0.025,0.0
mellanni queen sheet set 4 piece rv queen,,0,,,,2,0,0,,,,,1,1,0.020833333333333332,0.0
mellanni brushed microfiber sheet set – twin xl – ivory,,0,,,,2,0,0,,,,,1,1,0.025,0.0
mellani full size flat sheet,,0,,,,2,0,0,,,,,1,1,0.021739130434782608,0.0
mellanni navy pillowcases,,0,,,,2,0,0,,,,,1,1,0.020833333333333332,0.0
mellanni king size sheets 6pc,,0,,,,2,0,0,,,,,1,1,0.022727272727272728,0.0
queen sheet set soft mellani,,0,,,,1,0,0,,,,,3,3,0.05172413793103448,0.0
mellanni queen sheey pillow case,,0,,,,1,0,0,,,,,2,2,0.10526315789473684,0.0
melanie iconic collection sheets,,0,,,,1,0,0,,,,,2,2,0.15384615384615385,0.0
mellanni 1952 purple pillowcases,,0,,,,1,0,0,,,,,3,3,0.375,0.0
mellanni microfiber bed sheet set,,0,,,,1,0,0,,,,,1,1,0.016129032258064516,0.0
mellanni iconic collection sheet set white full,,0,,,,1,0,0,,,,,1,1,0.016129032258064516,0.0
mellanni sheet set twin,,0,,,,1,0,0,,,,,1,1,0.016129032258064516,0.0
mellanni full sized bes sheets,,0,,,,1,0,0,,,,,1,1,0.016129032258064516,0.0
mellanni ultra soft pillowcase,,0,,,,1,0,0,,,,,1,1,0.02564102564102564,0.0
mellanni blue hydrangea pillow cases,,0,,,,1,0,0,,,,,1,1,0.016666666666666666,0.0
mellanni king fitted sheet blue hydrangea,,0,,,,1,0,0,,,,,1,1,0.030303030303030304,0.0
mellanni iconic 4-piece microfiber sheet set kiing beige,,0,,,,1,0,0,,,,,1,1,0.021739130434782608,0.0
mellanni king sheet setmellanni king sheet set,,0,,,,1,0,0,,,,,1,1,0.03125,0.0
mellani twin xl sheet set coral,,0,,,,1,0,0,,,,,1,1,0.016666666666666666,0.0
mellanni king bed sheet set flannel,,0,,,,1,0,0,,,,,1,1,0.016129032258064516,0.0
mellanni cotton sheet set queen,,0,,,,1,0,0,,,,,1,1,0.01639344262295082,0.0
mellanni king sheet set white,,0,,,,1,0,0,,,,,1,1,0.030303030303030304,0.0
mellanni queen sheets 12,,0,,,,1,0,0,,,,,1,1,0.034482758620689655,0.0
mellanni juego de sábanas bolsillo extra,,0,,,,1,0,0,,,,,1,1,0.043478260869565216,0.0
