asin,collection,size,color,sales,prior_sales,sessions,prior_sessions,units,prior_units,conversion,prior_conversion,conversion_change_pp
B00NLLUMOE,1800 Bed Sheets,Queen,White,55736.58,240633.96999999997,20862,198665,1515,8203,0.0726200747771067,0.04129061485415146,0.031329459922955244
B00NQDGAP2,1800 Bed Sheets,King,White,37058.93,153229.62000000002,10153,63461,911,4612,0.08972717423421649,0.07267455602653598,0.017052618207680503
B00O35DAL4,1800 Bed Sheets,Full,White,14518.800000000001,48647.46,3202,13477,415,1646,0.12960649594003748,0.12213400608444015,0.007472489855597328
B00O35CWQ8,1800 Bed Sheets,Twin,White,9070.470000000001,25398.66,1195,105750,264,729,0.22092050209205022,0.006893617021276595,0.21402688507077364
B0822X1VP7,1800 Bed Sheet Set With DEEP Fitted Sheet,King,White,8508.93,49135.67999999999,2314,23434,170,1174,0.07346585998271392,0.05009814799009985,0.023367711992614067
B00SBZJ8NG,1800 Bed Sheets,Queen,Light Gray,7343.280000000001,28784.75,2751,14951,184,896,0.06688476917484551,0.059929101732325595,0.006955667442519915
B0CLYC7B2G,1800 Bed Sheets,Queen,Ivory,6149.78,23905.809999999998,2422,18416,157,743,0.064822460776218,0.04034535186794092,0.024477108908277083
B016P42ARU,1800 Bed Sheets,Twin XL,White,5943.12,26893.010000000002,1428,8597,180,948,0.12605042016806722,0.11027102477608468,0.015779395391982545
B0822X4TLW,1800 Bed Sheet Set With DEEP Fitted Sheet,Queen,White,5865.61,38639.17,2077,17449,128,1006,0.061627347135291284,0.05765373373832311,0.0039736133969681744
B08RZDBZZJ,1800 Bed Sheets,Queen,Golden Ivory,4354.33,21609.07,2040,15612,110,674,0.05392156862745098,0.04317191903663848,0.010749649590812503
B0CLYDPTWV,1800 Bed Sheets,King,Ivory,4253.17,28730.14,1810,12438,101,824,0.05580110497237569,0.06624859302138608,-0.01044748804901039
B08RZCYC5X,1800 Bed Sheets,King,Golden Ivory,3607.7599999999998,18216.170000000002,1520,9174,84,521,0.05526315789473684,0.05679093089165032,-0.001527772996913479
B08RZFVS95,1800 Bed Sheets,Queen,Sage,3553.3299999999995,17343.68,1340,9544,94,547,0.07014925373134329,0.05731349538977368,0.012835758341569609
B00SU0QSZ8,1800 Bed Sheets,King,Light Gray,3520.1000000000004,19847.87,1424,16835,83,569,0.05828651685393258,0.0337986337986338,0.02448788305529878
B00NLLUP4G,1800 Bed Sheets,Queen,Gray,3394.2499999999995,13528.539999999999,1412,7351,86,423,0.060906515580736544,0.05754319140253027,0.003363324178206277
B00RKHWJ1O,1800 Pillowcase Set 2 pc,Set of 2 Standard Size,White,3208.6200000000003,6710.88,443,3769,181,430,0.40857787810383744,0.11408861767046961,0.2944892604333678
B01DN0AOW2,1800 Bed Sheets,Queen,Spa Mint,3156.8300000000004,12466.490000000002,1593,12691,79,387,0.04959196484620213,0.030494050902214166,0.019097913943987965
B0BTZ5HGMB,1800 Bed Sheet Set 6 PIECE,Queen,White,3135.83,8102.51,726,2405,77,234,0.10606060606060606,0.0972972972972973,0.00876330876330876
B08RZBVSZR,1800 Bed Sheets,Queen,Blush Pink,2956.98,18063.11,1553,11043,76,563,0.0489375402446877,0.05098252286516345,-0.002044982620475748
B01DN0AJXQ,1800 Bed Sheets,Queen,Blue Hydrangea,2677.19,14716.650000000001,1351,9269,68,456,0.050333086602516654,0.04919624554968174,0.0011368410528349165
B0CNRZBCFQ,1800 Bed Sheets,Queen,Sky Blue,2637.2200000000003,13180.460000000003,1242,8949,66,408,0.05314009661835749,0.045591686221924235,0.007548410396433253
B0DGQSDWFD,1800 Bed Sheets,Queen,Mineral Gray,2597.2499999999995,12212.54,1278,9449,65,382,0.05086071987480438,0.04042755847179596,0.010433161403008422
B00NLLUNSE,1800 Bed Sheets,Queen,Beige,2595.65,13294.96,1248,4686,65,409,0.052083333333333336,0.08728126333760136,-0.035197930004268026
B00O35DNS4,1800 Bed Sheets,California King,White,2562.39,10296.57,545,4487,57,281,0.10458715596330276,0.06262536215734343,0.041961793805959324
B01DN0AQN4,1800 Bed Sheets,King,Blue Hydrangea,2234.44,13411.85,867,5487,53,383,0.06113033448673587,0.06980134864224531,-0.008671014155509443
B00NQDGBTC,1800 Bed Sheets,King,Beige,2234.44,10651.849999999999,637,2432,52,305,0.08163265306122448,0.12541118421052633,-0.043778531149301844
B00RKHX3E6,1800 Pillowcase Set 2 pc,Set of 2 King Size,White,2227.7200000000003,4295.4,289,789,133,282,0.4602076124567474,0.3574144486692015,0.10279316378754588
B00NLNDP1Y,1800 Bed Sheets,Queen,Aqua,2157.58,9166.62,1061,7799,56,286,0.0527803958529689,0.036671368124118475,0.016109027728850422
B00NQDGCW8,1800 Bed Sheets,King,Gray,2143.34,10277.7,668,3895,50,295,0.0748502994011976,0.07573812580231065,-0.0008878264011130538
B0822XQ9DZ,1800 Bed Sheet Set With DEEP Fitted Sheet,California King,White,2129.73,11764.810000000001,560,7610,42,275,0.075,0.03613666228646518,0.03886333771353482
B08RZDH679,1800 Bed Sheets,King,Sage,2105.53,13547.5,842,5578,50,389,0.05938242280285035,0.06973825743994264,-0.010355834637092283
B08RZF62QM,1800 Bed Sheets,Full,Blush Pink,2049.6200000000003,6698.51,564,2693,54,214,0.09574468085106383,0.07946528035647976,0.016279400494584068
B01DN0AW8I,1800 Bed Sheets,King,Spa Mint,2019.5899999999997,16290.759999999998,1126,10031,47,468,0.041740674955595025,0.04665536835808992,-0.004914693402494896
B08RZDCWPX,1800 Bed Sheets,Queen,Teal,1918.5600000000002,7752.9400000000005,784,5228,48,242,0.061224489795918366,0.046289211935730684,0.014935277860187682
B08CZZ4SYJ,1800 Bed Sheet Set With DEEP Fitted Sheet,King,Spa Mint,1818.9500000000003,9098.259999999998,543,4887,36,214,0.06629834254143646,0.04378964599959075,0.02250869654184571
B0112XNCS0,1800 Bed Sheets,King,Tan,1803.8799999999999,7855.449999999999,438,1933,42,225,0.0958904109589041,0.11639937920331092,-0.020508968244406817
B0BMWCNGW8,1800 Bed Sheet Set With DEEP Fitted Sheet,Queen,Golden Ivory,1797.92,7984.120000000001,402,3269,36,198,0.08955223880597014,0.06056898133985929,0.028983257466110857
B0822Y7786,1800 Bed Sheet Set With DEEP Fitted Sheet,Full,White,1743.1799999999998,6779.34,474,4639,39,177,0.08227848101265822,0.03815477473593447,0.044123706276723754
B01DN0ALM0,1800 Bed Sheets,Queen,Emerald Green,1717.91,6733.76,772,4689,43,209,0.05569948186528497,0.04457240349754745,0.01112707836773752
B0822WBGD9,1800 Bed Sheet Set With DEEP Fitted Sheet,King,Beige,1715.0100000000002,7144.15,408,2824,33,169,0.08088235294117647,0.05984419263456091,0.021038160306615566
B0822W82LP,1800 Bed Sheet Set With DEEP Fitted Sheet,King,Blue Hydrangea,1715.01,10865.26,391,3299,33,256,0.08439897698209718,0.07759927250682025,0.0067997044752769326
B00SUF39K0,1800 Bed Sheets,Full,Light Gray,1707.13,6610.27,394,3009,45,213,0.11421319796954314,0.0707876370887338,0.043425560880809344
B0CNRZ4Y1C,1800 Bed Sheets,Queen,Blue Nova,1677.94,9782.880000000001,715,4670,42,304,0.05874125874125874,0.06509635974304069,-0.0063551010017819515
B0822X9LJN,1800 Bed Sheet Set With DEEP Fitted Sheet,King,Light Gray,1660.54,12653.19,464,3846,32,297,0.06896551724137931,0.07722308892355695,-0.008257571682177639
B0822WHPQZ,1800 Bed Sheet Set With DEEP Fitted Sheet,Queen,Blue Hydrangea,1649.01,6386.39,373,2550,34,155,0.09115281501340483,0.060784313725490195,0.030368501287914636
B0CLY99SL5,1800 Bed Sheets,Full,Ivory,1632.71,3763.96,540,3091,44,120,0.08148148148148149,0.038822387576835975,0.04265909390464551
B01CYLCQEK,1800 Bed Sheets,Queen,Paisley Gray,1598.8,6170.37,973,4025,40,192,0.041109969167523124,0.04770186335403727,-0.006591894186514145
B00ZSGVJE2,1800 Bed Sheets,King,Striped White,1595.97,6265.0,392,2794,39,180,0.09948979591836735,0.06442376521116679,0.03506603070720056
B08RZDLLP7,1800 Bed Sheets,King,Blush Pink,1589.89,7835.96,668,4907,38,226,0.05688622754491018,0.046056653759934785,0.010829573784975392
B07BKMXCYF,1800 Bed Sheets,Queen,Spa Blue,1517.26,10534.5,1069,7506,40,331,0.037418147801683815,0.0440980548894218,-0.006679907087737982
B0CNRZDPG2,1800 Bed Sheets,Queen,Hazy Lilac,1478.09,7946.53,940,7037,37,249,0.039361702127659576,0.03538439675998295,0.003977305367676626
B00WAIH2TM,1800 Bed Sheets,Queen,Lavender,1438.1199999999997,7606.83,959,7014,36,239,0.03753910323253389,0.034074707727402335,0.0034643955051315567
B0DGQPSZVY,1800 Bed Sheets,King,Mineral Gray,1418.0099999999998,7965.73,795,5631,33,229,0.04150943396226415,0.04066773219676789,0.0008417017654962569
B0BTZ24S9W,1800 Bed Sheet Set 6 PIECE,King,White,1409.22,4811.41,257,1040,30,115,0.11673151750972763,0.11057692307692307,0.006154594432804555
B0CNRXJ7ZB,1800 Bed Sheets,King,Sky Blue,1373.32,7307.139999999999,620,4375,32,202,0.05161290322580645,0.04617142857142857,0.00544147465437788
B00WAIH1FW,1800 Bed Sheets,Queen,Black,1358.98,4839.5,354,1231,35,150,0.09887005649717515,0.12185215272136475,-0.022982096224189605
B07R5VP98P,1800 Bed Sheets,Queen,Pinstripe Gray,1317.41,7899.12,622,3312,35,246,0.05627009646302251,0.07427536231884058,-0.01800526585581807
B0BMW9MMY9,1800 Bed Sheet Set With DEEP Fitted Sheet,King,Golden Ivory,1299.2500000000002,10080.89,508,4170,25,236,0.04921259842519685,0.056594724220623505,-0.007382125795426651
B08RZCP48J,1800 Bed Sheets,Full,Golden Ivory,1289.4599999999998,3302.8500000000004,455,2001,34,105,0.07472527472527472,0.05247376311844078,0.022251511606833946
B07BKP98B7,1800 Bed Sheets,King,Spa Blue,1288.2400000000002,10938.519999999999,877,5195,30,316,0.03420752565564424,0.06082771896053898,-0.026620193304894735
B0822XGGJ6,1800 Bed Sheet Set With DEEP Fitted Sheet,Queen,Light Gray,1249.25,9752.83,452,3824,25,240,0.05530973451327434,0.06276150627615062,-0.007451771762876286
B0822WVF4H,1800 Bed Sheet Set With DEEP Fitted Sheet,Queen,Gray,1249.25,6534.610000000001,313,2407,25,161,0.07987220447284345,0.06688824262567511,0.012983961847168338
B0BMW72PRP,1800 Bed Sheet Set With DEEP Fitted Sheet,Queen,Sage,1199.2800000000002,6345.29,333,2345,24,157,0.07207207207207207,0.06695095948827293,0.005121112583799145
B07RC2W7Q8,1800 Bed Sheets,Queen,Laced Sky Blue,1199.1000000000001,7475.01,481,2720,30,233,0.062370062370062374,0.08566176470588235,-0.02329170233581998
B0CNRZQ14K,1800 Bed Sheets,King,Hazy Lilac,1160.19,7007.939999999999,503,3408,27,202,0.0536779324055666,0.05927230046948357,-0.005594368063916971
B0112XPNDW,1800 Bed Sheets,Queen,Tan,1159.13,6303.78,428,1967,31,194,0.07242990654205607,0.09862735129639044,-0.026197444754334373
B01DN0APS0,1800 Bed Sheets,Queen,Yellow,1119.16,4206.07,779,5581,30,131,0.038510911424903725,0.023472495968464433,0.015038415456439292
B016P42X2W,1800 Bed Sheets,Twin XL,Light Gray,1119.04,7188.41,448,1578,34,253,0.07589285714285714,0.1603295310519645,-0.08443667390910738
B0CNRXVPC8,1800 Bed Sheets,King,Blue Nova,1074.25,5042.65,412,2447,25,146,0.06067961165048544,0.0596648957907642,0.001014715859721238
B07R5VPFDK,1800 Bed Sheets,King,Laced Sky Blue,1074.25,6196.83,330,1878,25,177,0.07575757575757576,0.09424920127795527,-0.018491625520379515
B00O384OYI,1800 Bed Sheets,Full,Gray,1063.1599999999999,3242.92,287,1914,29,103,0.10104529616724739,0.05381400208986416,0.04723129407738323
B08CZXP1GF,1800 Bed Sheet Set With DEEP Fitted Sheet,Queen,Spa Mint,1049.37,5369.34,421,3432,21,133,0.0498812351543943,0.03875291375291375,0.011128321401480547
B0822WT3R6,1800 Bed Sheet Set With DEEP Fitted Sheet,King,Gray,1039.4,9280.630000000001,297,2284,20,219,0.06734006734006734,0.09588441330998249,-0.028544345969915147
B0BMW6NBFV,1800 Bed Sheet Set With DEEP Fitted Sheet,King,Laced Sky Blue,1039.4,4060.5299999999997,349,2318,20,96,0.05730659025787966,0.04141501294219154,0.01589157731568812
B00NLNDRUI,1800 Bed Sheets,Queen,Brown,1038.42,3564.7,295,1090,26,111,0.08813559322033898,0.1018348623853211,-0.013699269164982125
B00ZSGWAHC,1800 Bed Sheets,Queen,Striped White,1036.82,4856.26,466,2357,26,148,0.055793991416309016,0.06279168434450573,-0.006997692928196714
B0822YG3V8,1800 Pillowcase Set 4 pc,Standard,White,1021.72,2063.51,122,260,40,89,0.32786885245901637,0.3423076923076923,-0.014438839848675944
B0822WWZJQ,1800 Bed Sheet Set With DEEP Fitted Sheet,Twin XL,White,989.34,8848.68,395,3070,22,244,0.05569620253164557,0.07947882736156352,-0.02378262482991795
B01DN0ASH8,1800 Bed Sheets,King,Emerald Green,988.3099999999998,5546.4,476,2765,23,160,0.04831932773109244,0.05786618444846293,-0.009546856717370489
B08BZY7QCJ,1800 Bed Sheet Set With DEEP Fitted Sheet,King,Tan,987.43,7586.63,359,2087,19,179,0.052924791086350974,0.08576904647819837,-0.0328442553918474
B08RZDW2H2,1800 Bed Sheets,Twin,Blush Pink,978.46,2727.15,214,1863,28,95,0.1308411214953271,0.05099302200751476,0.07984809948781232
B079YXK5SN,1800 Duvet Cover Set,Queen,White,972.16,1571.9799999999998,206,622,28,54,0.13592233009708737,0.08681672025723473,0.04910560983985264
B00NQDGHDC,1800 Bed Sheets,King,Aqua,945.3399999999999,6615.129999999999,608,4115,22,189,0.03618421052631579,0.04592952612393682,-0.009745315597621027
B07RBZ1MYN,1800 Bed Sheets,King,Pinstripe Gray,944.4799999999999,6472.08,429,2421,22,184,0.05128205128205128,0.07600165220983064,-0.02471960092777936
B0822WXPVG,1800 Bed Sheet Set With DEEP Fitted Sheet,King,Spa Blue,934.4200000000001,8168.639999999999,369,2976,18,193,0.04878048780487805,0.0648521505376344,-0.016071662732756356
B01CYLCRO4,1800 Bed Sheets,King,Paisley Gray,901.5099999999999,6016.15,489,2074,21,173,0.04294478527607362,0.08341369334619093,-0.04046890807011731
B00NLNDSZW,1800 Bed Sheets,Queen,Purple,879.3399999999999,2971.27,311,1181,22,91,0.0707395498392283,0.07705334462320068,-0.006313794783972385
B0CNRYFVFL,1800 Bed Sheets,Queen,Pistachio,879.3399999999999,3670.58,676,4939,23,114,0.034023668639053255,0.023081595464668963,0.010942073174384292
B08RZD3PN6,1800 Bed Sheets,Full,Sage,873.31,3182.0299999999997,273,1315,23,102,0.08424908424908426,0.07756653992395438,0.00668254432512988
B00WAIH5ZI,1800 Bed Sheets,King,Lavender,859.4,4983.110000000001,455,3092,21,143,0.046153846153846156,0.046248382923673996,-9.45367698278396e-05
B00NQDGK3O,1800 Bed Sheets,King,Brown,859.3999999999999,4094.69,390,1116,20,117,0.05128205128205128,0.10483870967741936,-0.05355665839536808
B0822X3C9M,1800 Bed Sheet Set With DEEP Fitted Sheet,Twin,White,854.4300000000001,3016.64,201,1886,23,82,0.11442786069651742,0.043478260869565216,0.0709495998269522
B0BMWBX14R,1800 Bed Sheet Set With DEEP Fitted Sheet,Queen,Blush Pink,849.49,5473.43,362,7163,17,135,0.04696132596685083,0.018846851877704872,0.028114474089145955
B013FJJOCM,1800 Bed Sheets,Queen,Royal Blue,839.3700000000001,4018.45,462,3094,21,125,0.045454545454545456,0.040400775694893344,0.005053769759652112
B0CLYCSPZB,1800 Bed Sheets,Twin XL,Ivory,839.2800000000001,2922.91,197,1078,24,103,0.1218274111675127,0.09554730983302412,0.026280101334488576
B01ETTH5H8,1800 Flat Sheet,California King,White,838.74,376.34000000000003,33,92,42,22,1.2727272727272727,0.2391304347826087,1.033596837944664
B0BMW6K3FD,1800 Bed Sheet Set With DEEP Fitted Sheet,King,Sage,831.52,7189.780000000001,361,3223,16,169,0.0443213296398892,0.05243561898852001,-0.008114289348630815
B0BMW8JKMX,1800 Bed Sheet Set With DEEP Fitted Sheet,Queen,Pinstripe Gray,799.52,3487.45,251,1715,16,85,0.06374501992031872,0.04956268221574344,0.014182337704575283
B0CNRWYNDF,1800 Bed Sheets,Queen,Terracotta,799.4,3574.67,423,2584,20,111,0.04728132387706856,0.04295665634674923,0.0043246675303193274
B00NLNDO6K,1800 Bed Sheets,Queen,Navy Blue,799.4,5127.23,231,1075,20,159,0.08658008658008658,0.14790697674418604,-0.061326890164099465
B01DN0AKSK,1800 Bed Sheets,Queen,Coral,798.6000000000001,3955.84,479,3198,20,122,0.04175365344467641,0.03814884302689181,0.0036048104177845985
B01ETTFKIE,1800 Flat Sheet,King,White,778.83,653.8,101,201,39,40,0.38613861386138615,0.19900497512437812,0.18713363873700803
B00NQDGDYA,1800 Bed Sheets,King,Navy Blue,773.46,3598.71,146,757,18,103,0.1232876712328767,0.13606340819022458,-0.012775736957347877
B01FWBWTGO,1800 Ultrasonic Coverlet,King,Spa Blue,769.58,1176.22,782,891,14,26,0.017902813299232736,0.029180695847362513,-0.011277882548129777
B08RZCL98X,1800 Bed Sheets,Twin XL,Blush Pink,769.3399999999999,3936.8900000000003,298,1220,23,137,0.07718120805369127,0.11229508196721312,-0.035113873913521845
B0CNS16FHR,1800 Bed Sheets,Full,Sky Blue,759.4,3150.94,299,1476,20,102,0.06688963210702341,0.06910569105691057,-0.002216058949887162
B00ZSGV5LY,1800 Bed Sheets,Queen,Striped Gray/Silver,758.6299999999999,2203.93,444,2281,19,69,0.04279279279279279,0.03024989039894783,0.012542902393844962
B08CZZCRQS,1800 Bed Sheet Set With DEEP Fitted Sheet,Queen,Paisley Gray,749.55,4336.79,302,1918,15,107,0.04966887417218543,0.05578727841501564,-0.006118404242830215
B0BMW7CQ51,1800 Bed Sheet Set With DEEP Fitted Sheet,Queen,Laced Sky Blue,749.55,2624.16,252,1735,15,64,0.05952380952380952,0.03688760806916427,0.022636201454645254
B08BZYCY47,1800 Bed Sheet Set With DEEP Fitted Sheet,Queen,Aqua,749.55,4709.4400000000005,278,2191,15,116,0.0539568345323741,0.05294386125057052,0.0010129732818035808
B0822X1KV9,1800 Bed Sheet Set With DEEP Fitted Sheet,Queen,Beige,749.55,5062.33,278,2303,15,125,0.0539568345323741,0.054277029960920535,-0.00032019542854643673
B08BZXJS3M,1800 Bed Sheet Set With DEEP Fitted Sheet,King,Brown,727.5799999999999,1694.78,143,719,14,40,0.0979020979020979,0.055632823365785816,0.04226927453631209
B01DN0AEXQ,1800 Bed Sheets,Full,Spa Mint,720.67,2768.6899999999996,331,1996,19,88,0.05740181268882175,0.04408817635270541,0.01331363633611634
B00SUF34LO,1800 Bed Sheets,Twin,Light Gray,699.4,2685.27,157,1135,20,91,0.12738853503184713,0.0801762114537445,0.047212323578102636
B07GQ38TP8,1800 Duvet Cover Set,King,White,698.7299999999999,2180.87,217,502,19,71,0.08755760368663594,0.14143426294820718,-0.053876659261571244
B08CZY4RXL,1800 Bed Sheet Set With DEEP Fitted Sheet,King,Purple,675.61,2161.64,127,704,13,52,0.10236220472440945,0.07386363636363637,0.02849856836077308
B0822YMKR5,1800 Bedskirt,King,White,666.1300000000001,1499.56,394,1111,30,79,0.07614213197969544,0.0711071107110711,0.005035021268624332
B00O35CXSK,1800 Bed Sheets,Twin,Beige,664.4300000000001,1027.9199999999998,59,227,19,37,0.3220338983050847,0.16299559471365638,0.15903830359142834
B0822YLBZP,1800 Bedskirt,Twin XL,White,659.01,510.13,133,317,33,29,0.24812030075187969,0.0914826498422713,0.1566376509096084
B0CNRXLLCS,1800 Bed Sheets,Full,Blue Nova,645.49,2102.26,188,869,17,67,0.09042553191489362,0.07710011507479862,0.013325416840095
B0DGQRH24Q,1800 Bed Sheets,Full,Mineral Gray,645.49,2702.99,253,1500,17,87,0.06719367588932806,0.058,0.009193675889328061
B00WAIGZYK,1800 Bed Sheets,Full,Lavender,645.4899999999999,2194.44,247,1244,17,71,0.06882591093117409,0.05707395498392283,0.011751955947251258
B01DN0ARJM,1800 Bed Sheets,King,Coral,644.55,1982.89,263,1549,15,57,0.057034220532319393,0.036797934151065206,0.020236286381254187
B00NLNDU00,1800 Bed Sheets,Queen,Brick Red,638.7199999999999,2477.66,402,2648,16,78,0.03980099502487562,0.02945619335347432,0.0103448016714013
B0CLYD6CZX,1800 Bed Sheets,California King,Ivory,629.58,3012.54,215,1392,14,82,0.06511627906976744,0.05890804597701149,0.006208233092755949
B08CZZZVYR,1800 Bed Sheet Set With DEEP Fitted Sheet,King,Paisley Gray,623.6400000000001,5660.63,398,2568,12,133,0.03015075376884422,0.05179127725856698,-0.021640523489722757
B08C1C46DQ,1800 Bed Sheet Set With DEEP Fitted Sheet,King,Aqua,623.64,4978.0599999999995,250,2341,12,118,0.048,0.05040580948312687,-0.0024058094831268667
B00NQDGKZC,1800 Bed Sheets,King,Purple,601.5799999999999,1418.57,144,558,14,41,0.09722222222222222,0.07347670250896057,0.02374551971326165
B0DGQRDZLP,1800 Bed Sheets,King,Oxford Stripe Sage,600.72,2444.7,387,1479,14,70,0.03617571059431524,0.04732927653820149,-0.011153565943886244
B08BZWL45V,1800 Bed Sheet Set With DEEP Fitted Sheet,Queen,Lavender,599.64,4105.3,243,2082,12,102,0.04938271604938271,0.04899135446685879,0.0003913615825239247
B0822XTD1X,1800 Bed Sheet Set With DEEP Fitted Sheet,Full,Light Gray,597.6099999999999,2169.46,87,640,14,58,0.16091954022988506,0.090625,0.07029454022988506
B08RZBT9K8,1800 Bed Sheets,King,Teal,594.78,6538.360000000001,426,2605,14,188,0.03286384976525822,0.07216890595009597,-0.03930505618483775
B01ES3MMYG,1800 Fitted Sheet,King,White,593.1899999999999,1233.35,89,275,27,65,0.30337078651685395,0.23636363636363636,0.06700715015321759
B0BMW6YBL4,1800 Bed Sheet Set With DEEP Fitted Sheet,King,Pinstripe Gray,571.67,4427.280000000001,322,2253,11,104,0.034161490683229816,0.0461606746560142,-0.011999183972784384
B0BMWCRXGG,1800 Bed Sheet Set With DEEP Fitted Sheet,King,Blush Pink,571.67,4103.98,284,3357,11,95,0.03873239436619718,0.02829907655644921,0.010433317809747971
B0BTZ5QFD7,1800 Bed Sheet Set 6 PIECE,Twin,White,566.51,2614.5,91,322,16,83,0.17582417582417584,0.2577639751552795,-0.08193979933110365
B0CYCRHZR1,1800 Bed Sheet Set 6 PC With DEEP Fitted Sheet,King,White,559.6999999999999,2042.2600000000002,97,362,10,44,0.10309278350515463,0.12154696132596685,-0.018454177820812212
B0CLY98MH3,1800 Bed Sheets,Queen,Burgundy,559.5799999999999,2468.89,155,826,14,77,0.09032258064516129,0.09322033898305085,-0.002897758337889564
B00O35D38Y,1800 Bed Sheets,Twin,Aqua,559.52,1741.2,113,920,17,60,0.1504424778761062,0.06521739130434782,0.08522508657175838
B01DN09YTG,1800 Bed Sheets,Twin,Blue Hydrangea,559.52,1944.02,140,943,20,66,0.14285714285714285,0.06998939554612937,0.07286774731101348
B01ES3L33W,1800 Fitted Sheet,Queen,White,559.16,1238.9,202,539,28,70,0.13861386138613863,0.12987012987012986,0.008743731516008768
B0CNRYGRBQ,1800 Bed Sheets,Queen,Poppy Orange,558.78,1612.47,326,2022,15,51,0.046012269938650305,0.025222551928783383,0.020789718009866922
B00WAIH49U,1800 Bed Sheets,King,Black,558.6099999999999,3102.04,143,586,13,88,0.09090909090909091,0.15017064846416384,-0.059261557555072925
B08BZWJ6QK,1800 Bed Sheet Set With DEEP Fitted Sheet,Queen,Tan,549.6700000000001,3309.3199999999997,211,1514,11,82,0.052132701421800945,0.05416116248348745,-0.0020284610616865054
B01ETTDTSM,1800 Flat Sheet,Queen,White,531.16,499.72,74,147,28,31,0.3783783783783784,0.2108843537414966,0.1674940246368818
B0BTZ7DKC5,1800 Bed Sheet Set 6 PIECE,Queen,Beige,525.0,1117.44,88,468,12,31,0.13636363636363635,0.06623931623931624,0.07012432012432011
B0822ZZJLL,1800 Bedskirt,Queen,White,524.25,1169.8799999999999,313,752,25,64,0.07987220447284345,0.0851063829787234,-0.005234178505879955
B08V8V7VZF,1800 Bed Sheets,RV / Short Queen,White,523.85,1263.0300000000002,510,1922,15,39,0.029411764705882353,0.02029136316337149,0.009120401542510863
B0DGQQ6JJ1,1800 Bed Sheets,Queen,Oxford Stripe Sage,519.61,2506.89,314,1642,13,77,0.041401273885350316,0.04689403166869671,-0.005492757783346396
B0CNRZ5KZH,1800 Bed Sheets,King,Terracotta,515.64,2708.23,293,1567,12,79,0.040955631399317405,0.05041480536056158,-0.009459173961244176
B014MVUDWM,1800 Pillowcase Set 2 pc,Set of 2 Standard Size,Light Gray,503.15999999999997,1458.6599999999999,94,275,28,98,0.2978723404255319,0.3563636363636364,-0.05849129593810448
B0822WFPWY,1800 Bed Sheet Set With DEEP Fitted Sheet,Queen,Navy Blue,499.7,3507.3900000000003,149,921,10,87,0.06711409395973154,0.09446254071661238,-0.027348446756880834
B0822VQDHR,1800 Bed Sheet Set With DEEP Fitted Sheet,Queen,Black,499.7,2188.41,113,615,10,53,0.08849557522123894,0.08617886178861789,0.002316713432621048
B0CNRZBB6D,1800 Bed Sheets,California King,Sky Blue,494.66999999999996,1546.74,84,527,11,42,0.13095238095238096,0.07969639468690702,0.05125598626547394
B08RZDX3PY,1800 Bed Sheets,California King,Golden Ivory,494.66999999999996,2311.14,114,845,11,62,0.09649122807017543,0.07337278106508875,0.02311844700508668
B01DN0A9IQ,1800 Bed Sheets,Full,Blue Hydrangea,493.60999999999996,3242.08,332,1546,13,104,0.0391566265060241,0.06727037516170763,-0.02811374865568353
B00O35DD2U,1800 Bed Sheets,Full,Navy Blue,491.33,1383.32,65,283,13,44,0.2,0.15547703180212014,0.044522968197879875
B016P42E9E,1800 Bed Sheets,Twin XL,Gray,488.88,4524.2,162,916,14,160,0.08641975308641975,0.17467248908296942,-0.08825273599654967
B0BMW6QWW7,1800 Bed Sheet Set With DEEP Fitted Sheet,California King,Golden Ivory,467.73,2187.54,122,2630,9,51,0.07377049180327869,0.019391634980988594,0.05437885682229009
B00O35DBNG,1800 Bed Sheets,Full,Beige,454.88,2475.23,139,506,12,79,0.08633093525179857,0.15612648221343872,-0.06979554696164016
B0BTZ7JCPL,1800 Bed Sheet Set 6 PIECE,Twin XL,White,454.88,1836.76,101,495,12,56,0.1188118811881188,0.11313131313131314,0.005680568056805668
B0822Y1V11,1800 Pillowcase Set 4 pc,King,White,449.76000000000005,875.51,55,106,18,37,0.32727272727272727,0.3490566037735849,-0.021783876500857613
B0822WJHV4,1800 Bed Sheet Set With DEEP Fitted Sheet,Queen,Royal Blue,449.73,1422.02,138,916,9,34,0.06521739130434782,0.03711790393013101,0.028099487374216817
B08CZZ5HLF,1800 Bed Sheet Set With DEEP Fitted Sheet,Queen,Purple,449.73,1598.8000000000002,138,720,9,40,0.06521739130434782,0.05555555555555555,0.009661835748792272
B0822X88ND,1800 Bed Sheet Set With DEEP Fitted Sheet,Queen,Spa Blue,449.72999999999996,3887.9300000000003,290,2667,9,95,0.03103448275862069,0.03562054743157105,-0.004586064672950363
B00O35DPN2,1800 Bed Sheets,California King,Gray,449.70000000000005,1699.6200000000001,126,511,10,46,0.07936507936507936,0.09001956947162426,-0.0106544901065449
B0CLYBZB3P,1800 Bed Sheets,Queen,Taupe,439.66999999999996,1594.5,163,920,11,50,0.06748466257668712,0.05434782608695652,0.013136836489730595
B01DN0B5JS,1800 Pillowcase Set 2 pc,Set of 2 Standard Size,Blue Hydrangea,431.28,873.0300000000001,82,202,24,59,0.2926829268292683,0.29207920792079206,0.000603718908476214
B01DN0A328,1800 Bed Sheets,Twin XL,Blue Hydrangea,419.64,2496.36,197,923,12,89,0.06091370558375635,0.09642470205850487,-0.03551099647474852
B00O35CYQG,1800 Bed Sheets,Twin,Gray,419.64,1265.65,102,844,12,45,0.11764705882352941,0.0533175355450237,0.06432952327850572
B07R5VQK5V,1800 Bed Sheets,Twin XL,Pinstripe Gray,418.94,2475.36,156,765,12,88,0.07692307692307693,0.11503267973856209,-0.03810960281548516
B0CLYCRY99,1800 Bed Sheets,Twin,Ivory,418.93999999999994,2503.3600000000006,165,2506,12,88,0.07272727272727272,0.035115722266560255,0.03761155046071247
B07BKQ9YK9,1800 Bed Sheets,Full,Spa Blue,417.67,1646.8500000000001,240,1173,12,53,0.05,0.045183290707587385,0.004816709292412617
B00O35DFRI,1800 Bed Sheets,Full,Aqua,417.66999999999996,1951.31,285,1273,11,63,0.03859649122807018,0.04948939512961508,-0.010892903901544904
B0822X6C25,1800 Bed Sheet Set With DEEP Fitted Sheet,California King,Beige,415.76,1496.5499999999997,89,545,8,35,0.0898876404494382,0.06422018348623854,0.025667456963199664
B0822XT63Y,1800 Bed Sheet Set With DEEP Fitted Sheet,King,Navy Blue,415.76,3772.56,145,1051,8,88,0.05517241379310345,0.08372978116079924,-0.02855736736769579
B08BZXVCB5,1800 Bed Sheet Set With DEEP Fitted Sheet,King,Emerald Green,415.76,1933.02,172,1481,9,46,0.05232558139534884,0.031060094530722483,0.021265486864626357
B01N10ETBD,1800 Bed Sheets,Split King,White,404.73,2930.7,261,2176,9,80,0.034482758620689655,0.03676470588235294,-0.0022819472616632877
B08BZWSVC8,1800 Bed Sheet Set With DEEP Fitted Sheet,Queen,Brown,399.76,1179.13,145,667,9,29,0.06206896551724138,0.043478260869565216,0.018590704647676162
B0CYCRBWJS,1800 Bed Sheet Set 6 PC With DEEP Fitted Sheet,Queen,White,397.76,806.9999999999999,113,279,8,20,0.07079646017699115,0.07168458781362007,-0.0008881276366289187
B00ZSGVRE4,1800 Bed Sheets,King,Striped Gray/Silver,386.72999999999996,2265.05,262,1441,9,65,0.03435114503816794,0.04510756419153366,-0.010756419153365719
B01DN0AX4G,1800 Bed Sheets,King,Yellow,385.01,2709.4300000000003,419,2641,9,77,0.021479713603818614,0.029155622870124954,-0.00767590926630634
B08RZDZZHJ,1800 Bed Sheets,Twin,Golden Ivory,384.67,1538.4099999999999,173,2182,11,53,0.06358381502890173,0.024289642529789185,0.039294172499112545
B016P42FZW,1800 Bed Sheets,Twin XL,Navy Blue,384.66999999999996,1650.2599999999998,56,230,11,58,0.19642857142857142,0.25217391304347825,-0.055745341614906824
B08RZC21CJ,1800 Bed Sheets,Twin XL,Golden Ivory,384.66999999999996,1636.2599999999998,150,767,11,58,0.07333333333333333,0.07561929595827901,-0.002285962624945681
B01DN0A1PM,1800 Bed Sheets,Twin,Spa Mint,383.97,1167.77,122,1453,11,41,0.09016393442622951,0.028217481073640742,0.06194645335258877
B0CNRYQDF7,1800 Bed Sheets,Full,Hazy Lilac,379.7,1556.5,210,1097,11,50,0.05238095238095238,0.04557885141294439,0.006802100968007992
B00ZSGVP8W,1800 Bed Sheets,Full,Striped White,377.4200000000001,1110.55,139,564,10,37,0.07194244604316546,0.06560283687943262,0.006339609163732843
B08CZZMK9Q,1800 Bed Sheet Set With DEEP Fitted Sheet,Full,Spa Mint,367.76,827.34,92,613,8,22,0.08695652173913043,0.03588907014681892,0.05106745159231151
B08BZY1R1R,1800 Bed Sheet Set With DEEP Fitted Sheet,King,Lavender,363.78999999999996,2980.88,220,2104,7,70,0.031818181818181815,0.03326996197718631,-0.0014517801590044968
B0822W4BT5,1800 Bed Sheet Set With DEEP Fitted Sheet,California King,Light Gray,363.78999999999996,2010.9900000000002,91,1642,7,47,0.07692307692307693,0.028623629719853837,0.048299447203223086
B0822W5J5M,1800 Bed Sheet Set With DEEP Fitted Sheet,California King,Gray,363.78999999999996,1692.96,83,524,7,40,0.08433734939759036,0.07633587786259542,0.008001471534994933
B0822Z3PLW,1800 Bed Sheet Set With DEEP Fitted Sheet,Twin XL,Gray,359.76,2176.2,59,400,8,60,0.13559322033898305,0.15,-0.014406779661016944
B00SU0QUUQ,1800 Bed Sheets,California King,Light Gray,359.76,2104.29,107,747,8,58,0.07476635514018691,0.07764390896921017,-0.0028775538290232577
B00NLNDR30,1800 Bed Sheets,Queen,Gold,359.73,2265.87,181,1604,9,71,0.049723756906077346,0.0442643391521197,0.0054594177539576474
B00RKHWN74,1800 Pillowcase Set 2 pc,Set of 2 Standard Size,Gray,359.4,952.98,54,188,20,64,0.37037037037037035,0.3404255319148936,0.02994483845547674
B08TRRF39C,1800 Pillowcase Set 2 pc,Set of 2 Standard Size,Sage,358.68000000000006,596.43,59,191,20,39,0.3389830508474576,0.20418848167539266,0.13479456917206495
B08RZCTQKF,1800 Bed Sheets,Twin,Teal,349.70000000000005,1006.95,85,671,10,35,0.11764705882352941,0.05216095380029806,0.06548610502323135
B016P42LGU,1800 Bed Sheets,Twin XL,Aqua,349.7,1300.65,150,618,10,45,0.06666666666666667,0.07281553398058252,-0.006148867313915854
B08V8T4J6N,1800 Bed Sheets,RV / Short Queen,Beige,349.0,687.65,80,311,10,23,0.125,0.07395498392282958,0.05104501607717042
B0CLYB7V8V,1800 Bed Sheets,King,Taupe,343.76,2461.27,142,1283,8,71,0.056338028169014086,0.05533904910366329,0.0009989790653507982
B07R8X7VXT,1800 Bed Sheets,Full,Pinstripe Gray,341.73,2685.32,490,1667,9,87,0.018367346938775512,0.052189562087582485,-0.03382221514880697
B0DGQQYPRL,1800 Bed Sheets,Full,Oxford Stripe Sage,341.72999999999996,577.03,107,373,9,19,0.08411214953271028,0.05093833780160858,0.0331738117311017
B01DN0AAO4,1800 Bed Sheets,Full,Coral,341.72999999999996,745.82,136,567,10,24,0.07352941176470588,0.042328042328042326,0.03120136943666356
B0822Y48HH,1800 Bedskirt,Queen,Beige,335.52,362.7,262,532,16,20,0.061068702290076333,0.03759398496240601,0.02347471732767032
B08RZDTTWQ,1800 Bed Sheets,Split King,Sage,328.78999999999996,2435.12,134,999,7,66,0.05223880597014925,0.06606606606606606,-0.01382726009591681
B014MVUI36,1800 Pillowcase Set 2 pc,Set of 2 King Size,Light Gray,323.46,533.5799999999999,55,114,18,34,0.32727272727272727,0.2982456140350877,0.029027113237639568
B082311F9Z,1800 Bedskirt,Queen,Navy Blue,314.54999999999995,393.11999999999995,104,142,15,21,0.14423076923076922,0.14788732394366197,-0.003656554712892751
B08RZCQN3D,1800 Bed Sheets,Twin XL,Sage,314.03,1426.4699999999998,107,476,9,51,0.08411214953271028,0.10714285714285714,-0.02303070761014686
B08CZZ9XPC,1800 Bed Sheet Set With DEEP Fitted Sheet,California King,Spa Mint,311.82000000000005,2057.73,101,989,6,49,0.0594059405940594,0.04954499494438827,0.009860945649671132
B0822X28WM,1800 Bed Sheet Set With DEEP Fitted Sheet,King,Black,311.82,1907.6999999999998,111,645,6,45,0.05405405405405406,0.06976744186046512,-0.015713387806411058
B0822YSF4H,1800 Bed Sheet Set With DEEP Fitted Sheet,California King,Blue Hydrangea,311.82,2390.29,78,705,6,57,0.07692307692307693,0.08085106382978724,-0.003927986906710312
B0BTZ4KPTZ,1800 Bed Sheet Set 6 PIECE,Full,White,311.76,1125.04,83,237,9,34,0.10843373493975904,0.14345991561181434,-0.035026180672055304
B0CNWG3MCK,1800 Pillowcase Set 2 pc,Set of 2 Standard Size,Ivory,305.49,734.76,55,150,19,48,0.34545454545454546,0.32,0.025454545454545452
B01CYLCJMY,1800 Bed Sheets,Full,Paisley Gray,303.76,1025.01,669,1517,8,33,0.01195814648729447,0.021753460777851022,-0.009795314290556552
B07R924M7Y,1800 Bed Sheets,Full,Laced Sky Blue,303.76,1085.75,256,755,8,35,0.03125,0.046357615894039736,-0.015107615894039736
B08RZCXTG7,1800 Bed Sheets,Full,Teal,303.76,1465.3899999999999,136,789,8,47,0.058823529411764705,0.059569074778200254,-0.0007455453664355488
B0822VN7VK,1800 Bed Sheet Set With DEEP Fitted Sheet,Split King,White,299.82,3267.6,196,2009,6,80,0.030612244897959183,0.039820806371329016,-0.009208561473369833
B08BZVYQ96,1800 Bed Sheet Set With DEEP Fitted Sheet,Queen,Emerald Green,299.82,2168.41,185,1273,6,53,0.032432432432432434,0.041633935585231735,-0.0092015031527993
B00RKHWP8G,1800 Pillowcase Set 2 pc,Set of 2 Standard Size,Navy Blue,287.52,326.07,26,62,16,21,0.6153846153846154,0.3387096774193548,0.2766749379652606
B01ES3L50S,1800 Fitted Sheet,Twin,White,284.54999999999995,512.96,36,157,15,33,0.4166666666666667,0.21019108280254778,0.2064755838641189
B0DGQPSBKY,1800 Bed Sheets,Queen,Charcoal,279.78999999999996,1964.2,120,656,7,60,0.058333333333333334,0.09146341463414634,-0.033130081300813005
B0DGQQ52Z7,1800 Bed Sheets,Queen,Oxford Stripe Hazy Lilac,279.78999999999996,961.1,190,1122,7,30,0.03684210526315789,0.026737967914438502,0.01010413734871939
B0DGQQMQNK,1800 Bed Sheets,Twin XL,Mineral Gray,279.76,2629.21,153,980,8,93,0.05228758169934641,0.09489795918367347,-0.04261037748432706
B016P4329A,1800 Bed Sheets,Twin XL,Tan,279.76,607.6700000000001,30,135,8,21,0.26666666666666666,0.15555555555555556,0.1111111111111111
B08V93R9LN,1800 Bed Sheets,RV / Short Queen,Light Gray,279.76,853.1299999999999,118,347,8,29,0.06779661016949153,0.08357348703170028,-0.015776876862208758
B00WAIGW9S,1800 Bed Sheets,Twin,Lavender,279.76,1867.02,146,1014,8,66,0.0547945205479452,0.0650887573964497,-0.010294236848504501
B01ETTGSFI,1800 Flat Sheet,King,Emerald Green,279.58,67.88,11,30,14,4,1.2727272727272727,0.13333333333333333,1.1393939393939394
B08CZZQMFC,1800 Bed Sheet Set With DEEP Fitted Sheet,Full,Paisley Gray,275.82,397.6,77,341,6,10,0.07792207792207792,0.02932551319648094,0.04859656472559698
B0112XOJJQ,1800 Bed Sheets,California King,Tan,269.82,512.58,61,231,6,14,0.09836065573770492,0.06060606060606061,0.03775459513164431
B07BKMZ5YD,1800 Bed Sheets,California King,Spa Blue,269.82,1366.8899999999999,77,545,6,37,0.07792207792207792,0.06788990825688074,0.010032169665197183
B013FJJJC2,1800 Bed Sheets,Full,Royal Blue,265.03,1184.46,109,553,7,38,0.06422018348623854,0.06871609403254973,-0.0044959105463111965
B0BTZ5HKPM,1800 Bed Sheet Set 6 PIECE,King,Beige,264.85,629.38,68,496,5,14,0.07352941176470588,0.028225806451612902,0.04530360531309298
B07YYLSXJV,Cotton Flannel Sheet Set 160GSM,Twin XL,White,263.82,457.21000000000004,23,50,6,13,0.2608695652173913,0.26,0.0008695652173912882
B08CZYZSGG,1800 Bed Sheet Set With DEEP Fitted Sheet,California King,Paisley Gray,259.85,1590.0900000000001,86,584,5,37,0.05813953488372093,0.06335616438356165,-0.005216629499840718
B0822X2TJD,1800 Bed Sheet Set With DEEP Fitted Sheet,California King,Brick Red,259.85,207.85,25,182,5,5,0.2,0.027472527472527472,0.17252747252747253
B0822WGD4S,"1800 Fitted Sheet 21"" Deep",King,White,259.7,565.99,66,153,10,27,0.15151515151515152,0.17647058823529413,-0.02495543672014261
B00NQDGLTW,1800 Bed Sheets,King,Brick Red,257.82,1855.01,207,1305,6,53,0.028985507246376812,0.04061302681992337,-0.011627519573546557
B00NQDGJ8A,1800 Bed Sheets,King,Gold,257.82,1812.0400000000002,151,624,6,52,0.039735099337748346,0.08333333333333333,-0.04359823399558498
B013FJJQPM,1800 Bed Sheets,King,Royal Blue,257.82,2615.55,221,1479,6,75,0.027149321266968326,0.05070993914807302,-0.023560617881104695
B00RKHWL1M,1800 Pillowcase Set 2 pc,Set of 2 Standard Size,Beige,251.57999999999998,499.43999999999994,45,143,14,32,0.3111111111111111,0.22377622377622378,0.08733488733488734
B01DN0BACU,1800 Pillowcase Set 2 pc,Set of 2 Standard Size,Spa Mint,251.22,743.76,71,212,14,48,0.19718309859154928,0.22641509433962265,-0.029231995748073364
B0822X68ZT,1800 Bed Sheet Set With DEEP Fitted Sheet,Split King,Beige,249.85,1369.01,40,291,5,33,0.125,0.1134020618556701,0.011597938144329897
B0822WFRNV,1800 Bed Sheet Set With DEEP Fitted Sheet,Queen,Brick Red,249.85,1279.07,107,719,5,31,0.04672897196261682,0.043115438108484005,0.003613533854132815
B0822XLS97,1800 Bed Sheet Set With DEEP Fitted Sheet,Split King,Blue Hydrangea,248.85,1478.8899999999999,49,409,5,38,0.10204081632653061,0.09290953545232274,0.009131280874207878
B01CYLCDCU,1800 Bed Sheets,Twin,Paisley Gray,244.79,230.76,54,248,7,8,0.12962962962962962,0.03225806451612903,0.09737156511350059
B08V91NK5W,1800 Bed Sheets,RV / Short Queen,Navy Blue,244.79,90.91,32,78,7,3,0.21875,0.038461538461538464,0.18028846153846154
B0CNRYNKYC,1800 Bed Sheets,Twin XL,Blue Nova,244.79,1160.77,103,550,7,41,0.06796116504854369,0.07454545454545454,-0.006584289496910853
B01DN09Z7M,1800 Bed Sheets,Twin,Coral,244.79,356.64,61,373,7,12,0.11475409836065574,0.032171581769437,0.08258251659121874
B07BKTVFBX,1800 Bed Sheets,Twin,Spa Blue,244.79,769.1899999999999,93,678,7,27,0.07526881720430108,0.03982300884955752,0.035445808354743556
B0CNRY8FZD,1800 Bed Sheets,Twin XL,Sky Blue,244.79,2097.7799999999997,165,1007,7,74,0.04242424242424243,0.07348560079443893,-0.031061358370196503
B0112XNQYU,1800 Bed Sheets,Twin,Tan,244.09,454.54999999999995,37,135,7,15,0.1891891891891892,0.1111111111111111,0.0780780780780781
B0DGQRDPMP,1800 Bed Sheets,Queen,Oxford Stripe Blue Nova,239.82,2533.63,266,1996,6,79,0.022556390977443608,0.039579158316633264,-0.017022767339189657
B0822V7SL6,1800 Pillow Shams 2 piece,Standard,Blue Hydrangea,239.22,311.25,183,237,16,25,0.08743169398907104,0.10548523206751055,-0.018053538078439513
B07WZP4STM,Cotton Flannel Sheet Set 180GSM,Queen,Navy,235.88,94.34,49,74,4,2,0.08163265306122448,0.02702702702702703,0.054605626034197455
B0CYCRZYN3,1800 Bed Sheet Set 6 PC With DEEP Fitted Sheet,King,Sage,235.88,339.03999999999996,14,96,4,7,0.2857142857142857,0.07291666666666667,0.212797619047619
B01MY7SCEE,1800 Bed Sheets,Split King,Gray,234.85,660.16,61,309,5,18,0.08196721311475409,0.05825242718446602,0.02371478593028807
B099SBTBPD,1800 Duvet Cover Set,Full,White,230.79,118.68,44,144,7,4,0.1590909090909091,0.027777777777777776,0.13131313131313133
B0BMW9NHP1,1800 Bed Sheet Set With DEEP Fitted Sheet,Full,Blush Pink,229.85,1755.8199999999997,108,743,5,46,0.046296296296296294,0.06191117092866756,-0.015614874632371267
B00ZSGVXS4,1800 Bed Sheets,Full,Striped Gray/Silver,227.82,525.79,92,689,6,17,0.06521739130434782,0.02467343976777939,0.04054395153656844
B00O35DIC0,1800 Bed Sheets,Full,Brown,227.82,804.82,152,309,6,26,0.039473684210526314,0.08414239482200647,-0.04466871061148016
B00O35DKHS,1800 Bed Sheets,Full,Purple,227.82,880.76,75,275,6,28,0.08,0.10181818181818182,-0.02181818181818182
B0CNRXQRJP,1800 Bed Sheets,Full,Pistachio,227.06,971.87,137,727,6,31,0.043795620437956206,0.04264099037138927,0.0011546300665669362
B0112XOOZ0,1800 Bed Sheets,Full,Tan,227.06,1381.1200000000001,74,337,6,44,0.08108108108108109,0.13056379821958458,-0.049482717138503496
B07R6TBBCQ,1800 Bed Sheets,California King,Laced Sky Blue,224.85,683.4300000000001,54,264,5,20,0.09259259259259259,0.07575757575757576,0.016835016835016828
B08RZDNSMT,1800 Bed Sheets,California King,Teal,224.85,1133.07,47,338,5,31,0.10638297872340426,0.09171597633136094,0.014667002392043313
B01DN0AYFY,1800 Bed Sheets,California King,Blue Hydrangea,224.85,1314.62,83,527,5,36,0.060240963855421686,0.0683111954459203,-0.00807023159049862
B08BZY2D1D,1800 Bed Sheet Set With DEEP Fitted Sheet,Twin XL,Aqua,224.85,625.9300000000001,62,292,5,17,0.08064516129032258,0.05821917808219178,0.0224259832081308
B08RZCW5QJ,1800 Bed Sheets,California King,Sage,224.85,1726.5900000000001,102,624,5,47,0.049019607843137254,0.07532051282051282,-0.026300904977375562
B0CNRVWHB1,1800 Bed Sheets,California King,Hazy Lilac,224.85,881.28,54,399,5,24,0.09259259259259259,0.06015037593984962,0.03244221665274297
B0822W3JSL,1800 Bed Sheet Set With DEEP Fitted Sheet,Twin XL,Navy Blue,224.85,1179.24,44,218,5,32,0.11363636363636363,0.14678899082568808,-0.03315262718932445
B00O35DOT2,1800 Bed Sheets,California King,Beige,223.95,1205.04,59,282,5,32,0.0847457627118644,0.11347517730496454,-0.028729414593100133
B0BTZ6J8CY,1800 Bed Sheet Set 6 PIECE,Queen,Spa Blue,219.85,499.01,33,148,5,13,0.15151515151515152,0.08783783783783784,0.06367731367731368
B01DN0BH0K,1800 Pillowcase Set 2 pc,Set of 2 King Size,Spa Mint,215.64,310.8,39,98,12,20,0.3076923076923077,0.20408163265306123,0.10361067503924648
B08TRRPSQN,1800 Pillowcase Set 2 pc,Set of 2 Standard Size,Golden Ivory,215.27999999999997,1188.45,75,254,13,75,0.17333333333333334,0.2952755905511811,-0.12194225721784774
B0CNRYW1JW,1800 Bed Sheets,King,Pistachio,214.85,1512.28,315,2166,5,44,0.015873015873015872,0.020313942751615882,-0.00444092687860001
B0CNRX7KCV,1800 Bed Sheets,Twin,Hazy Lilac,209.82,573.4,89,854,6,20,0.06741573033707865,0.0234192037470726,0.04399652659000605
B0822W883H,1800 Bed Sheet Set With DEEP Fitted Sheet,King,Royal Blue,207.88,1797.9099999999999,109,893,4,44,0.03669724770642202,0.04927211646136618,-0.012574868754944159
B0822WHDSY,1800 Bed Sheet Set With DEEP Fitted Sheet,California King,Spa Blue,207.88,1340.6399999999999,76,599,4,32,0.05263157894736842,0.05342237061769616,-0.0007907916703277437
B08CZYQC9Y,1800 Bed Sheet Set With DEEP Fitted Sheet,California King,Purple,207.88,419.59999999999997,20,180,4,10,0.2,0.05555555555555555,0.14444444444444446
B0822WWZJR,1800 Bed Sheet Set With DEEP Fitted Sheet,California King,Black,207.88,316.99,32,153,4,7,0.125,0.0457516339869281,0.07924836601307189
B0823123JL,1800 Bedskirt,Cal King,Navy Blue,206.73,159.60999999999999,48,55,9,9,0.1875,0.16363636363636364,0.023863636363636365
B0822VPJB6,1800 Pillow Shams 2 piece,King,Beige,194.60999999999999,299.01,141,207,13,23,0.09219858156028368,0.1111111111111111,-0.018912529550827423
B0822W7ZMZ,1800 Pillow Shams 2 piece,Standard,White,194.60999999999999,101.75999999999999,28,27,13,8,0.4642857142857143,0.2962962962962963,0.16798941798941802
B01DN0AFSU,1800 Bed Sheets,Full,Yellow,189.85,1051.8400000000001,161,1251,5,34,0.031055900621118012,0.02717825739408473,0.003877643227033281
B01DN0ABHU,1800 Bed Sheets,Full,Emerald Green,189.85,1548.96,139,764,5,48,0.03597122302158273,0.06282722513089005,-0.026856002109307317
B00WAIGXVU,1800 Bed Sheets,Full,Black,189.85,1336.34,75,279,5,42,0.06666666666666667,0.15053763440860216,-0.08387096774193549
B01ES3NVCI,1800 Fitted Sheet,Full,White,189.7,642.9300000000001,41,111,10,39,0.24390243902439024,0.35135135135135137,-0.10744891232696113
B0B2Q3FF48,1800 Bedskirt,Queen,Golden Ivory,188.73,231.66,102,185,9,13,0.08823529411764706,0.07027027027027027,0.01796502384737679
B0CLYF44J8,1800 Bed Sheets,Split King,Taupe,187.88,335.53,37,214,4,9,0.10810810810810811,0.04205607476635514,0.06605203334175297
B08RZDBH97,1800 Bed Sheets,Split King,Teal,187.88,624.0899999999999,40,281,4,17,0.1,0.060498220640569395,0.03950177935943061
B0CLYD3B2D,1800 Bed Sheets,Split King,Ivory,187.88,1172.67,99,619,4,32,0.04040404040404041,0.051696284329563816,-0.011292243925523408
B01MR5L532,1800 Bed Sheets,Split King,Lavender,187.88,396.77,35,270,4,11,0.11428571428571428,0.040740740740740744,0.07354497354497354
B08BZW8FG5,1800 Bed Sheet Set With DEEP Fitted Sheet,Full,Aqua,183.88,788.73,69,413,4,21,0.057971014492753624,0.05084745762711865,0.0071235568656349765
B0CNRY813X,1800 Bed Sheets,California King,Blue Nova,179.88,1089.6299999999999,47,310,4,29,0.0851063829787234,0.0935483870967742,-0.008442004118050794
B00O35DQMC,1800 Bed Sheets,California King,Navy Blue,179.88,359.7,18,97,4,10,0.2222222222222222,0.10309278350515463,0.11912943871706758
B00WAIH9IQ,1800 Bed Sheets,California King,Lavender,179.88,856.31,51,369,5,23,0.09803921568627451,0.06233062330623306,0.03570859238004145
B01ETTHIS4,1800 Flat Sheet,Full,White,179.70000000000002,183.24,14,28,10,12,0.7142857142857143,0.42857142857142855,0.28571428571428575
B01DG599TS,1800 Pillowcase Set 2 pc,Set of 2 Standard Size,Tan,179.7,606.9,20,90,10,38,0.5,0.4222222222222222,0.07777777777777778
B01CYLCUAK,1800 Bed Sheets,California King,Paisley Gray,178.98,728.4,67,284,4,20,0.05970149253731343,0.07042253521126761,-0.010721042673954177
B0CYCS32SP,1800 Bed Sheet Set 6 PC With DEEP Fitted Sheet,King,Spa Blue,176.91,344.63,17,109,3,7,0.17647058823529413,0.06422018348623854,0.1122504047490556
B0BTZ59997,1800 Bed Sheet Set 6 PIECE,Queen,Blue Hydrangea,175.88,510.45,49,189,4,13,0.08163265306122448,0.06878306878306878,0.012849584278155704
B0DGQQ87MC,1800 Bed Sheets,Twin,Oxford Stripe Sage,174.85,338.76,43,188,5,12,0.11627906976744186,0.06382978723404255,0.05244928253339931
B08RZC9FZ7,1800 Bed Sheets,Twin XL,Teal,174.85,430.18999999999994,68,288,5,15,0.07352941176470588,0.052083333333333336,0.02144607843137255
B0CNRXT6D9,1800 Bed Sheets,Twin,Sky Blue,174.85,2328.5999999999995,100,928,5,80,0.05,0.08620689655172414,-0.03620689655172414
B08V8ZRKR3,1800 Bed Sheets,RV / Short Queen,Blue Hydrangea,174.85,461.52,70,196,5,16,0.07142857142857142,0.08163265306122448,-0.010204081632653059
B016P42UWA,1800 Bed Sheets,Twin XL,Brick Red,174.85,538.46,49,222,5,18,0.10204081632653061,0.08108108108108109,0.02095973524544953
B0BTZ4CFWV,1800 Bed Sheet Set 6 PIECE,Queen,Light Gray,174.12,729.8299999999999,47,195,4,19,0.0851063829787234,0.09743589743589744,-0.012329514457174034
B00O35D05A,1800 Bed Sheets,Twin,Navy Blue,173.45,853.1,37,151,5,30,0.13513513513513514,0.1986754966887417,-0.06354036155360657
B0CNRX8GGP,1800 Bed Sheets,King,Poppy Orange,171.88,1436.17,161,996,4,41,0.024844720496894408,0.04116465863453815,-0.016319938137643743
B0DGQPRB4N,1800 Bed Sheets,King,Oxford Stripe Hazy Lilac,171.88,803.51,107,744,4,23,0.037383177570093455,0.030913978494623656,0.006469199075469799
B0CLYC7DLL,1800 Bed Sheets,King,Burgundy,171.88,2172.37,93,470,4,62,0.043010752688172046,0.13191489361702127,-0.08890414092884923
B0DGQQ3F3D,1800 Bed Sheets,King,Oxford Stripe Blue Nova,171.88,1281.89,144,945,4,37,0.027777777777777776,0.039153439153439155,-0.01137566137566138
B01ES3MHXC,1800 Fitted Sheet,Twin XL,White,170.73,398.28,37,129,9,24,0.24324324324324326,0.18604651162790697,0.05719673161533628
B0822W8CWV,"1800 Fitted Sheet 21"" Deep",Queen,White,167.79,215.67000000000002,39,82,7,11,0.1794871794871795,0.13414634146341464,0.045340838023764846
B076PH3HVF,1800 Ultrasonic Coverlet,King,Navy,164.91,395.73,400,472,3,9,0.0075,0.019067796610169493,-0.011567796610169493
B0BTZ6WFS3,1800 Bed Sheet Set 6 PIECE,Split King,White,164.91,148.41,22,93,3,3,0.13636363636363635,0.03225806451612903,0.10410557184750732
B0822TXPDR,1800 Pillow Shams 2 piece,King,Blue Hydrangea,164.67,287.30999999999995,83,135,11,23,0.13253012048192772,0.17037037037037037,-0.037840249888442645
B0822VMF9C,1800 Pillow Shams 2 piece,Standard,Light Gray,164.67,140.67000000000002,58,74,11,11,0.1896551724137931,0.14864864864864866,0.04100652376514444
B0BMCH8Q2F,1800 Pillowcase Set 2 pc,Set of 12 King Size,White,162.71,361.6600000000001,21,70,3,8,0.14285714285714285,0.11428571428571428,0.028571428571428567
B0CNRXX5TK,1800 Pillowcase Set 2 pc,Set of 2 Standard Size,Blue Nova,161.73,374.58,24,94,9,24,0.375,0.2553191489361702,0.11968085106382981
B00RKHWWTI,1800 Pillowcase Set 2 pc,Set of 2 Standard Size,Gold,161.73,382.68,95,101,9,24,0.09473684210526316,0.2376237623762376,-0.14288692027097444
B00RKHWYU0,1800 Pillowcase Set 2 pc,Set of 2 Standard Size,Brown,161.73,231.75000000000003,18,56,9,15,0.5,0.26785714285714285,0.23214285714285715
B08TRP773N,1800 Pillowcase Set 2 pc,Set of 2 King Size,Sage,161.73,328.77,31,91,9,21,0.2903225806451613,0.23076923076923078,0.05955334987593053
B0CNRYVY46,1800 Pillowcase Set 2 pc,Set of 2 Standard Size,Sky Blue,161.73,573.09,52,102,9,37,0.17307692307692307,0.3627450980392157,-0.1896681749622926
B00RKHX6VQ,1800 Pillowcase Set 2 pc,Set of 2 King Size,Gray,161.73,481.47,28,95,9,31,0.32142857142857145,0.3263157894736842,-0.004887218045112773
B01LZP8460,1800 Pillowcase Set 2 pc,Set of 2 Standard Size,Paisley Gray,161.73,635.58,111,294,9,42,0.08108108108108109,0.14285714285714285,-0.061776061776061764
B01DN0BC0A,1800 Pillowcase Set 2 pc,Set of 2 King Size,Blue Hydrangea,161.73,530.91,24,120,9,33,0.375,0.275,0.09999999999999998
B01ES3LRNS,1800 Fitted Sheet,Queen,Light Gray,159.76,223.60999999999999,21,89,8,13,0.38095238095238093,0.14606741573033707,0.23488496522204386
B0822XBDZW,1800 Bedskirt,Full,White,159.76,240.57999999999998,74,200,8,14,0.10810810810810811,0.07,0.03810810810810811
B0822Y8J89,1800 Bedskirt,Twin XL,Beige,159.76,107.82,27,66,8,6,0.2962962962962963,0.09090909090909091,0.20538720538720537
B0BTZ5891D,1800 Bed Sheet Set 6 PIECE,King,Blue Hydrangea,158.91,319.79,37,147,3,7,0.08108108108108109,0.047619047619047616,0.03346203346203347
B0BTZ759RC,1800 Bed Sheet Set 6 PIECE,King,Spa Blue,158.91,585.26,73,380,3,13,0.0410958904109589,0.034210526315789476,0.006885364095169426
B01NCLP7SY,Cotton Flannel Sheet Set 160GSM,Queen,Sage,155.91,301.39,62,104,3,7,0.04838709677419355,0.0673076923076923,-0.018920595533498757
B0BMWB3CKD,1800 Bed Sheet Set With DEEP Fitted Sheet,California King,Sage,155.91,1808.31,80,601,3,44,0.0375,0.07321131447587355,-0.03571131447587355
B08CZY4WCP,1800 Bed Sheet Set With DEEP Fitted Sheet,King,Coral,155.91,1585.12,134,898,3,38,0.022388059701492536,0.042316258351893093,-0.019928198650400557
B01ETTFH14,1800 Flat Sheet,Twin XL,White,152.73,423.28,22,29,9,29,0.4090909090909091,1.0,-0.5909090909090908
B00O35DHNA,1800 Bed Sheets,Full,Gold,151.88,265.76,52,142,4,8,0.07692307692307693,0.056338028169014086,0.02058504875406284
B0CLY95T5V,1800 Bed Sheets,Full,Burgundy,151.88,531.49,60,189,4,17,0.06666666666666667,0.08994708994708994,-0.023280423280423276
B0DGQRDFJP,1800 Bed Sheets,Full,Oxford Stripe Blue Nova,151.12,675.77,81,365,4,21,0.04938271604938271,0.057534246575342465,-0.008151530525959752
B08BZWY862,1800 Bed Sheet Set With DEEP Fitted Sheet,Split King,Lavender,149.91,519.61,32,276,3,13,0.09375,0.04710144927536232,0.04664855072463768
B0822WT7JY,1800 Bed Sheet Set With DEEP Fitted Sheet,Split King,Spa Blue,149.91,999.25,49,400,3,25,0.061224489795918366,0.0625,-0.001275510204081634
B07J3T35D5,Cotton Flannel Sheet Set 180GSM,Twin XL,White,149.91,0.0,5,6,3,0,0.6,0.0,0.6
B0CYCPL4PN,1800 Bed Sheet Set 6 PC With DEEP Fitted Sheet,Queen,Light Gray,149.91,304.78999999999996,27,105,3,7,0.1111111111111111,0.06666666666666667,0.04444444444444444
B08BZW5JLC,1800 Bed Sheet Set With DEEP Fitted Sheet,Split King,Aqua,149.91,909.34,38,341,3,22,0.07894736842105263,0.06451612903225806,0.014431239388794564
B08CZY1XL7,1800 Bed Sheet Set With DEEP Fitted Sheet,Queen,Coral,149.91,1898.59,141,913,3,47,0.02127659574468085,0.05147864184008762,-0.030202046095406773
B0CYCQ212T,1800 Bed Sheet Set 6 PC With DEEP Fitted Sheet,Queen,Spa Blue,149.91,84.94,48,104,3,2,0.0625,0.019230769230769232,0.04326923076923077
B00RKHXIQO,1800 Pillowcase Set 2 pc,Set of 2 King Size,Brown,143.76,216.48,31,48,8,14,0.25806451612903225,0.2916666666666667,-0.033602150537634434
B08TRP6QMS,1800 Pillowcase Set 2 pc,Set of 2 Standard Size,Blush Pink,143.76,349.44,37,115,8,22,0.21621621621621623,0.19130434782608696,0.024911868390129266
B07M5MCW2R,1800 Pillowcase Set 2 pc,Set of 2 Standard Size,Spa Blue,143.39999999999998,777.0,67,278,8,50,0.11940298507462686,0.17985611510791366,-0.0604531300332868
B08RZG1KTW,1800 Bed Sheets,Split King,Golden Ivory,140.91,912.6499999999999,81,539,3,25,0.037037037037037035,0.04638218923933209,-0.009345152202295058
B01MT8NMIM,1800 Bed Sheets,Split King,Aqua,140.91,884.11,58,375,3,23,0.05172413793103448,0.06133333333333333,-0.009609195402298848
B0DGQRP22Y,1800 Bed Sheets,Split King,Mineral Gray,140.91,609.8199999999999,305,443,3,16,0.009836065573770493,0.03611738148984198,-0.02628131591607149
B07BKMKJKQ,1800 Bed Sheets,Split King,Spa Blue,140.91,1342.12,79,473,3,36,0.0379746835443038,0.07610993657505286,-0.03813525303074906
B01MR5KTCB,1800 Bed Sheets,Split King,Beige,140.91,995.6899999999999,66,354,3,27,0.045454545454545456,0.07627118644067797,-0.030816640986132515
B01MS71I4Z,1800 Bed Sheets,Split King,Tan,139.97,911.0799999999999,52,261,3,24,0.057692307692307696,0.09195402298850575,-0.03426171529619805
B0DGQRFYH8,1800 Bed Sheets,Twin,Mineral Gray,139.88,741.22,83,1011,4,26,0.04819277108433735,0.025717111770524232,0.02247565931381312
B01DN0A7MY,1800 Bed Sheets,Twin XL,Spa Mint,139.88,895.04,174,983,5,32,0.028735632183908046,0.03255340793489318,-0.0038177757509851376
B0CNRXLFGH,1800 Bed Sheets,RV / Short Queen,Sky Blue,139.88,433.54999999999995,87,238,4,15,0.04597701149425287,0.06302521008403361,-0.01704819858978074
B0CNRZB226,1800 Bed Sheets,RV / Short Queen,Blue Nova,139.88,279.7,42,121,4,10,0.09523809523809523,0.08264462809917356,0.012593467138921677
B07MS7NX3D,1800 Duvet Cover Set,Queen,Light Gray,139.88,146.15,23,107,4,5,0.17391304347826086,0.04672897196261682,0.12718407151564404
B07RBZ25P3,1800 Bed Sheets,Twin XL,Laced Sky Blue,139.88,482.49,84,369,4,17,0.047619047619047616,0.04607046070460705,0.0015485869144405695
B0DGQQR6R8,1800 Bed Sheets,Twin XL,Oxford Stripe Sage,139.88,139.85,71,197,4,5,0.056338028169014086,0.025380710659898477,0.03095731750911561
B016P42QTC,1800 Bed Sheets,Twin XL,Brown,139.88,149.38,18,60,4,5,0.2222222222222222,0.08333333333333333,0.1388888888888889
B016P42CLE,1800 Bed Sheets,Twin XL,Beige,139.88,699.25,52,202,4,25,0.07692307692307693,0.12376237623762376,-0.046839299314546834
B01CYLCGFO,1800 Bed Sheets,Twin XL,Paisley Gray,139.88,188.82,77,270,4,6,0.05194805194805195,0.022222222222222223,0.02972582972582973
B0CNS1GMMB,1800 Bed Sheets,Twin,Terracotta,139.88,148.6,39,245,4,5,0.10256410256410256,0.02040816326530612,0.08215593929879644
B079YXSQ5C,1800 Duvet Cover Set,Twin,White,139.85,989.97,62,160,5,41,0.08064516129032258,0.25625,-0.1756048387096774
B0822XYSQR,1800 Bedskirt,Full,Beige,139.79,107.82,44,92,7,6,0.1590909090909091,0.06521739130434782,0.09387351778656126
B07J3SKJMZ,Cotton Flannel Sheet Set 180GSM,California King,Gray,138.54,237.88,14,31,2,4,0.14285714285714285,0.12903225806451613,0.013824884792626724
B0BMWBCR3Y,1800 Bed Sheet Set With DEEP Fitted Sheet,Full,Pinstripe Gray,137.91,500.26,66,345,3,13,0.045454545454545456,0.03768115942028986,0.0077733860342555985
B0BMW97GJF,1800 Bed Sheet Set With DEEP Fitted Sheet,Full,Golden Ivory,137.91,1185.8400000000001,92,619,3,32,0.03260869565217391,0.051696284329563816,-0.019087588677389904
B0822VSKCD,1800 Bed Sheet Set With DEEP Fitted Sheet,Full,Beige,137.91,390.7,53,275,3,10,0.05660377358490566,0.03636363636363636,0.0202401372212693
B08BZWCLY2,1800 Bed Sheet Set With DEEP Fitted Sheet,Full,Lavender,137.91,992.82,58,411,3,26,0.05172413793103448,0.06326034063260341,-0.01153620270156893
B0822Z2JQL,1800 Bedskirt,Cal King,Beige,137.82,205.55,61,108,6,10,0.09836065573770492,0.09259259259259259,0.005768063145112329
B0BMW7ZJ2R,1800 Bed Sheet Set With DEEP Fitted Sheet,Full,Sage,136.99,1001.9900000000001,84,457,4,27,0.047619047619047616,0.05908096280087528,-0.01146191518182766
B0822XZ52Q,1800 Bed Sheet Set With DEEP Fitted Sheet,Twin XL,Light Gray,134.91,3713.9399999999996,84,609,3,102,0.03571428571428571,0.16748768472906403,-0.1317733990147783
B0822XR323,1800 Bed Sheet Set With DEEP Fitted Sheet,Twin,Royal Blue,134.91,188.85,17,109,3,5,0.17647058823529413,0.045871559633027525,0.1305990286022666
B0BMW8ZDS9,1800 Bed Sheet Set With DEEP Fitted Sheet,Twin XL,Blush Pink,134.91,1610.02,27,567,3,44,0.1111111111111111,0.07760141093474426,0.03350970017636684
B0822WHSF5,1800 Bed Sheet Set With DEEP Fitted Sheet,Twin,Spa Blue,134.91,287.76,18,163,3,8,0.16666666666666666,0.049079754601226995,0.11758691206543967
B078SYGWWF,1800 Duvet Cover Set,King,Hotel White with Gray Embroidery,134.91,332.73,67,156,3,9,0.04477611940298507,0.057692307692307696,-0.012916188289322623
B01DN0B3PY,1800 Bed Sheets,California King,Spa Mint,134.91,1576.6100000000001,114,783,3,43,0.02631578947368421,0.05491698595146871,-0.028601196477784502
B07R922JQZ,1800 Bed Sheets,California King,Pinstripe Gray,134.91,764.37,57,411,3,21,0.05263157894736842,0.051094890510948905,0.001536688436419513
B0BMW6RRP6,1800 Bed Sheet Set With DEEP Fitted Sheet,Twin,Pinstripe Gray,134.91,251.79,32,146,3,7,0.09375,0.04794520547945205,0.04580479452054795
B0BMW9DRC4,1800 Bed Sheet Set With DEEP Fitted Sheet,Twin XL,Pinstripe Gray,134.91,899.25,40,318,3,25,0.075,0.07861635220125786,-0.003616352201257861
B0822WFM2P,1800 Bed Sheet Set With DEEP Fitted Sheet,Twin XL,Black,134.91,958.56,21,128,3,25,0.14285714285714285,0.1953125,-0.05245535714285715
B00O35DTJM,1800 Bed Sheets,California King,Aqua,134.91,863.31,81,571,3,23,0.037037037037037035,0.040280210157618214,-0.003243173120581179
B0BMWBZ188,1800 Bed Sheet Set With DEEP Fitted Sheet,Twin XL,Laced Sky Blue,134.91,488.1,28,235,3,15,0.10714285714285714,0.06382978723404255,0.04331306990881459
B0BMW8G18Z,1800 Bed Sheet Set With DEEP Fitted Sheet,Twin,Blush Pink,134.91,611.49,63,345,3,17,0.047619047619047616,0.04927536231884058,-0.0016563146997929656
B08TRRBN7D,1800 Fitted Sheet,Full,Golden Ivory,132.79,0.0,12,23,7,0,0.5833333333333334,0.0,0.5833333333333334
B0BTZ6XJMT,1800 Bed Sheet Set 6 PIECE,Queen,Lavender,131.91,224.21999999999997,47,144,3,6,0.06382978723404255,0.041666666666666664,0.022163120567375884
B0BTZ6DDNN,1800 Bed Sheet Set 6 PIECE,Queen,Sage,131.91,636.6899999999999,53,225,3,18,0.05660377358490566,0.08,-0.02339622641509434
B07YYL62HZ,Cotton Flannel Sheet Set 160GSM,Twin,Gray,131.91,79.14,9,19,3,2,0.3333333333333333,0.10526315789473684,0.22807017543859648
B0BTZ5617G,1800 Bed Sheet Set 6 PIECE,Queen,Blush Pink,131.91,434.47,47,153,3,12,0.06382978723404255,0.0784313725490196,-0.014601585314977059
B0BTZ6C597,1800 Bed Sheet Set 6 PIECE,Queen,Emerald Green,131.91,327.97,23,98,3,9,0.13043478260869565,0.09183673469387756,0.03859804791481809
B0822TSDVW,"1800 Fitted Sheet 21"" Deep",Twin XL,Gray,131.82,122.99000000000001,23,53,6,7,0.2608695652173913,0.1320754716981132,0.1287940935192781
B0DGQR5Q2K,1800 Bed Sheets,King,Charcoal,128.91,1461.54,76,412,3,42,0.039473684210526314,0.10194174757281553,-0.06246806336228922
B0822XSCPT,1800 Bedskirt,Queen,Blue Hydrangea,125.82,237.95999999999998,106,147,6,13,0.05660377358490566,0.08843537414965986,-0.0318316005647542
B014MVUANE,1800 Pillowcase Set 2 pc,Set of 2 Standard Size,Black,125.78999999999999,234.45,28,44,7,15,0.25,0.3409090909090909,-0.09090909090909088
B0CNRVZVMG,1800 Pillowcase Set 2 pc,Set of 2 Standard Size,Hazy Lilac,125.78999999999999,213.78,33,72,7,14,0.21212121212121213,0.19444444444444445,0.01767676767676768
B0822WZZ26,1800 Pillowcase Set 2 pc,Set of 2 Standard Size,Laced Sky Blue,125.78999999999999,196.71,30,49,7,13,0.23333333333333334,0.2653061224489796,-0.03197278911564627
B08TRN118H,1800 Pillowcase Set 2 pc,Set of 2 King Size,Golden Ivory,125.78999999999999,526.92,27,111,7,34,0.25925925925925924,0.3063063063063063,-0.04704704704704704
B07YYLQFGB,Cotton Flannel Sheet Set 160GSM,California King,Blue,121.94,48.77,19,20,2,1,0.10526315789473684,0.05,0.055263157894736833
B082311FB2,1800 Bedskirt,Twin XL,Black,119.82,240.57999999999998,48,74,8,14,0.16666666666666666,0.1891891891891892,-0.022522522522522542
B07J3THZTH,Cotton Flannel Sheet Set 180GSM,Queen,Gray,117.94,235.85000000000002,43,71,2,5,0.046511627906976744,0.07042253521126761,-0.023910907304290865
B07X4X6YT7,Cotton Flannel Sheet Set 180GSM,Queen,Light Gray Plaid,117.94,294.82000000000005,23,27,2,6,0.08695652173913043,0.2222222222222222,-0.13526570048309178
B0D7JBM5Z1,1800 Bed Sheet Set 6 PC With DEEP Fitted Sheet,King,Golden Ivory,117.94,238.05,33,76,2,5,0.06060606060606061,0.06578947368421052,-0.005183413078149915
B0BTZ4HCRP,1800 Bed Sheet Set 6 PIECE,Full,Gray,116.91,105.21,12,24,3,3,0.25,0.125,0.125
B0CYCQM95B,1800 Bed Sheet Set 6 PC With DEEP Fitted Sheet,California King,White,113.94,138.0,22,49,2,3,0.09090909090909091,0.061224489795918366,0.029684601113172546
B0CNRYLZCL,1800 Bed Sheets,Full,Poppy Orange,113.91,212.59,81,299,3,7,0.037037037037037035,0.023411371237458192,0.013625665799578843
B0DGQNQFFX,1800 Bed Sheets,Full,Charcoal,113.91,539.0899999999999,25,155,3,17,0.12,0.10967741935483871,0.010322580645161283
B0BTZ5BY6R,1800 Bed Sheet Set 6 PIECE,Twin XL,Light Gray,113.91,457.48,24,84,4,14,0.16666666666666666,0.16666666666666666,0.0
B0BTZ74CPX,1800 Bed Sheet Set 6 PIECE,Twin,Blue Hydrangea,113.91,560.31,7,32,3,17,0.42857142857142855,0.53125,-0.10267857142857145
B00O35DMNU,1800 Bed Sheets,Full,Brick Red,113.91,334.07,50,164,3,11,0.06,0.06707317073170732,-0.007073170731707323
B01ES3MLU6,1800 Fitted Sheet,Twin XL,Gray,113.82,131.81,14,25,6,8,0.42857142857142855,0.32,0.10857142857142854
B0CNRYWWWY,1800 Bed Sheets,Full,Terracotta,113.15,394.81,124,445,3,14,0.024193548387096774,0.03146067415730337,-0.007267125770206599
B01ETTDYPK,1800 Flat Sheet,Twin,White,111.78999999999999,92.59,17,41,7,7,0.4117647058823529,0.17073170731707318,0.24103299856527974
B0822ZVWFK,1800 Pillowcase Set 4 pc,King,Light Gray,108.0,108.00000000000001,14,35,4,5,0.2857142857142857,0.14285714285714285,0.14285714285714285
B0822Z12BH,1800 Pillowcase Set 4 pc,King,Gray,108.0,181.89999999999998,13,26,4,8,0.3076923076923077,0.3076923076923077,0.0
B0822YRCDP,1800 Pillowcase Set 4 pc,Standard,Gray,108.0,354.24,28,76,5,15,0.17857142857142858,0.19736842105263158,-0.018796992481203006
B014MVUGNS,1800 Pillowcase Set 2 pc,Set of 2 King Size,Lavender,107.82,127.55999999999999,18,42,6,8,0.3333333333333333,0.19047619047619047,0.14285714285714285
B00RKHWU2W,1800 Pillowcase Set 2 pc,Set of 2 Standard Size,Aqua,107.82,359.28,45,72,6,24,0.13333333333333333,0.3333333333333333,-0.19999999999999998
B0BTZ7QPLJ,1800 Bed Sheet Set 6 PIECE,King,Emerald Green,105.94,233.05,21,114,2,5,0.09523809523809523,0.043859649122807015,0.05137844611528822
B0BTZ8K6K4,1800 Bed Sheet Set 6 PIECE,King,Aqua,105.94,222.99,24,90,2,5,0.08333333333333333,0.05555555555555555,0.027777777777777776
B0BTZ73R1X,1800 Bed Sheet Set 6 PIECE,King,Purple,105.94,97.99000000000001,8,46,2,2,0.25,0.043478260869565216,0.20652173913043478
B0BTZ6RFZL,1800 Bed Sheet Set 6 PIECE,King,Navy Blue,105.94,429.03000000000003,35,102,2,9,0.05714285714285714,0.08823529411764706,-0.031092436974789923
B0822YGP85,1800 Pillowcase Set 4 pc,Standard,Light Gray,105.3,435.78000000000003,28,75,4,19,0.14285714285714285,0.25333333333333335,-0.1104761904761905
B016P430CY,1800 Bed Sheets,Twin XL,Lavender,104.91,1041.8899999999999,87,443,3,37,0.034482758620689655,0.0835214446952596,-0.049038686074569945
B08V8T981S,1800 Bed Sheets,RV / Short Queen,Black,104.91,125.88,24,74,3,4,0.125,0.05405405405405406,0.07094594594594594
B07R5VNM7R,1800 Bed Sheets,Twin,Pinstripe Gray,104.91,1146.8,59,308,3,40,0.05084745762711865,0.12987012987012986,-0.07902267224301121
B016P42OTE,1800 Bed Sheets,Twin XL,Gold,104.91,59.44,22,77,3,2,0.13636363636363635,0.025974025974025976,0.11038961038961037
B0CLYDTMYZ,1800 Bed Sheets,Twin XL,Burgundy,104.91,90.91,34,69,3,3,0.08823529411764706,0.043478260869565216,0.04475703324808185
B07R6T8YGK,1800 Bed Sheets,Twin XL,Chevron Gray,104.91,482.48999999999995,276,1433,3,17,0.010869565217391304,0.011863224005582694,-0.0009936587881913903
B0CNRYK9MC,1800 Bed Sheets,Twin,Blue Nova,104.91,853.1300000000001,71,592,3,29,0.04225352112676056,0.048986486486486486,-0.006732965359725923
B016P42YS0,1800 Bed Sheets,Twin XL,Black,104.91,727.22,34,137,3,26,0.08823529411764706,0.1897810218978102,-0.10154572778016314
B01DN0A3P0,1800 Bed Sheets,Twin XL,Coral,104.91,454.54999999999995,58,199,3,15,0.05172413793103448,0.07537688442211055,-0.023652746491076064
B0CNRVZBRR,1800 Bed Sheets,Twin XL,Hazy Lilac,104.91,314.66999999999996,53,348,3,11,0.05660377358490566,0.031609195402298854,0.024994578182606808
B013FJJH1A,1800 Bed Sheets,Twin,Royal Blue,104.91,251.73,60,508,3,9,0.05,0.017716535433070866,0.03228346456692914
B00WAIGUKO,1800 Bed Sheets,Twin,Black,104.91,482.49,24,177,3,17,0.125,0.096045197740113,0.028954802259887003
B0CNRZ73D8,1800 Bed Sheets,Twin,Poppy Orange,104.91,111.88,48,245,3,4,0.0625,0.0163265306122449,0.0461734693877551
B0DGQR6JZW,1800 Bed Sheets,Twin XL,Charcoal,104.91,398.5799999999999,19,108,3,14,0.15789473684210525,0.12962962962962962,0.028265107212475632
B08RZCP48K,1800 Bed Sheets,Twin,Sage,104.91,2671.15,114,901,3,95,0.02631578947368421,0.10543840177580466,-0.07912261230212045
B0BMWL7N8S,1800 Bed Sheet Set With DEEP Fitted Sheet,California King,Pinstripe Gray,103.94,1032.52,65,499,2,24,0.03076923076923077,0.04809619238476954,-0.017326961615538768
B0BMW9JMXG,1800 Bed Sheet Set With DEEP Fitted Sheet,California King,Laced Sky Blue,103.94,1673.23,69,502,2,39,0.028985507246376812,0.07768924302788845,-0.04870373578151163
B01MYZYURF,Cotton Flannel Sheet Set 160GSM,Queen,Blue,103.94,207.85,25,42,2,5,0.08,0.11904761904761904,-0.03904761904761904
B0BTZ51FTP,1800 Bed Sheet Set 6 PIECE,King,Gray,103.82,450.20000000000005,31,102,2,10,0.06451612903225806,0.09803921568627451,-0.033523086654016446
B0BMBFH19B,1800 Pillowcase Set 2 pc,Set of 12 Standard Size,White,99.94,828.4000000000001,31,824,2,20,0.06451612903225806,0.024271844660194174,0.040244284372063885
B0822X42YC,1800 Bed Sheet Set With DEEP Fitted Sheet,Split King,Light Gray,99.94,1259.0700000000002,47,472,2,31,0.0425531914893617,0.06567796610169492,-0.02312477461233322
B0CYCPRDLR,1800 Bed Sheet Set 6 PC With DEEP Fitted Sheet,Queen,Ivory,99.94,262.32,52,173,2,6,0.038461538461538464,0.03468208092485549,0.003779457536682976
B0CYCP394Q,1800 Bed Sheet Set 6 PC With DEEP Fitted Sheet,Queen,Sage,99.94,329.76,28,103,2,8,0.07142857142857142,0.07766990291262135,-0.006241331484049928
B097YXCRQF,Cotton Flannel Sheet Set 180GSM,Twin,Ivory,99.94,0.0,9,9,2,0,0.2222222222222222,0.0,0.2222222222222222
B0CYCPKTKS,1800 Bed Sheet Set 6 PC With DEEP Fitted Sheet,Queen,Sky Blue,99.94,281.69,39,143,2,7,0.05128205128205128,0.04895104895104895,0.0023310023310023284
B0CYCQC3PJ,1800 Bed Sheet Set 6 PC With DEEP Fitted Sheet,Queen,Blush Pink,99.94,177.38,22,60,2,4,0.09090909090909091,0.06666666666666667,0.024242424242424246
B07X2SPGN7,Cotton Flannel Sheet Set 180GSM,Twin XL,Navy,99.94,39.97,5,22,2,1,0.4,0.045454545454545456,0.35454545454545455
B01ETTI0UO,1800 Flat Sheet,California King,Light Gray,99.85,198.67,34,79,5,11,0.14705882352941177,0.13924050632911392,0.007818317200297853
B0B5HQFYDR,1800 Duvet Cover Set,Oversized King,White,95.94,163.07999999999998,49,104,2,4,0.04081632653061224,0.038461538461538464,0.002354788069073778
B0B5HSBY5X,1800 Duvet Cover Set,Oversized King,Light Gray,95.94,0.0,16,26,2,0,0.125,0.0,0.125
B01MT8NVMQ,1800 Bed Sheets,Split King,Brick Red,93.94,144.28,26,90,2,4,0.07692307692307693,0.044444444444444446,0.03247863247863248
B0DGQPH1CB,1800 Bed Sheets,Split King,Oxford Stripe Blue Nova,93.94,113.91,30,118,2,3,0.06666666666666667,0.025423728813559324,0.04124293785310734
B01MS6XZ05,1800 Bed Sheets,Split King,Light Gray,93.94,1067.83,68,525,2,29,0.029411764705882353,0.05523809523809524,-0.025826330532212886
B0822XTZ9H,1800 Bed Sheet Set With DEEP Fitted Sheet,Full,Royal Blue,91.94,556.8,30,192,2,15,0.06666666666666667,0.078125,-0.011458333333333334
B0822XCWY1,1800 Bed Sheet Set With DEEP Fitted Sheet,Full,Navy Blue,91.94,882.48,24,196,2,24,0.08333333333333333,0.12244897959183673,-0.0391156462585034
B0822WMBHV,1800 Bed Sheet Set With DEEP Fitted Sheet,Full,Gray,91.94,1237.76,67,1259,3,33,0.04477611940298507,0.026211278792692614,0.018564840610292458
B0822Y5XHB,1800 Bedskirt,King,Gray,91.88,62.01,18,49,4,3,0.2222222222222222,0.061224489795918366,0.16099773242630383
B0822YSV5P,1800 Bedskirt,King,Navy Blue,91.88,202.1,98,99,4,10,0.04081632653061224,0.10101010101010101,-0.06019377447948877
B0B2Q3NLYP,1800 Bedskirt,King,Golden Ivory,91.88,228.49,69,193,4,12,0.057971014492753624,0.06217616580310881,-0.004205151310355183
B0822XW5PF,1800 Bedskirt,King,Spa Blue,91.88,65.46,52,96,4,3,0.07692307692307693,0.03125,0.04567307692307693
B00WAIH7V0,1800 Bed Sheets,California King,Black,89.94,455.64,18,83,2,12,0.1111111111111111,0.14457831325301204,-0.03346720214190094
B0DGQRXZ43,1800 Bed Sheets,California King,Charcoal,89.94,297.46,14,78,2,8,0.14285714285714285,0.10256410256410256,0.04029304029304029
B00ZSGW4FK,1800 Bed Sheets,California King,Striped White,89.94,1115.13,83,336,2,30,0.024096385542168676,0.08928571428571429,-0.0651893287435456
B0822X1F1C,1800 Bed Sheet Set With DEEP Fitted Sheet,Twin XL,Spa Blue,89.94,38.22,50,278,2,1,0.04,0.0035971223021582736,0.03640287769784173
B0822XD973,1800 Bed Sheet Set With DEEP Fitted Sheet,Twin XL,Beige,89.94,350.73,37,224,2,9,0.05405405405405406,0.04017857142857143,0.013875482625482626
B0CNRX2YJB,1800 Bed Sheets,California King,Terracotta,89.94,494.6099999999999,47,221,2,13,0.0425531914893617,0.058823529411764705,-0.016270337922403004
B08CZYNG76,1800 Bed Sheet Set With DEEP Fitted Sheet,Twin XL,Spa Mint,89.94,809.34,70,436,2,22,0.02857142857142857,0.05045871559633028,-0.021887287024901707
B0DGQRMQ24,1800 Bed Sheets,California King,Oxford Stripe Blue Nova,89.94,225.32,31,138,2,6,0.06451612903225806,0.043478260869565216,0.021037868162692847
B0822WL4Z5,1800 Bed Sheet Set With DEEP Fitted Sheet,Twin,Blue Hydrangea,89.94,790.27,39,1245,2,21,0.05128205128205128,0.016867469879518072,0.03441458140253321
B00O35CYRK,1800 Bed Sheets,California King,Brown,89.94,144.28,24,71,2,4,0.08333333333333333,0.056338028169014086,0.026995305164319243
B00O35CXRQ,1800 Bed Sheets,California King,Gold,89.94,485.64,44,170,2,12,0.045454545454545456,0.07058823529411765,-0.02513368983957219
B00O35D014,1800 Bed Sheets,California King,Purple,89.94,396.77,35,358,2,11,0.05714285714285714,0.030726256983240222,0.02641660015961692
B013FJJSSW,1800 Bed Sheets,California King,Royal Blue,89.94,344.92999999999995,32,196,2,9,0.0625,0.04591836734693878,0.016581632653061222
B0BMW99MVD,1800 Bed Sheet Set With DEEP Fitted Sheet,Twin,Golden Ivory,89.94,508.34000000000003,28,247,2,14,0.07142857142857142,0.05668016194331984,0.014748409485251586
B0CNRX7KCP,1800 Bed Sheets,California King,Pistachio,89.94,72.14,40,236,2,2,0.05,0.00847457627118644,0.041525423728813564
B0CLYCNW79,1800 Bed Sheets,California King,Burgundy,89.94,369.6,17,75,2,10,0.11764705882352941,0.13333333333333333,-0.01568627450980392
B07MMZ7VNL,1800 Pillowcase Set 2 pc,Set of 2 King Size,Spa Blue,89.85,499.43999999999994,19,94,5,32,0.2631578947368421,0.3404255319148936,-0.07726763717805152
B00RKHX5CQ,1800 Pillowcase Set 2 pc,Set of 2 King Size,Beige,89.85,282.96,32,55,5,18,0.15625,0.32727272727272727,-0.17102272727272727
B08TRPW85X,1800 Pillowcase Set 2 pc,Set of 2 Standard Size,Teal,89.85,384.44999999999993,36,90,5,25,0.1388888888888889,0.2777777777777778,-0.1388888888888889
B08BZZ4MJY,1800 Bed Sheet Set With DEEP Fitted Sheet,Twin,Lavender,89.03999999999999,314.73,30,177,2,9,0.06666666666666667,0.05084745762711865,0.01581920903954802
B01ES3NWY0,1800 Fitted Sheet,King,Spa Mint,87.88,165.86,24,70,4,8,0.16666666666666666,0.11428571428571428,0.052380952380952375
B0822XNLKD,1800 Pillowcase Set 4 pc,Standard,Navy Blue,81.0,218.7,12,27,3,9,0.25,0.3333333333333333,-0.08333333333333331
B0822Y83D3,1800 Bedskirt,Twin,Beige,79.88,186.67,23,33,4,11,0.17391304347826086,0.3333333333333333,-0.15942028985507245
B0BTZ4XGNW,1800 Bed Sheet Set 6 PIECE,Full,Blue Hydrangea,77.94,132.48,10,50,2,4,0.2,0.08,0.12000000000000001
B0BTZ6WFRX,1800 Bed Sheet Set 6 PIECE,Full,Light Gray,77.94,72.09,9,33,2,2,0.2222222222222222,0.06060606060606061,0.1616161616161616
B0BTZ356YF,1800 Bed Sheet Set 6 PIECE,Full,Navy Blue,77.94,225.2,11,23,2,8,0.18181818181818182,0.34782608695652173,-0.1660079051383399
B08D119XFS,"1800 Fitted Sheet 21"" Deep",King,Aqua,77.91,83.08,19,33,3,4,0.15789473684210525,0.12121212121212122,0.03668261562998404
B08D12F1DW,"1800 Fitted Sheet 21"" Deep",King,Spa Mint,77.91,207.7,30,57,3,10,0.1,0.17543859649122806,-0.07543859649122805
B0822V4YX9,"1800 Fitted Sheet 21"" Deep",King,Gray,77.91,103.85,23,53,3,5,0.13043478260869565,0.09433962264150944,0.03609515996718621
B0BTZ61X6H,1800 Bed Sheet Set 6 PIECE,Twin XL,Navy Blue,75.94,387.24,13,41,2,12,0.15384615384615385,0.2926829268292683,-0.13883677298311442
B01ES3NKDS,1800 Fitted Sheet,Twin XL,Emerald Green,75.88,64.48,8,12,4,4,0.5,0.3333333333333333,0.16666666666666669
B08NPVN1G9,400TC Cotton Sheet Set,King,Gray,74.97,0.0,5,18,1,0,0.2,0.0,0.2
B08NPNZFWB,400TC Cotton Sheet Set,Twin,Navy,74.96,0.0,2,7,2,0,1.0,0.0,1.0
B0822V5KKJ,"1800 Fitted Sheet 21"" Deep",Queen,Black,71.91,0.0,30,22,3,0,0.1,0.0,0.1
B00RKHXFNK,1800 Pillowcase Set 2 pc,Set of 2 King Size,Violet,71.88,0.0,12,21,4,0,0.3333333333333333,0.0,0.3333333333333333
B0CNRYR2PJ,1800 Pillowcase Set 2 pc,Set of 2 Standard Size,Poppy Orange,71.88,76.35,16,34,4,5,0.25,0.14705882352941177,0.10294117647058823
B00RKHXH42,1800 Pillowcase Set 2 pc,Set of 2 King Size,Gold,71.88,86.22,22,17,4,6,0.18181818181818182,0.35294117647058826,-0.17112299465240643
B01DN0B728,1800 Pillowcase Set 2 pc,Set of 2 Standard Size,Emerald Green,71.88,152.7,34,82,4,10,0.11764705882352941,0.12195121951219512,-0.004304160688665709
B08TRRHGXW,1800 Pillowcase Set 2 pc,Set of 2 King Size,Teal,71.88,255.12,17,75,4,16,0.23529411764705882,0.21333333333333335,0.021960784313725473
B00RKHX8OQ,1800 Pillowcase Set 2 pc,Set of 2 King Size,Navy Blue,71.88,206.60999999999999,13,43,4,13,0.3076923076923077,0.3023255813953488,0.00536672629695889
B0CNRXP565,1800 Pillowcase Set 2 pc,Set of 2 King Size,Blue Nova,71.88,143.73,10,58,4,9,0.4,0.15517241379310345,0.24482758620689657
B0822Z1DLW,1800 Pillowcase Set 2 pc,Set of 2 King Size,Laced Sky Blue,71.88,147.51,12,38,4,9,0.3333333333333333,0.23684210526315788,0.09649122807017543
B07J3TFC6H,Cotton Flannel Sheet Set 180GSM,California King,White,69.97,55.97,10,13,1,1,0.1,0.07692307692307693,0.023076923076923078
B07PP4PSBZ,1800 Duvet Cover Set,Queen,Laced Sky Blue,69.94,55.94,33,137,2,2,0.06060606060606061,0.014598540145985401,0.04600752046007521
B0CLYBGP2S,1800 Bed Sheets,Twin,Taupe,69.94,139.85,15,83,2,5,0.13333333333333333,0.060240963855421686,0.07309236947791165
B07BKPDKCN,1800 Bed Sheets,Twin XL,Spa Blue,69.94,1237.71,118,624,2,43,0.01694915254237288,0.06891025641025642,-0.05196110386788354
B01DN09ZIG,1800 Bed Sheets,Twin,Emerald Green,69.94,685.28,70,534,2,24,0.02857142857142857,0.0449438202247191,-0.01637239165329053
B0CNRZ31Y6,1800 Bed Sheets,Twin XL,Terracotta,69.94,167.82,35,126,2,6,0.05714285714285714,0.047619047619047616,0.009523809523809525
B08V92PDJ4,1800 Bed Sheets,RV / Short Queen,Gray,69.94,713.28,36,246,2,24,0.05555555555555555,0.0975609756097561,-0.04200542005420055
B0CLYFB8ST,1800 Bed Sheets,Twin XL,Taupe,69.94,195.79,25,93,2,7,0.08,0.07526881720430108,0.004731182795698924
B00O35D9LA,1800 Bed Sheets,Twin,Brick Red,69.94,246.06,56,310,2,8,0.03571428571428571,0.025806451612903226,0.009907834101382487
B0CNRYPY8G,1800 Bed Sheets,RV / Short Queen,Hazy Lilac,69.94,251.73,54,145,2,9,0.037037037037037035,0.06206896551724138,-0.025031928480204343
B0DGQS8V6Q,1800 Bed Sheets,Twin,Oxford Stripe Blue Nova,69.94,258.73,30,201,2,9,0.06666666666666667,0.04477611940298507,0.021890547263681594
B01DK4LZV0,1800 Bed Sheets,Twin XL,Striped White,69.94,985.95,92,1056,2,35,0.021739130434782608,0.03314393939393939,-0.011404808959156784
B0CNRYJ8QB,1800 Bed Sheets,RV / Short Queen,Terracotta,69.94,64.69,29,72,2,2,0.06896551724137931,0.027777777777777776,0.04118773946360153
B016P433QC,1800 Bed Sheets,Twin XL,Royal Blue,69.94,538.43,69,335,2,19,0.028985507246376812,0.056716417910447764,-0.027730910664070952
B01DN0A4DQ,1800 Bed Sheets,Twin XL,Emerald Green,69.94,713.25,76,317,2,25,0.02631578947368421,0.07886435331230283,-0.052548563838618625
B0DGQR27PJ,1800 Bed Sheets,Twin XL,Oxford Stripe Blue Nova,69.94,279.7,49,286,2,10,0.04081632653061224,0.03496503496503497,0.005851291565577274
B01DN0A2F6,1800 Bed Sheets,Twin,Yellow,69.94,594.0500000000001,70,785,2,20,0.02857142857142857,0.025477707006369428,0.0030937215650591425
B016P42SOU,1800 Bed Sheets,Twin XL,Purple,69.94,286.7,26,101,2,10,0.07692307692307693,0.09900990099009901,-0.022086824067022087
B0CNRXRWGJ,1800 Bed Sheets,RV / Short Queen,Pistachio,69.94,169.38,48,141,2,6,0.041666666666666664,0.0425531914893617,-0.0008865248226950367
B01DN0A8L4,1800 Bed Sheets,Twin XL,Yellow,69.94,398.58,60,312,2,14,0.03333333333333333,0.04487179487179487,-0.011538461538461539
B0822YKJGX,1800 Bedskirt,Cal King,Gray,68.91,58.56,14,20,3,3,0.21428571428571427,0.15,0.06428571428571428
B07X1SX66J,Cotton Flannel Sheet Set 180GSM,King,Light Gray Plaid,65.97,158.31,12,24,1,3,0.08333333333333333,0.125,-0.04166666666666667
B01ES3MT12,1800 Fitted Sheet,King,Navy Blue,65.91,133.99,8,24,3,7,0.375,0.2916666666666667,0.08333333333333331
B01ES3NN4Y,1800 Fitted Sheet,King,Blue Hydrangea,65.91,96.65,22,53,3,5,0.13636363636363635,0.09433962264150944,0.04202401372212691
B0822WVBNY,"1800 Fitted Sheet 21"" Deep",Twin XL,White,65.91,114.22,28,69,3,6,0.10714285714285714,0.08695652173913043,0.020186335403726705
B01ES3OLKY,1800 Fitted Sheet,California King,Black,65.91,37.34,2,9,3,2,1.5,0.2222222222222222,1.2777777777777777
B08NPRQW9J,400TC Cotton Sheet Set,Queen,Light Gray,64.97,64.97,12,22,1,1,0.08333333333333333,0.045454545454545456,0.03787878787878787
B08NPTZ9V4,400TC Cotton Sheet Set,Full,Light Gray,64.97,0.0,6,1,1,0,0.16666666666666666,0.0,0.16666666666666666
B08NPKVCBV,400TC Cotton Sheet Set,Queen,Ivory,64.97,0.0,13,17,1,0,0.07692307692307693,0.0,0.07692307692307693
B081K6V8GD,Cotton Flannel Sheet Set 160GSM,California King,Sage,60.97,0.0,5,13,1,0,0.2,0.0,0.2
B01N7IELX1,Cotton Flannel Sheet Set 160GSM,California King,White,60.97,0.0,5,18,1,0,0.2,0.0,0.2
B0CYCQC3PH,1800 Bed Sheet Set 6 PC With DEEP Fitted Sheet,California King,Ivory,59.97,144.81,8,25,1,3,0.125,0.12,0.0050000000000000044
B0CYCN8T3Y,1800 Bed Sheet Set 6 PC With DEEP Fitted Sheet,California King,Lavender,59.97,50.97,7,15,1,1,0.14285714285714285,0.06666666666666667,0.07619047619047618
B01ES3M7U0,1800 Fitted Sheet,Queen,Blue Hydrangea,59.91,152.73,18,68,3,9,0.16666666666666666,0.1323529411764706,0.03431372549019607
B01ETTH802,1800 Flat Sheet,California King,Beige,59.91,33.94,7,19,3,2,0.42857142857142855,0.10526315789473684,0.3233082706766917
B01ES3LNSC,1800 Fitted Sheet,Queen,Purple,59.91,87.85,12,24,3,5,0.25,0.20833333333333334,0.04166666666666666
B01ES3L7FG,1800 Fitted Sheet,Queen,Gray,59.91,220.60999999999999,20,74,3,13,0.15,0.17567567567567569,-0.02567567567567569
B01ETTFPRA,1800 Flat Sheet,King,Gray,59.91,124.78999999999999,10,32,3,7,0.3,0.21875,0.08124999999999999
B08TRQYGNT,1800 Fitted Sheet,Queen,Blush Pink,59.91,121.78999999999999,25,77,3,7,0.12,0.09090909090909091,0.029090909090909084
B0822TY5NY,1800 Pillow Shams 2 piece,Standard,Spa Blue,59.879999999999995,137.67,59,75,4,11,0.06779661016949153,0.14666666666666667,-0.07887005649717514
B01N6H24DP,Cotton Flannel Sheet Set 160GSM,King,Gray,58.97,47.17,12,14,1,1,0.08333333333333333,0.07142857142857142,0.011904761904761904
B01N6H21GR,Cotton Flannel Sheet Set 160GSM,King,White,58.97,400.96,41,87,1,8,0.024390243902439025,0.09195402298850575,-0.06756377908606673
B0CYCP355Y,1800 Bed Sheet Set 6 PC With DEEP Fitted Sheet,King,Navy Blue,58.97,150.35999999999999,13,41,1,3,0.07692307692307693,0.07317073170731707,0.0037523452157598586
B0CYCP3D24,1800 Bed Sheet Set 6 PC With DEEP Fitted Sheet,King,Tan,58.97,150.36,26,100,1,3,0.038461538461538464,0.03,0.008461538461538465
B01NCM49W6,Cotton Flannel Sheet Set 160GSM,King,Sage,58.97,141.51,13,36,1,3,0.07692307692307693,0.08333333333333333,-0.006410256410256401
B07J3WFHLF,Cotton Flannel Sheet Set 180GSM,Queen,White,58.97,117.94,18,19,1,2,0.05555555555555555,0.10526315789473684,-0.049707602339181284
B0CYCPGS5Q,1800 Bed Sheet Set 6 PC With DEEP Fitted Sheet,King,Ivory,58.97,318.41999999999996,32,80,1,6,0.03125,0.075,-0.04375
B01N2U4UA3,Cotton Flannel Sheet Set 160GSM,King,Burgundy,58.97,153.31,8,19,1,3,0.125,0.15789473684210525,-0.032894736842105254
B0BTZ6DW43,1800 Bed Sheet Set 6 PIECE,Split King,Blue Hydrangea,57.97,98.54,12,50,1,2,0.08333333333333333,0.04,0.04333333333333333
B0892N55VZ,1800 Fitted Sheet,Twin,Spa Blue,56.91,29.08,17,14,3,2,0.17647058823529413,0.14285714285714285,0.03361344537815128
B01ES3OFDM,1800 Fitted Sheet,Full,Light Gray,56.91,99.57000000000001,12,30,3,6,0.25,0.2,0.04999999999999999
B01ETTDVSK,1800 Flat Sheet,Queen,Navy Blue,56.91,67.33000000000001,13,19,3,4,0.23076923076923078,0.21052631578947367,0.02024291497975711
B0BTZ48312,1800 Bed Sheet Set 6 PIECE,California King,Blue Hydrangea,54.97,99.41,6,34,1,2,0.16666666666666666,0.058823529411764705,0.10784313725490195
B0BTZ6CSJQ,1800 Bed Sheet Set 6 PIECE,California King,Light Gray,54.97,0.0,2,13,1,0,0.5,0.0,0.5
B0BTZ6FYXD,1800 Bed Sheet Set 6 PIECE,California King,Sage,54.97,93.44,3,30,1,2,0.3333333333333333,0.06666666666666667,0.26666666666666666
B0BTZ7MT37,1800 Bed Sheet Set 6 PIECE,California King,Beige,54.97,46.72,8,25,1,1,0.125,0.04,0.08499999999999999
B0BTZ5JV9H,1800 Bed Sheet Set 6 PIECE,California King,Aqua,54.97,46.72,3,13,1,1,0.3333333333333333,0.07692307692307693,0.2564102564102564
B0BTZ96P6M,1800 Bed Sheet Set 6 PIECE,California King,Golden Ivory,54.97,0.0,8,23,1,0,0.125,0.0,0.125
B0822Y42LB,1800 Pillowcase Set 4 pc,Standard,Spa Blue,54.0,68.85,18,55,2,3,0.1111111111111111,0.05454545454545454,0.05656565656565656
B0822Y8RMW,1800 Pillowcase Set 4 pc,Standard,Blue Hydrangea,54.0,95.85000000000001,28,60,2,4,0.07142857142857142,0.06666666666666667,0.004761904761904759
B0822XGM2X,1800 Pillowcase Set 4 pc,Standard,Black,54.0,22.95,8,18,2,1,0.25,0.05555555555555555,0.19444444444444445
B01LXQW6IW,1800 Pillowcase Set 2 pc,Set of 2 King Size,Paisley Gray,53.91,247.92000000000002,11,60,3,16,0.2727272727272727,0.26666666666666666,0.006060606060606044
B013FJJXBY,1800 Pillowcase Set 2 pc,Set of 2 King Size,Royal Blue,53.91,91.62,15,56,3,6,0.2,0.10714285714285714,0.09285714285714287
B01DN0BDW2,1800 Pillowcase Set 2 pc,Set of 2 King Size,Emerald Green,53.91,81.74999999999999,17,46,3,5,0.17647058823529413,0.10869565217391304,0.06777493606138109
B0CNWFHGRS,1800 Pillowcase Set 2 pc,Set of 2 King Size,Ivory,53.91,356.61,19,78,3,23,0.15789473684210525,0.2948717948717949,-0.13697705802968962
B0CNWG1SXZ,1800 Pillowcase Set 2 pc,Set of 2 King Size,Taupe,53.91,48.50999999999999,5,14,3,3,0.6,0.21428571428571427,0.3857142857142857
B014MVUFAM,1800 Pillowcase Set 2 pc,Set of 2 King Size,Black,53.91,137.43,7,24,3,9,0.42857142857142855,0.375,0.05357142857142855
B010LAZU9Y,1800 Pillowcase Set 2 pc,Set of 2 Standard Size,Striped Gray/Silver,53.91,112.28999999999999,14,31,3,7,0.21428571428571427,0.22580645161290322,-0.011520737327188946
B01DN0B6A6,1800 Pillowcase Set 2 pc,Set of 2 Standard Size,Coral,53.91,195.81,26,69,3,13,0.11538461538461539,0.18840579710144928,-0.07302118171683389
B0CNWHMBHP,1800 Pillowcase Set 2 pc,Set of 2 Standard Size,Burgundy,53.91,140.13,12,38,4,9,0.3333333333333333,0.23684210526315788,0.09649122807017543
B0BTZ5L4DM,1800 Bed Sheet Set 6 PIECE,King,Coral,52.97,52.97,26,48,1,1,0.038461538461538464,0.020833333333333332,0.01762820512820513
B07J3QQ1QR,Cotton Flannel Sheet Set 180GSM,Full,Gray,52.97,180.08,5,16,1,4,0.2,0.25,-0.04999999999999999
B0BTZ4YV6J,1800 Bed Sheet Set 6 PIECE,King,Golden Ivory,52.97,1056.02,80,224,1,24,0.0125,0.10714285714285714,-0.09464285714285714
B0BTZ5SZVY,1800 Bed Sheet Set 6 PIECE,King,Sage,52.97,427.70000000000005,62,362,1,10,0.016129032258064516,0.027624309392265192,-0.011495277134200677
B0BTZ6S4QR,1800 Bed Sheet Set 6 PIECE,King,Brown,52.97,42.77,17,68,1,1,0.058823529411764705,0.014705882352941176,0.044117647058823525
B08BZWNVRD,1800 Bed Sheet Set With DEEP Fitted Sheet,California King,Tan,51.97,1475.75,84,409,1,35,0.011904761904761904,0.08557457212713937,-0.07366981022237747
B0822X5BGN,1800 Bed Sheet Set With DEEP Fitted Sheet,California King,Navy Blue,51.97,676.3,30,250,1,16,0.03333333333333333,0.064,-0.03066666666666667
B0BMWD2HRD,1800 Bed Sheet Set With DEEP Fitted Sheet,California King,Blush Pink,51.97,764.12,65,634,1,18,0.015384615384615385,0.028391167192429023,-0.013006551807813637
B01M292VUS,Cotton Flannel Sheet Set 160GSM,Queen,Navy,51.97,83.14,9,24,1,2,0.1111111111111111,0.08333333333333333,0.027777777777777776
B01MDQRQRR,Cotton Flannel Sheet Set 160GSM,Queen,White,51.97,83.14,23,46,1,2,0.043478260869565216,0.043478260869565216,0.0
B08BZXLGBQ,1800 Bed Sheet Set With DEEP Fitted Sheet,California King,Aqua,51.97,899.0,61,581,1,20,0.01639344262295082,0.03442340791738382,-0.018029965294432997
B08CZZKK5S,1800 Bed Sheet Set With DEEP Fitted Sheet,California King,Coral,51.97,498.84,26,177,1,12,0.038461538461538464,0.06779661016949153,-0.02933507170795306
B08BZX1V5H,1800 Bed Sheet Set With DEEP Fitted Sheet,California King,Emerald Green,51.97,587.44,41,343,1,14,0.024390243902439025,0.04081632653061224,-0.016426082628173216
B0822WH4Q2,"1800 Fitted Sheet 21"" Deep",California King,Gray,51.94,0.0,23,26,2,0,0.08695652173913043,0.0,0.08695652173913043
B08CZZWN9N,"1800 Fitted Sheet 21"" Deep",California King,Emerald Green,51.94,62.31,10,10,2,3,0.2,0.3,-0.09999999999999998
B01ETTFLPG,1800 Flat Sheet,Twin XL,Gray,50.91,0.0,9,9,3,0,0.3333333333333333,0.0,0.3333333333333333
B0822X11FD,1800 Bed Sheet Set With DEEP Fitted Sheet,Split King,Navy Blue,49.97,254.82,19,144,1,6,0.05263157894736842,0.041666666666666664,0.010964912280701754
B0822WFM2M,1800 Bed Sheet Set With DEEP Fitted Sheet,Split King,Gray,49.97,809.4,31,224,1,20,0.03225806451612903,0.08928571428571429,-0.057027649769585256
B0D7F2CRMR,1800 Bed Sheet Set 6 PC With DEEP Fitted Sheet,Queen,Golden Ivory,49.97,297.28999999999996,42,97,1,7,0.023809523809523808,0.07216494845360824,-0.04835542464408443
B08NPTZDTJ,400TC Cotton Sheet Set,Twin,Denim Blue,49.97,0.0,6,6,1,0,0.16666666666666666,0.0,0.16666666666666666
B0D7J69H6B,1800 Bed Sheet Set 6 PC With DEEP Fitted Sheet,Queen,Beige,49.97,424.7,37,119,1,10,0.02702702702702703,0.08403361344537816,-0.05700658641835113
B0CYCRLVKL,1800 Bed Sheet Set 6 PC With DEEP Fitted Sheet,Queen,Hazy Lilac,49.97,161.4,29,103,1,4,0.034482758620689655,0.038834951456310676,-0.0043521928356210215
B08BZWGHRB,1800 Bed Sheet Set With DEEP Fitted Sheet,Split King,Tan,49.97,953.4899999999999,170,3302,1,23,0.0058823529411764705,0.006965475469412477,-0.0010831225282360067
B07J3T82SR,Cotton Flannel Sheet Set 180GSM,Twin,White,49.97,0.0,8,10,1,0,0.125,0.0,0.125
B07YYM3KHM,Cotton Flannel Sheet Set 160GSM,Full,Burgundy,49.97,79.94,25,48,1,2,0.04,0.041666666666666664,-0.0016666666666666635
B0CYCQ2TNH,1800 Bed Sheet Set 6 PC With DEEP Fitted Sheet,Queen,Taupe,49.97,133.91,23,61,1,3,0.043478260869565216,0.04918032786885246,-0.005702066999287242
B0CYCNYNXF,1800 Bed Sheet Set 6 PC With DEEP Fitted Sheet,Queen,Tan,49.97,177.38,31,99,1,4,0.03225806451612903,0.04040404040404041,-0.008145975887911376
B07WZP1ZLN,Cotton Flannel Sheet Set 160GSM,Full,Pink,49.97,129.91,7,22,1,3,0.14285714285714285,0.13636363636363635,0.006493506493506496
B0D7JFX2WC,1800 Bed Sheet Set 6 PC With DEEP Fitted Sheet,Queen,Spa Mint,49.97,347.26,48,218,1,8,0.020833333333333332,0.03669724770642202,-0.015863914373088688
B0B5HTK9GV,1800 Duvet Cover Set,Oversized King,Black,47.97,0.0,9,23,1,0,0.1111111111111111,0.0,0.1111111111111111
B0822TRHC4,"1800 Fitted Sheet 21"" Deep",Queen,Blue Hydrangea,47.94,234.84,53,95,2,12,0.03773584905660377,0.12631578947368421,-0.08857994041708045
B0CNRYSBM1,1800 Bed Sheets,Split King,Poppy Orange,46.97,0.0,16,94,1,0,0.0625,0.0,0.0625
B0CNRYT4DL,1800 Bed Sheets,Split King,Terracotta,46.97,303.76,24,126,1,8,0.041666666666666664,0.06349206349206349,-0.021825396825396824
B01MY7UN7F,1800 Bed Sheets,Split King,Navy Blue,46.97,227.32,23,56,1,6,0.043478260869565216,0.10714285714285714,-0.06366459627329192
B0CNS1M85H,1800 Bed Sheets,Split King,Blue Nova,46.97,393.4,30,230,1,10,0.03333333333333333,0.043478260869565216,-0.010144927536231883
B0CNRX8QBD,1800 Bed Sheets,Split King,Sky Blue,46.97,1176.04,33,375,1,32,0.030303030303030304,0.08533333333333333,-0.05503030303030303
B0CNRYCQQB,1800 Bed Sheets,Split King,Pistachio,46.97,299.46,27,196,1,8,0.037037037037037035,0.04081632653061224,-0.0037792894935752067
B0CNRX5LHJ,1800 Bed Sheets,Split King,Hazy Lilac,46.97,754.0999999999999,45,307,1,20,0.022222222222222223,0.06514657980456026,-0.042924357582338035
B0DGQPGP7Q,1800 Bed Sheets,Split King,Oxford Stripe Sage,46.97,144.28,49,173,1,4,0.02040816326530612,0.023121387283236993,-0.0027132240179308723
B0822VS5W8,1800 Bed Sheet Set With DEEP Fitted Sheet,Full,Black,45.97,259.84,18,139,1,7,0.05555555555555555,0.050359712230215826,0.005195843325339726
B08BZVT9FJ,1800 Bed Sheet Set With DEEP Fitted Sheet,Full,Brown,45.97,321.76,22,139,1,8,0.045454545454545456,0.05755395683453238,-0.012099411379986921
B08CZYZCPM,1800 Bed Sheet Set With DEEP Fitted Sheet,Full,Purple,45.97,698.63,26,154,1,19,0.038461538461538464,0.12337662337662338,-0.08491508491508491
B0B5HSDTJP,1800 Duvet Cover Set,Oversized Queen,White,45.97,147.08,28,53,1,4,0.03571428571428571,0.07547169811320754,-0.03975741239892183
B0822YZKLZ,1800 Bed Sheet Set With DEEP Fitted Sheet,Full,Blue Hydrangea,45.97,1360.52,87,504,1,36,0.011494252873563218,0.07142857142857142,-0.059934318555008206
B0BMW79MJQ,1800 Bed Sheet Set With DEEP Fitted Sheet,Full,Laced Sky Blue,45.97,305.81,56,300,1,8,0.017857142857142856,0.02666666666666667,-0.008809523809523812
B08D11KZP7,1800 Bed Sheet Set With DEEP Fitted Sheet,Full,Coral,45.97,257.39,22,173,1,7,0.045454545454545456,0.04046242774566474,0.004992117708880715
B0822YSHTY,1800 Bedskirt,Cal King,White,45.94,65.46,17,31,2,3,0.11764705882352941,0.0967741935483871,0.020872865275142316
B0822Z37LB,1800 Bedskirt,Cal King,Light Gray,45.94,58.56,15,41,2,3,0.13333333333333333,0.07317073170731707,0.06016260162601626
B0822VTP9F,1800 Bed Sheet Set With DEEP Fitted Sheet,Twin,Beige,44.97,179.85,26,121,1,5,0.038461538461538464,0.04132231404958678,-0.0028607755880483143
B08BZVYMKN,1800 Bed Sheet Set With DEEP Fitted Sheet,Twin XL,Emerald Green,44.97,593.52,22,152,1,16,0.045454545454545456,0.10526315789473684,-0.05980861244019138
B0CYCQ8YLN,1800 Bed Sheet Set 6 PC With DEEP Fitted Sheet,Full,White,44.97,114.66,17,102,1,3,0.058823529411764705,0.029411764705882353,0.029411764705882353
B08CZYSHDW,1800 Bed Sheet Set With DEEP Fitted Sheet,Twin,Paisley Gray,44.97,0.0,21,138,1,0,0.047619047619047616,0.0,0.047619047619047616
B0DGQQNZWS,1800 Bed Sheets,California King,Oxford Stripe Hazy Lilac,44.97,193.62,22,103,1,6,0.045454545454545456,0.05825242718446602,-0.012797881729920565
B0CLYBFG6K,1800 Bed Sheets,California King,Taupe,44.97,252.49,16,110,1,7,0.0625,0.06363636363636363,-0.0011363636363636298
B01DN0AZEE,1800 Bed Sheets,California King,Coral,44.97,305.76,36,186,2,8,0.05555555555555555,0.043010752688172046,0.012544802867383506
B0BMW7914Q,1800 Bed Sheet Set With DEEP Fitted Sheet,Twin XL,Golden Ivory,44.97,737.4,90,408,1,20,0.011111111111111112,0.049019607843137254,-0.03790849673202614
B01DN0B4OO,1800 Bed Sheets,California King,Yellow,44.97,405.66999999999996,55,326,1,11,0.01818181818181818,0.03374233128834356,-0.015560513106525377
B0DGQQ56WT,1800 Bed Sheets,California King,Mineral Gray,44.97,1339.89,86,595,1,37,0.011627906976744186,0.06218487394957983,-0.05055696697283565
B0CYCPVH5D,1800 Bed Sheet Set 6 PC With DEEP Fitted Sheet,Full,Lavender,44.97,38.22,7,35,1,1,0.14285714285714285,0.02857142857142857,0.11428571428571428
B0CYCPYDS6,1800 Bed Sheet Set 6 PC With DEEP Fitted Sheet,Full,Taupe,44.97,0.0,8,17,1,0,0.125,0.0,0.125
B0822WKWYQ,1800 Bed Sheet Set With DEEP Fitted Sheet,Twin,Gray,44.97,451.34000000000003,25,171,1,12,0.04,0.07017543859649122,-0.030175438596491223
B00ZSHJ0TM,1800 Bed Sheets,California King,Striped Gray/Silver,44.97,180.35,36,193,1,5,0.027777777777777776,0.025906735751295335,0.001871042026482441
B0BMW8WYMQ,1800 Bed Sheet Set With DEEP Fitted Sheet,Twin,Laced Sky Blue,44.97,117.59,22,120,1,3,0.045454545454545456,0.025,0.020454545454545454
B08BZWQYW7,1800 Bed Sheet Set With DEEP Fitted Sheet,Twin,Tan,44.97,71.94,13,104,1,2,0.07692307692307693,0.019230769230769232,0.057692307692307696
B0CYCPRX95,1800 Bed Sheet Set 6 PC With DEEP Fitted Sheet,Full,Gray,44.97,121.41,4,26,1,3,0.25,0.11538461538461539,0.1346153846153846
B0BMW8H5KQ,1800 Bed Sheet Set With DEEP Fitted Sheet,Twin XL,Sage,44.97,458.64000000000004,41,238,1,12,0.024390243902439025,0.05042016806722689,-0.026029924164787867
B0DGQQHL23,1800 Bed Sheets,California King,Oxford Stripe Sage,44.97,332.73,50,192,1,9,0.02,0.046875,-0.026875
B01DN0B0GG,1800 Bed Sheets,California King,Emerald Green,44.97,548.55,61,306,1,15,0.01639344262295082,0.049019607843137254,-0.03262616522018644
B0822XJFYY,1800 Bed Sheet Set With DEEP Fitted Sheet,Twin XL,Blue Hydrangea,44.97,1411.86,73,363,1,38,0.0136986301369863,0.1046831955922865,-0.0909845654553002
B0822TX6QS,1800 Pillow Shams 2 piece,King,White,44.910000000000004,74.82,17,33,3,6,0.17647058823529413,0.18181818181818182,-0.005347593582887694
B08L6S7RMB,1800 Pillowcase Set 2 pc,1 Pillowcase Body,White,44.910000000000004,91.29,16,58,4,7,0.25,0.1206896551724138,0.1293103448275862
B0CYCP3H4R,1800 Bed Sheet Set 6 PC With DEEP Fitted Sheet,Full,Blue Nova,44.07,83.19,21,97,1,2,0.047619047619047616,0.020618556701030927,0.02700049091801669
B0822WYDZD,1800 Bed Sheet Set With DEEP Fitted Sheet,Twin,Light Gray,44.07,458.64,41,279,1,12,0.024390243902439025,0.043010752688172046,-0.01862050878573302
B08CZXP1GG,1800 Bed Sheet Set With DEEP Fitted Sheet,Twin XL,Paisley Gray,44.07,431.64,41,230,1,12,0.024390243902439025,0.05217391304347826,-0.027783669141039233
B0BTZ36NJC,1800 Bed Sheet Set 6 PIECE,Queen,Gray,43.97,674.5,43,148,1,19,0.023255813953488372,0.12837837837837837,-0.10512256442489
B0BTZ4V7MT,1800 Bed Sheet Set 6 PIECE,Queen,Coral,43.97,334.13,27,81,1,9,0.037037037037037035,0.1111111111111111,-0.07407407407407407
B01N0R133G,Cotton Flannel Sheet Set 160GSM,Twin XL,Blue,43.97,334.13,9,28,1,9,0.1111111111111111,0.32142857142857145,-0.21031746031746035
B0BTZ4Z8X4,1800 Bed Sheet Set 6 PIECE,Queen,Navy Blue,43.97,672.8800000000001,37,88,1,18,0.02702702702702703,0.20454545454545456,-0.17751842751842753
B01N6H22Z5,Cotton Flannel Sheet Set 160GSM,Twin XL,Gray,43.97,140.68,40,98,1,4,0.025,0.04081632653061224,-0.01581632653061224
B01N6H23WO,Cotton Flannel Sheet Set 160GSM,Twin,Sage,43.97,0.0,9,8,1,0,0.1111111111111111,0.0,0.1111111111111111
B07YYKZTKW,Cotton Flannel Sheet Set 160GSM,Twin XL,Burgundy,43.97,70.34,5,16,1,2,0.2,0.125,0.07500000000000001
B01N5FLSQY,Cotton Flannel Sheet Set 160GSM,Twin XL,Sage,43.97,281.36,29,67,1,8,0.034482758620689655,0.11940298507462686,-0.08492022645393721
B0BTZ81ZZK,1800 Bed Sheet Set 6 PIECE,Queen,Aqua,43.97,478.44000000000005,29,97,1,13,0.034482758620689655,0.13402061855670103,-0.09953785993601137
B08D11SYZG,"1800 Fitted Sheet 21"" Deep",Twin XL,Spa Mint,43.94,17.57,16,38,2,1,0.125,0.02631578947368421,0.09868421052631579
B0892N7BGH,1800 Fitted Sheet,King,Spa Blue,43.94,77.98,21,40,2,4,0.09523809523809523,0.1,-0.004761904761904773
B01ES3MQX8,1800 Fitted Sheet,King,Gray,43.94,130.69,21,41,2,7,0.09523809523809523,0.17073170731707318,-0.07549361207897795
B0822WXH7Z,"1800 Fitted Sheet 21"" Deep",Twin XL,Light Gray,43.94,87.85,20,31,2,5,0.1,0.16129032258064516,-0.06129032258064515
B0822ZSBN1,1800 Bedskirt,Queen,Light Gray,41.94,213.84,70,133,2,12,0.02857142857142857,0.09022556390977443,-0.061654135338345864
B0822XZ4VD,1800 Bedskirt,Queen,Brick Red,41.94,71.28,21,46,2,4,0.09523809523809523,0.08695652173913043,0.0082815734989648
B0822ZP2SL,1800 Bedskirt,Queen,Spa Blue,41.94,177.15,59,81,2,10,0.03389830508474576,0.12345679012345678,-0.08955848503871103
B0D7J5RP1G,1800 Bed Sheet Set 6 PC With DEEP Fitted Sheet,California King,Golden Ivory,39.98,199.89999999999998,19,38,2,10,0.10526315789473684,0.2631578947368421,-0.15789473684210525
B01ES3LL4I,1800 Fitted Sheet,Queen,Brown,39.94,138.76,7,26,2,8,0.2857142857142857,0.3076923076923077,-0.02197802197802201
B08TRS9MW9,1800 Fitted Sheet,Queen,Golden Ivory,39.94,138.76,25,99,2,8,0.08,0.08080808080808081,-0.0008080808080808133
B0822Y8RZ1,1800 Bedskirt,Twin,White,39.94,155.73,18,55,2,9,0.1111111111111111,0.16363636363636364,-0.05252525252525253
B0B2Q6VD38,1800 Bedskirt,Twin XL,Golden Ivory,39.94,118.78999999999999,21,40,2,7,0.09523809523809523,0.175,-0.07976190476190476
B0822ZFNGJ,1800 Bedskirt,Twin XL,Light Gray,39.94,33.94,19,40,2,2,0.10526315789473684,0.05,0.055263157894736833
B01ETTFMOQ,1800 Flat Sheet,King,Beige,39.94,201.67,13,31,2,11,0.15384615384615385,0.3548387096774194,-0.20099255583126552
B01ES3MJ3U,1800 Fitted Sheet,Queen,Spa Mint,39.94,135.76,29,100,4,8,0.13793103448275862,0.08,0.05793103448275862
B01ES3L9GS,1800 Fitted Sheet,Queen,Navy Blue,39.94,50.91,22,24,2,3,0.09090909090909091,0.125,-0.03409090909090909
B0822YMRLF,1800 Bedskirt,Twin,Gray,39.94,0.0,3,11,2,0,0.6666666666666666,0.0,0.6666666666666666
B01ES3L5L2,1800 Fitted Sheet,Queen,Beige,39.94,152.73,16,68,2,9,0.125,0.1323529411764706,-0.00735294117647059
B08TRPRMH9,1800 Fitted Sheet,Queen,Teal,39.94,50.91,13,35,2,3,0.15384615384615385,0.08571428571428572,0.06813186813186814
B0B2Q5M6KH,1800 Bedskirt,Full,Golden Ivory,39.94,76.88,21,38,2,4,0.09523809523809523,0.10526315789473684,-0.010025062656641603
B0BTZ5W5H8,1800 Bed Sheet Set 6 PIECE,Full,Black,38.97,33.12,2,14,1,1,0.5,0.07142857142857142,0.4285714285714286
B0BTZ5LJPR,1800 Bed Sheet Set 6 PIECE,Full,Beige,38.97,66.24,12,61,1,2,0.08333333333333333,0.03278688524590164,0.05054644808743169
B0BTZ2M96Q,1800 Bed Sheet Set 6 PIECE,Twin XL,Golden Ivory,37.97,296.13,17,55,1,9,0.058823529411764705,0.16363636363636364,-0.10481283422459893
B0BTZ45V1H,1800 Bed Sheet Set 6 PIECE,Twin XL,Lavender,37.97,161.35000000000002,7,41,1,5,0.14285714285714285,0.12195121951219512,0.02090592334494773
B0BTZ5QTKY,1800 Bed Sheet Set 6 PIECE,Twin,Light Gray,37.97,99.28999999999999,8,27,1,3,0.125,0.1111111111111111,0.013888888888888895
B0BTZ6GPMT,1800 Bed Sheet Set 6 PIECE,Twin XL,Brown,37.97,0.0,5,10,1,0,0.2,0.0,0.2
B0BTZ86L2X,1800 Bed Sheet Set 6 PIECE,Twin XL,Gray,37.97,328.31000000000006,6,57,1,10,0.16666666666666666,0.17543859649122806,-0.008771929824561403
B0BTZ92PKT,1800 Bed Sheet Set 6 PIECE,Twin XL,Blush Pink,37.97,327.64,133,412,1,10,0.007518796992481203,0.024271844660194174,-0.016753047667712972
B0DGQQY3LX,1800 Bed Sheets,Full,Oxford Stripe Hazy Lilac,37.97,214.62,96,314,1,7,0.010416666666666666,0.022292993630573247,-0.01187632696390658
B01ES3O0Y6,1800 Fitted Sheet,Full,Navy Blue,37.94,48.36,10,16,3,3,0.3,0.1875,0.11249999999999999
B01ES3MSYK,1800 Fitted Sheet,Twin XL,Aqua,37.94,0.0,7,12,2,0,0.2857142857142857,0.0,0.2857142857142857
B01ES3LTUO,1800 Fitted Sheet,Twin,Black,37.94,0.0,4,7,2,0,0.5,0.0,0.5
B01ES3OZUA,1800 Fitted Sheet,Full,Spa Mint,37.94,96.72,8,30,2,6,0.25,0.2,0.04999999999999999
B01ES3ME9Y,1800 Fitted Sheet,Twin,Spa Mint,37.94,70.18,5,24,2,4,0.4,0.16666666666666666,0.23333333333333336
B01ETTDUW2,1800 Flat Sheet,Queen,Gray,37.94,51.21,4,21,2,3,0.5,0.14285714285714285,0.35714285714285715
B01ES3MK1Q,1800 Fitted Sheet,Twin XL,Beige,37.94,37.94,9,21,2,2,0.2222222222222222,0.09523809523809523,0.12698412698412698
B01ES3M6OW,1800 Fitted Sheet,Twin,Emerald Green,37.94,0.0,6,13,2,0,0.3333333333333333,0.0,0.3333333333333333
B08TRRBZSQ,1800 Fitted Sheet,Twin,Blush Pink,37.94,16.12,14,24,2,1,0.14285714285714285,0.041666666666666664,0.10119047619047619
B01ES3OQEA,1800 Fitted Sheet,Full,Blue Hydrangea,37.94,48.36,5,26,2,3,0.4,0.11538461538461539,0.2846153846153846
B07PSK5GG2,1800 Duvet Cover Set,King,Laced Sky Blue,36.97,236.56,65,143,1,8,0.015384615384615385,0.055944055944055944,-0.04055944055944056
B0CNRYSG8F,1800 Pillowcase Set 2 pc,Set of 2 Standard Size,Terracotta,35.94,61.08,14,37,2,4,0.14285714285714285,0.10810810810810811,0.034749034749034735
B010LB000M,1800 Pillowcase Set 2 pc,Set of 2 King Size,Striped White,35.94,61.08,5,21,2,4,0.4,0.19047619047619047,0.20952380952380956
B01DG59M04,1800 Pillowcase Set 2 pc,Set of 2 King Size,Tan,35.94,288.36,11,69,2,18,0.18181818181818182,0.2608695652173913,-0.07905138339920947
B08TRQ9T7Y,1800 Pillowcase Set 2 pc,Set of 2 King Size,Blush Pink,35.94,229.04999999999998,16,49,2,15,0.125,0.30612244897959184,-0.18112244897959184
B00RKHX0LC,1800 Pillowcase Set 2 pc,Set of 2 Standard Size,Purple,35.94,91.61999999999999,10,28,2,6,0.2,0.21428571428571427,-0.014285714285714263
B01ETTI5LI,1800 Flat Sheet,Full,Purple,35.94,0.0,9,58,2,0,0.2222222222222222,0.0,0.2222222222222222
B00RKHXDTG,1800 Pillowcase Set 2 pc,Set of 2 King Size,Aqua,35.94,252.42000000000002,12,60,2,16,0.16666666666666666,0.26666666666666666,-0.1
B0822XR2SH,1800 Pillowcase Set 2 pc,Set of 2 King Size,Pinstripe Gray,35.94,79.05,5,21,2,5,0.4,0.23809523809523808,0.16190476190476194
B014MVUCCI,1800 Pillowcase Set 2 pc,Set of 2 Standard Size,Lavender,35.94,290.13,30,82,2,19,0.06666666666666667,0.23170731707317074,-0.16504065040650406
B0CNRZM2G6,1800 Pillowcase Set 2 pc,Set of 2 King Size,Sky Blue,35.94,118.55999999999999,13,48,2,8,0.15384615384615385,0.16666666666666666,-0.012820512820512803
B0CNWH9YHL,1800 Pillowcase Set 2 pc,Set of 2 Standard Size,Taupe,35.94,48.50999999999999,6,16,2,3,0.3333333333333333,0.1875,0.14583333333333331
B0CNRYT6RJ,1800 Pillowcase Set 2 pc,Set of 2 King Size,Poppy Orange,35.94,0.0,5,14,2,0,0.4,0.0,0.4
B01DN0BCWS,1800 Pillowcase Set 2 pc,Set of 2 King Size,Coral,35.94,127.56,11,26,2,8,0.18181818181818182,0.3076923076923077,-0.1258741258741259
B00ZSGVBZE,1800 Bed Sheets,Twin,Striped Gray/Silver,34.97,153.85,34,168,1,5,0.029411764705882353,0.02976190476190476,-0.0003501400560224077
B08V91TK7Q,1800 Bed Sheets,RV / Short Queen,Spa Blue,34.97,335.66999999999996,72,170,1,11,0.013888888888888888,0.06470588235294118,-0.050816993464052294
B00O35D8NY,1800 Bed Sheets,Twin,Purple,34.97,209.79,23,133,1,7,0.043478260869565216,0.05263157894736842,-0.009153318077803202
B00O35D5PA,1800 Bed Sheets,Twin,Gold,34.97,223.79,12,75,1,7,0.08333333333333333,0.09333333333333334,-0.010000000000000009
B0DGQQD2WB,1800 Bed Sheets,Twin,Charcoal,34.97,174.82,15,73,1,6,0.06666666666666667,0.0821917808219178,-0.015525114155251138
B07R8ZV5RP,1800 Bed Sheets,Twin,Laced Sky Blue,34.97,510.46,62,251,1,18,0.016129032258064516,0.07171314741035857,-0.055584115152294056
B0CNRYJF31,1800 Bed Sheets,Twin,Pistachio,34.97,811.16,65,793,1,28,0.015384615384615385,0.03530895334174023,-0.019924337957124845
B0CNRXX15B,1800 Bed Sheets,Twin XL,Poppy Orange,34.97,139.85,37,124,1,5,0.02702702702702703,0.04032258064516129,-0.01329555361813426
B0DGQP5QR6,1800 Bed Sheets,Twin,Oxford Stripe Hazy Lilac,34.97,55.94,20,120,1,2,0.05,0.016666666666666666,0.03333333333333334
B0CNRYSD6P,1800 Bed Sheets,RV / Short Queen,Poppy Orange,34.97,55.94,25,50,1,2,0.04,0.04,0.0
B00O35D74Y,1800 Bed Sheets,Twin,Brown,34.97,146.85,16,101,1,5,0.0625,0.04950495049504951,0.012995049504950493
B08TRR3MVX,1800 Flat Sheet,Twin XL,Blush Pink,33.94,14.42,20,34,2,1,0.1,0.029411764705882353,0.07058823529411765
B01ETTGYQG,1800 Flat Sheet,Twin XL,Blue Hydrangea,33.94,45.81,6,30,2,3,0.3333333333333333,0.1,0.2333333333333333
B08TRT459D,1800 Flat Sheet,Twin XL,Teal,33.94,14.42,6,11,2,1,0.3333333333333333,0.09090909090909091,0.2424242424242424
B099SF56G7,1800 Duvet Cover Set,Full,Black,32.97,26.37,6,15,1,1,0.16666666666666666,0.06666666666666667,0.09999999999999999
B01ETTEBIO,1800 Flat Sheet,Twin,Violet,31.94,13.57,44,92,2,1,0.045454545454545456,0.010869565217391304,0.03458498023715415
B0822XD5NV,"1800 Fitted Sheet 21"" Deep",Twin XL,Beige,30.76,184.5,15,34,2,15,0.13333333333333333,0.4411764705882353,-0.307843137254902
B0822W37GB,1800 Pillow Shams 2 piece,King,Spa Blue,29.94,50.88,30,57,2,4,0.06666666666666667,0.07017543859649122,-0.0035087719298245584
B0822T9KTD,1800 Pillow Shams 2 piece,Standard,Gray,29.94,56.879999999999995,12,21,2,4,0.16666666666666666,0.19047619047619047,-0.023809523809523808
B0822VYWK3,1800 Pillow Shams 2 piece,Standard,Royal Blue,29.94,11.97,23,22,2,1,0.08695652173913043,0.045454545454545456,0.04150197628458498
B0822YL1GF,1800 Pillowcase Set 4 pc,King,Spa Blue,27.0,45.9,12,20,1,2,0.08333333333333333,0.1,-0.016666666666666677
B0822WYTFB,1800 Pillowcase Set 4 pc,Standard,Royal Blue,27.0,45.9,4,25,1,2,0.25,0.08,0.16999999999999998
B0822Y1CB6,1800 Pillowcase Set 4 pc,King,Blue Hydrangea,27.0,95.85000000000001,11,20,1,4,0.09090909090909091,0.2,-0.1090909090909091
B0822XKZ4F,1800 Pillowcase Set 4 pc,King,Navy Blue,27.0,45.9,4,8,1,2,0.25,0.25,0.0
B08D11B5DC,"1800 Fitted Sheet 21"" Deep",California King,Coral,25.97,0.0,8,14,1,0,0.125,0.0,0.125
B0822V9PBB,"1800 Fitted Sheet 21"" Deep",King,Beige,25.97,145.39,20,50,1,7,0.05,0.14,-0.09000000000000001
B08CZZDG5Q,"1800 Fitted Sheet 21"" Deep",King,Lavender,25.97,0.0,12,21,1,0,0.08333333333333333,0.0,0.08333333333333333
B08D114CF3,"1800 Fitted Sheet 21"" Deep",Queen,Coral,23.97,38.34,25,90,1,2,0.04,0.022222222222222223,0.017777777777777778
B08CZZTNBQ,"1800 Fitted Sheet 21"" Deep",Queen,Spa Mint,23.97,134.19,36,100,1,7,0.027777777777777776,0.07,-0.04222222222222223
B08CZZXTVT,"1800 Fitted Sheet 21"" Deep",Queen,Lavender,23.97,57.510000000000005,14,32,1,3,0.07142857142857142,0.09375,-0.022321428571428575
B0822VY7BG,"1800 Fitted Sheet 21"" Deep",Queen,Gray,23.97,201.3,73,83,1,10,0.0136986301369863,0.12048192771084337,-0.10678329757385707
B0822YV9ZR,1800 Bedskirt,King,Light Gray,22.97,112.52,52,79,1,6,0.019230769230769232,0.0759493670886076,-0.056718597857838365
B0822ZMPN8,1800 Bedskirt,Cal King,Blue Hydrangea,22.97,104.5,25,39,1,5,0.04,0.1282051282051282,-0.08820512820512819
B0822XSX2L,1800 Bedskirt,King,Royal Blue,22.97,45.94,16,18,1,2,0.0625,0.1111111111111111,-0.048611111111111105
B0822ZK6VY,1800 Bedskirt,King,Blue Hydrangea,22.97,267.56,62,159,1,13,0.016129032258064516,0.08176100628930817,-0.06563197403124366
B01ES3N8F8,1800 Fitted Sheet,King,Brick Red,21.97,0.0,8,14,1,0,0.125,0.0,0.125
B01ES3NA74,1800 Fitted Sheet,King,Light Gray,21.97,274.58,23,81,1,14,0.043478260869565216,0.1728395061728395,-0.12936124530327428
B08TRRF1JN,1800 Fitted Sheet,King,Golden Ivory,21.97,200.97,21,75,1,11,0.047619047619047616,0.14666666666666667,-0.09904761904761905
B01ES3OMTY,1800 Fitted Sheet,California King,Lavender,21.97,18.67,3,9,1,1,0.3333333333333333,0.1111111111111111,0.2222222222222222
B0822WCBNG,"1800 Fitted Sheet 21"" Deep",Twin XL,Navy Blue,21.97,70.28,10,13,1,4,0.1,0.3076923076923077,-0.2076923076923077
B0822T5GM8,"1800 Fitted Sheet 21"" Deep",Full,Light Gray,21.97,17.57,6,33,1,1,0.16666666666666666,0.030303030303030304,0.13636363636363635
B08CZYFXCC,"1800 Fitted Sheet 21"" Deep",Full,Emerald Green,21.97,21.97,10,22,1,1,0.1,0.045454545454545456,0.05454545454545455
B08D137JFR,"1800 Fitted Sheet 21"" Deep",Twin XL,Lavender,21.97,35.14,12,25,1,2,0.08333333333333333,0.08,0.003333333333333327
B0822VNB18,"1800 Fitted Sheet 21"" Deep",Full,Black,21.97,0.0,10,12,1,0,0.1,0.0,0.1
B08CZZSPDY,"1800 Fitted Sheet 21"" Deep",Full,Spa Mint,21.97,35.14,14,34,1,2,0.07142857142857142,0.058823529411764705,0.01260504201680672
B01ES3OAJQ,1800 Fitted Sheet,California King,Aqua,21.97,18.67,4,7,1,1,0.25,0.14285714285714285,0.10714285714285715
B0822YQTX5,1800 Bedskirt,Queen,Gray,20.97,16.77,18,29,1,1,0.05555555555555555,0.034482758620689655,0.021072796934865898
B0822Z86NL,1800 Bedskirt,Queen,Black,20.97,199.17,16,42,1,11,0.0625,0.2619047619047619,-0.19940476190476192
B0BTZ68TRH,1800 Bed Sheet Set 6 PIECE,Split King,Beige,19.99,179.91,29,56,1,9,0.034482758620689655,0.16071428571428573,-0.12623152709359609
B01ES3MBEM,1800 Fitted Sheet,Queen,Emerald Green,19.97,206.64,19,53,1,12,0.05263157894736842,0.22641509433962265,-0.17378351539225423
B0822YT8ZZ,1800 Bedskirt,Full,Navy Blue,19.97,39.94,17,29,1,2,0.058823529411764705,0.06896551724137931,-0.010141987829614604
B0822Z48C9,1800 Bedskirt,Full,Royal Blue,19.97,16.97,6,14,1,1,0.16666666666666666,0.07142857142857142,0.09523809523809523
B01ETTIJO6,1800 Flat Sheet,California King,Coral,19.97,16.97,8,26,1,1,0.125,0.038461538461538464,0.08653846153846154
B08TRSXLRN,1800 Flat Sheet,California King,Golden Ivory,19.97,33.94,8,20,1,2,0.125,0.1,0.024999999999999994
B01ETTGAC4,1800 Flat Sheet,King,Light Gray,19.97,135.76,14,33,1,8,0.07142857142857142,0.24242424242424243,-0.170995670995671
B0823115FS,1800 Bedskirt,Full,Light Gray,19.97,19.97,16,18,1,1,0.0625,0.05555555555555555,0.0069444444444444475
B0822XNZ8M,1800 Bedskirt,Twin XL,Gray,19.97,84.85,24,59,1,5,0.041666666666666664,0.0847457627118644,-0.04307909604519774
B0822XRHJV,1800 Bedskirt,Twin XL,Navy Blue,19.97,87.85,22,40,1,5,0.045454545454545456,0.125,-0.07954545454545454
B01ETTGDOO,1800 Flat Sheet,King,Lavender,19.97,84.85,5,24,1,5,0.2,0.20833333333333334,-0.008333333333333331
B01ETTFY9O,1800 Flat Sheet,King,Aqua,19.97,53.91,8,23,1,3,0.125,0.13043478260869565,-0.0054347826086956486
B01ETTHTP6,1800 Flat Sheet,California King,Brown,19.97,0.0,1,6,1,0,1.0,0.0,1.0
B0892Q7ZKV,1800 Fitted Sheet,Queen,Spa Blue,19.97,101.82,15,65,1,6,0.06666666666666667,0.09230769230769231,-0.025641025641025647
B0822YHVQ4,1800 Bedskirt,Twin XL,Royal Blue,19.97,16.97,4,10,1,1,0.25,0.1,0.15
B01ES3LWJC,1800 Fitted Sheet,Queen,Black,19.97,33.94,20,26,1,2,0.05,0.07692307692307693,-0.026923076923076925
B01ETTGNJO,1800 Flat Sheet,King,Blue Hydrangea,19.97,101.82,22,39,1,6,0.045454545454545456,0.15384615384615385,-0.1083916083916084
B0822YM74W,1800 Bedskirt,Twin,Black,19.97,0.0,8,4,1,0,0.125,0.0,0.125
B0822YLVJG,1800 Bedskirt,Twin,Blue Hydrangea,19.97,16.97,19,25,1,1,0.05263157894736842,0.04,0.012631578947368417
B01ES3LFHQ,1800 Fitted Sheet,Queen,Aqua,19.97,70.88,19,44,1,4,0.05263157894736842,0.09090909090909091,-0.038277511961722493
B01ETTETZE,1800 Flat Sheet,Queen,Blue Hydrangea,18.97,67.33,45,46,1,4,0.022222222222222223,0.08695652173913043,-0.0647342995169082
B01ES3L9AO,1800 Fitted Sheet,Twin,Gray,18.97,0.0,7,14,1,0,0.14285714285714285,0.0,0.14285714285714285
B08TRP2MBH,1800 Fitted Sheet,Twin XL,Blush Pink,18.97,105.27000000000001,10,62,1,6,0.1,0.0967741935483871,0.0032258064516129115
B01ES3ORXU,1800 Fitted Sheet,Full,Coral,18.97,18.97,6,14,1,1,0.16666666666666666,0.07142857142857142,0.09523809523809523
B01ES3NZL0,1800 Fitted Sheet,Full,Gray,18.97,196.29000000000002,8,36,1,12,0.125,0.3333333333333333,-0.20833333333333331
B0892MH6N9,1800 Fitted Sheet,Twin XL,Spa Blue,18.97,86.30000000000001,12,24,1,5,0.08333333333333333,0.20833333333333334,-0.125
B01ES3LH2Y,1800 Fitted Sheet,Twin,Aqua,18.97,18.97,10,9,1,1,0.1,0.1111111111111111,-0.0111111111111111
B08TRPK4KV,1800 Fitted Sheet,Full,Teal,18.97,32.24,3,9,1,2,0.3333333333333333,0.2222222222222222,0.1111111111111111
B01ES3MUXO,1800 Fitted Sheet,Twin XL,Violet,18.97,48.36,5,15,1,3,0.2,0.2,0.0
B01ES3L76K,1800 Fitted Sheet,Twin,Beige,18.97,0.0,1,11,1,0,1.0,0.0,1.0
B08TRQ3PGB,1800 Fitted Sheet,Twin,Teal,18.97,0.0,6,7,1,0,0.16666666666666666,0.0,0.16666666666666666
B01ES3LMEM,1800 Fitted Sheet,Twin,Brown,18.97,0.0,4,7,1,0,0.25,0.0,0.25
B010LAZW6K,1800 Pillowcase Set 2 pc,Set of 2 Standard Size,Striped Light Blue,17.97,15.27,5,21,1,1,0.2,0.047619047619047616,0.1523809523809524
B0CNRX9Q3L,1800 Pillowcase Set 2 pc,Set of 2 King Size,Hazy Lilac,17.97,252.41999999999996,12,44,1,16,0.08333333333333333,0.36363636363636365,-0.28030303030303033
B01ETTI9UA,1800 Flat Sheet,Full,Light Gray,17.97,28.74,6,13,1,2,0.16666666666666666,0.15384615384615385,0.012820512820512803
B00RKHXK80,1800 Pillowcase Set 2 pc,Set of 2 King Size,Purple,17.97,45.81,6,22,1,3,0.16666666666666666,0.13636363636363635,0.030303030303030304
B01DN0BGAG,1800 Pillowcase Set 2 pc,Set of 2 King Size,Pink,17.97,15.27,15,19,1,1,0.06666666666666667,0.05263157894736842,0.014035087719298248
B010LB03E0,1800 Pillowcase Set 2 pc,Set of 2 King Size,Striped Gray/Silver,17.97,51.209999999999994,8,21,1,3,0.125,0.14285714285714285,-0.01785714285714285
B0CNS23FJJ,1800 Pillowcase Set 2 pc,Set of 2 Standard Size,Pistachio,17.97,61.08,8,36,1,4,0.125,0.1111111111111111,0.013888888888888895
B01ETTIP72,1800 Flat Sheet,Full,Blue Hydrangea,17.97,15.27,12,16,1,1,0.08333333333333333,0.0625,0.02083333333333333
B013FJJVAC,1800 Pillowcase Set 2 pc,Set of 2 Standard Size,Royal Blue,17.97,106.89,18,58,1,7,0.05555555555555555,0.1206896551724138,-0.06513409961685825
B0822YV6M1,1800 Pillowcase Set 2 pc,Set of 2 Standard Size,Pinstripe Gray,17.97,234.45,15,41,1,15,0.06666666666666667,0.36585365853658536,-0.2991869918699187
B01ETTIDMY,1800 Flat Sheet,Full,Lavender,17.97,0.0,7,24,1,0,0.14285714285714285,0.0,0.14285714285714285
B00RKHXLE8,1800 Pillowcase Set 2 pc,Set of 2 King Size,Brick Red,17.97,76.35,4,27,1,5,0.25,0.18518518518518517,0.06481481481481483
B01DN0BHR8,1800 Pillowcase Set 2 pc,Set of 2 King Size,Yellow,17.97,61.08,15,52,1,4,0.06666666666666667,0.07692307692307693,-0.010256410256410262
B01ETTH8FW,1800 Flat Sheet,Twin XL,Persimmon,16.97,0.0,11,23,1,0,0.09090909090909091,0.0,0.09090909090909091
B01ETTFJ5I,1800 Flat Sheet,Twin XL,Beige,16.97,0.0,6,9,1,0,0.16666666666666666,0.0,0.16666666666666666
B01ETTGH1S,1800 Flat Sheet,Twin XL,Light Gray,16.97,0.0,12,9,1,0,0.08333333333333333,0.0,0.08333333333333333
B08TRRGL9M,1800 Flat Sheet,Twin XL,Sage,16.97,0.0,8,10,1,0,0.125,0.0,0.125
B01ETTE20Q,1800 Flat Sheet,Twin,Gray,15.97,0.0,8,12,1,0,0.125,0.0,0.125
B0822VJLK9,1800 Pillow Shams 2 piece,Standard,Brick Red,14.97,0.0,21,23,1,0,0.047619047619047616,0.0,0.047619047619047616
B08L6QYT3L,1800 Pillowcase Set 2 pc,1 Pillowcase Body,Black,14.97,25.44,7,10,1,2,0.14285714285714285,0.2,-0.05714285714285716
B0822WWR9B,1800 Pillow Shams 2 piece,Standard,Navy Blue,14.97,50.88,18,17,1,4,0.05555555555555555,0.23529411764705882,-0.17973856209150327
B0822VYT3Z,1800 Pillow Shams 2 piece,Standard,Beige,14.97,0.0,4,2,1,0,0.25,0.0,0.25
B08L6SJXTL,1800 Pillowcase Set 2 pc,1 Pillowcase Body,Blue Hydrangea,14.97,76.32000000000001,14,30,1,6,0.07142857142857142,0.2,-0.1285714285714286
B010LB05D4,1800 Pillowcase Set 2 pc,Set of 2 King Size,Striped Light Blue,13.48,38.42,4,17,1,3,0.25,0.17647058823529413,0.07352941176470587
B01ETTEEWW,1800 Flat Sheet,Queen,Light Gray,0.0,16.12,10,19,0,1,0.0,0.05263157894736842,-0.05263157894736842
B0CJ9YC7Q8,Bundles,Queen,Light Gray,0.0,0.0,0,2,0,0,,0.0,
B0BTZ5S3T2,1800 Bed Sheet Set 6 PIECE,California King,White,0.0,0.0,30,83,0,0,0.0,0.0,0.0
B08CZYSCZ9,1800 Bed Sheet Set With DEEP Fitted Sheet,Twin,Coral,0.0,179.85,12,72,0,5,0.0,0.06944444444444445,-0.06944444444444445
B01ES3NGTQ,1800 Fitted Sheet,Twin XL,Blue Hydrangea,0.0,16.12,13,20,0,1,0.0,0.05,-0.05
B01ES3LPWG,1800 Fitted Sheet,Queen,Brick Red,0.0,36.94,11,21,0,2,0.0,0.09523809523809523,-0.09523809523809523
B0GGVCX2G1,Bundles_virtual,King,White,0.0,0.0,19,19,0,0,0.0,0.0,0.0
B08NPRM8MG,400TC Cotton Sheet Set,California King,Light Gray,0.0,0.0,2,4,0,0,0.0,0.0,0.0
B08NPT1SYZ,400TC Cotton Sheet Set,Twin XL,Light Blue,0.0,0.0,0,3,0,0,,0.0,
B01ETTILRG,1800 Flat Sheet,California King,Emerald Green,0.0,16.97,5,12,0,1,0.0,0.08333333333333333,-0.08333333333333333
B07YYLQ8SD,Cotton Flannel Sheet Set 160GSM,Twin,White,0.0,35.17,10,16,0,1,0.0,0.0625,-0.0625
B01ES3OIJ8,1800 Fitted Sheet,California King,Brick Red,0.0,21.97,4,5,0,1,0.0,0.2,-0.2
B01ES3N6IW,1800 Fitted Sheet,King,Purple,0.0,21.97,4,18,0,1,0.0,0.05555555555555555,-0.05555555555555555
B0BTZ4LLWL,1800 Bed Sheet Set 6 PIECE,King,Lavender,0.0,323.09000000000003,0,130,0,7,,0.05384615384615385,
B0BTZ6DTKK,1800 Bed Sheet Set 6 PIECE,Queen,Brick Red,0.0,74.74,15,62,0,2,0.0,0.03225806451612903,-0.03225806451612903
B01MT8KYHK,1800 Bed Sheets,Split King,Royal Blue,0.0,252.49,14,125,0,7,0.0,0.056,-0.056
B01ES3N46G,1800 Fitted Sheet,Twin XL,Light Gray,0.0,185.87,10,41,0,11,0.0,0.2682926829268293,-0.2682926829268293
B08NPRYQZJ,400TC Cotton Sheet Set,Twin,Light Gray,0.0,39.97,8,12,0,1,0.0,0.08333333333333333,-0.08333333333333333
B0822YXV1M,1800 Bedskirt,Twin,Light Gray,0.0,107.82,5,25,0,6,0.0,0.24,-0.24
B0BTZ5X2MF,1800 Bed Sheet Set 6 PIECE,King,Blush Pink,0.0,256.22,25,88,0,6,0.0,0.06818181818181818,-0.06818181818181818
B0DGQQC5ZT,1800 Bed Sheets,Twin XL,Oxford Stripe Hazy Lilac,0.0,59.44,27,159,0,2,0.0,0.012578616352201259,-0.012578616352201259
B01NBKTF3M,Cotton Flannel Sheet Set 160GSM,Full,Blue/Gray Snowflakes,0.0,0.0,5,13,0,0,0.0,0.0,0.0
B0BNNY4XFM,Bundles,Twin XL,Colorful,0.0,0.0,1,0,0,0,0.0,,
B09K7NWF3H,Bundles,BUNDLE,Light Gray,0.0,0.0,2,1,0,0,0.0,0.0,0.0
B0CYCTJ5M7,1800 Bed Sheet Set 6 PC With DEEP Fitted Sheet,Full,Tan,0.0,89.94,8,26,0,2,0.0,0.07692307692307693,-0.07692307692307693
B0BNNZKFVC,Bundles,Twin XL,Colorful,0.0,0.0,1,1,0,0,0.0,0.0,0.0
B0BXTDFJ3S,Microfiber Pillow Covers w/zipper,16x16,Coverlet Olive Green,0.0,0.0,4,1,0,0,0.0,0.0,0.0
B0CJ9XVJPF,Bundles,Full,White,0.0,0.0,4,4,0,0,0.0,0.0,0.0
B09JB6BSCY,Bundles,BUNDLE,Gray,0.0,0.0,3,2,0,0,0.0,0.0,0.0
B0BTZ4QXLJ,1800 Bed Sheet Set 6 PIECE,California King,Navy Blue,0.0,0.0,1,11,0,0,0.0,0.0,0.0
B097YW32RM,Cotton Flannel Sheet Set 180GSM,Full,Ivory,0.0,42.37,0,5,0,1,,0.2,
B01NCLTDAE,Cotton Flannel Sheet Set 160GSM,California King,Gray,0.0,97.54,3,13,0,2,0.0,0.15384615384615385,-0.15384615384615385
B0822YDZBM,1800 Pillowcase Set 4 pc,King,Brick Red,0.0,0.0,4,4,0,0,0.0,0.0,0.0
B0BTZ5WPV4,1800 Bed Sheet Set 6 PIECE,California King,Lavender,0.0,46.72,4,21,0,1,0.0,0.047619047619047616,-0.047619047619047616
B01ES3OAN2,1800 Fitted Sheet,Full,Brown,0.0,16.12,2,9,0,1,0.0,0.1111111111111111,-0.1111111111111111
B01ETTHPD2,1800 Flat Sheet,Full,Navy Blue,0.0,0.0,8,12,0,0,0.0,0.0,0.0
B08NPY5B1H,400TC Cotton Sheet Set,Queen,Denim Blue,0.0,0.0,9,21,0,0,0.0,0.0,0.0
B01ES3OGYA,1800 Fitted Sheet,California King,Purple,0.0,0.0,1,3,0,0,0.0,0.0,0.0
B0822Z5KTC,1800 Bedskirt,Cal King,Black,0.0,0.0,9,27,0,0,0.0,0.0,0.0
B01ES3N9GQ,1800 Fitted Sheet,Twin XL,Tan,0.0,0.0,12,19,0,0,0.0,0.0,0.0
B0822VVPBL,"1800 Fitted Sheet 21"" Deep",King,Brick Red,0.0,0.0,0,5,0,0,,0.0,
B0CYCTK7HP,1800 Bed Sheet Set 6 PC With DEEP Fitted Sheet,Full,Sky Blue,0.0,159.63,16,76,0,4,0.0,0.05263157894736842,-0.05263157894736842
B07J3TWWST,Cotton Flannel Sheet Set 180GSM,Twin,Gray,0.0,0.0,3,7,0,0,0.0,0.0,0.0
B01N2U4RXO,Cotton Flannel Sheet Set 160GSM,Queen,Blue/Gray Snowflakes,0.0,41.57,6,15,0,1,0.0,0.06666666666666667,-0.06666666666666667
B08BZX5BKY,1800 Bed Sheet Set With DEEP Fitted Sheet,California King,Lavender,0.0,914.54,53,430,0,22,0.0,0.05116279069767442,-0.05116279069767442
B01ES3O4BK,1800 Fitted Sheet,California King,Gray,0.0,18.67,4,10,0,1,0.0,0.1,-0.1
B0BTZ52JKC,1800 Bed Sheet Set 6 PIECE,Full,Brick Red,0.0,0.0,2,18,0,0,0.0,0.0,0.0
B0BMWHNQVN,Bundles,Full,Lavender/White,0.0,0.0,1,5,0,0,0.0,0.0,0.0
B08TRRPSM9,1800 Fitted Sheet,California King,Teal,0.0,0.0,2,6,0,0,0.0,0.0,0.0
B08CJ3SRSZ,1800 Ultrasonic Coverlet,Twin,Spa Mint,0.0,115.10999999999999,64,121,0,3,0.0,0.024793388429752067,-0.024793388429752067
B01NCLWHO4,Cotton Flannel Sheet Set 160GSM,California King,Navy,0.0,0.0,6,5,0,0,0.0,0.0,0.0
B01ETTEHOC,1800 Flat Sheet,Queen,Black,0.0,0.0,13,9,0,0,0.0,0.0,0.0
B01ES3NNP8,1800 Fitted Sheet,Twin XL,Persimmon,0.0,0.0,2,3,0,0,0.0,0.0,0.0
B01ES3N0BA,1800 Fitted Sheet,Twin XL,Purple,0.0,16.12,1,7,0,1,0.0,0.14285714285714285,-0.14285714285714285
B01ES3OWTE,1800 Fitted Sheet,California King,Coral,0.0,0.0,1,9,0,0,0.0,0.0,0.0
B097YX3GR4,Cotton Flannel Sheet Set 180GSM,Twin XL,Gray Animal,0.0,0.0,11,6,0,0,0.0,0.0,0.0
B07M6VYV8R,1800 Duvet Cover Set,Twin,Light Gray,0.0,0.0,12,23,0,0,0.0,0.0,0.0
B09PBYHJC7,Bundles,BUNDLE,Gray,0.0,0.0,2,1,0,0,0.0,0.0,0.0
B01ES3N4M0,1800 Fitted Sheet,King,Brown,0.0,74.68,7,21,0,4,0.0,0.19047619047619047,-0.19047619047619047
B097YWYJK1,Cotton Flannel Sheet Set 180GSM,Queen,Ivory,0.0,47.17,0,8,0,1,,0.125,
B08L3ZBPQ3,Silk Pillowcase,"King 20"" X 36""",Light Green,0.0,34.82,5,19,0,1,0.0,0.05263157894736842,-0.05263157894736842
B0BTZ6PZJB,1800 Bed Sheet Set 6 PIECE,Split King,Light Gray,0.0,93.62,4,28,0,2,0.0,0.07142857142857142,-0.07142857142857142
B0822V9KTM,"1800 Fitted Sheet 21"" Deep",California King,Light Gray,0.0,20.77,4,12,0,1,0.0,0.08333333333333333,-0.08333333333333333
B0CLYC255G,1800 Bed Sheets,Full,Taupe,0.0,303.76,15,135,0,8,0.0,0.05925925925925926,-0.05925925925925926
B0DTKQH91T,Unmapped,—,—,0.0,0.0,0,1,0,0,,0.0,
B0CYCQXPNV,1800 Bed Sheet Set 6 PC With DEEP Fitted Sheet,King,Hazy Lilac,0.0,201.8,13,45,0,4,0.0,0.08888888888888889,-0.08888888888888889
B0DN21G3VN,Bundles,Queen,Light Gray,0.0,0.0,2,1,0,0,0.0,0.0,0.0
B09P3ZMW7C,Bundles,BUNDLE,White,0.0,0.0,0,1,0,0,,0.0,
B08NPSNLSV,400TC Cotton Sheet Set,Full,Beige,0.0,0.0,4,0,0,0,0.0,,
B06XYWHZHN,Toddler 1800 Fitted Sheet,"2 Fitted Sheets 28"" x 52""",Animal Print and Pink,0.0,0.0,2,4,0,0,0.0,0.0,0.0
B0BTZ3TTFC,1800 Bed Sheet Set 6 PIECE,King,Brick Red,0.0,45.02,16,73,0,1,0.0,0.0136986301369863,-0.0136986301369863
B08NPRNCSJ,400TC Cotton Sheet Set,King,Navy,0.0,59.97,4,17,0,1,0.0,0.058823529411764705,-0.058823529411764705
B01ETTEBI4,1800 Flat Sheet,Queen,Purple,0.0,16.12,14,30,0,1,0.0,0.03333333333333333,-0.03333333333333333
B0CYCNYBCJ,1800 Bed Sheet Set 6 PC With DEEP Fitted Sheet,California King,Blue Hydrangea,0.0,43.32,2,19,0,1,0.0,0.05263157894736842,-0.05263157894736842
B08L432CN1,Silk Pillowcase,"King 20"" X 36""",Peacock Blue,0.0,0.0,5,15,0,0,0.0,0.0,0.0
B0BTZ7XLK4,1800 Bed Sheet Set 6 PIECE,Full,Spa Blue,0.0,0.0,11,35,0,0,0.0,0.0,0.0
B01ETTE3O6,1800 Flat Sheet,Twin,Navy Blue,0.0,91.02000000000001,3,15,0,6,0.0,0.4,-0.4
B0822YFZ3Y,1800 Bedskirt,King,Brick Red,0.0,0.0,15,50,0,0,0.0,0.0,0.0
B0BTZ7F43V,1800 Bed Sheet Set 6 PIECE,King,Yellow,0.0,42.37,16,61,0,1,0.0,0.01639344262295082,-0.01639344262295082
B0CYCSC4DD,1800 Bed Sheet Set 6 PC With DEEP Fitted Sheet,King,Emerald Green,0.0,100.24,8,51,0,2,0.0,0.0392156862745098,-0.0392156862745098
B01MQ4LRDY,Cotton Flannel Sheet Set 160GSM,Queen,Gray,0.0,83.14,18,31,0,2,0.0,0.06451612903225806,-0.06451612903225806
B0BTZ7XWCV,1800 Bed Sheet Set 6 PIECE,Full,Purple,0.0,0.0,0,14,0,0,,0.0,
B0CYCQM958,1800 Bed Sheet Set 6 PC With DEEP Fitted Sheet,King,Lavender,0.0,50.12,13,44,0,1,0.0,0.022727272727272728,-0.022727272727272728
B07YYCT5BS,Silk Pillowcase,"Standard 20"" X 26""","Black, White Piping",0.0,18.48,8,18,0,1,0.0,0.05555555555555555,-0.05555555555555555
B0CYCR1VRD,1800 Bed Sheet Set 6 PC With DEEP Fitted Sheet,Full,Sage,0.0,0.0,13,49,0,0,0.0,0.0,0.0
B01ETTG7S6,1800 Flat Sheet,King,Purple,0.0,36.94,5,13,0,2,0.0,0.15384615384615385,-0.15384615384615385
B01ETTHKJG,1800 Flat Sheet,Full,Beige,0.0,30.54,5,18,0,2,0.0,0.1111111111111111,-0.1111111111111111
B0BTZ5LJPM,1800 Bed Sheet Set 6 PIECE,Queen,Black,0.0,112.10999999999999,18,53,0,3,0.0,0.05660377358490566,-0.05660377358490566
B0CYCRTCSN,1800 Bed Sheet Set 6 PC With DEEP Fitted Sheet,Queen,Lavender,0.0,90.32,33,78,0,2,0.0,0.02564102564102564,-0.02564102564102564
B0BTZ6VF2T,1800 Bed Sheet Set 6 PIECE,Twin,Black,0.0,64.54,3,18,0,2,0.0,0.1111111111111111,-0.1111111111111111
B08D12G8VL,"1800 Fitted Sheet 21"" Deep",King,Coral,0.0,20.77,20,32,0,1,0.0,0.03125,-0.03125
B01ES3LVXE,1800 Fitted Sheet,Twin,Tan,0.0,0.0,4,8,0,0,0.0,0.0,0.0
B0CYCQQ89M,1800 Bed Sheet Set 6 PC With DEEP Fitted Sheet,King,Blue Nova,0.0,259.45000000000005,15,117,0,5,0.0,0.042735042735042736,-0.042735042735042736
B07YYD9QFN,Silk Pillowcase,"Standard 20"" X 26""","White, Black Piping",0.0,0.0,5,27,0,0,0.0,0.0,0.0
B0822VY3C6,"1800 Fitted Sheet 21"" Deep",Full,Beige,0.0,158.13,18,42,0,9,0.0,0.21428571428571427,-0.21428571428571427
B0CYCR2SC7,1800 Bed Sheet Set 6 PC With DEEP Fitted Sheet,California King,Taupe,0.0,0.0,3,15,0,0,0.0,0.0,0.0
B0D7J7G354,1800 Bed Sheet Set 6 PC With DEEP Fitted Sheet,California King,Beige,0.0,96.84,10,19,0,2,0.0,0.10526315789473684,-0.10526315789473684
B09NC6DWPT,Mattress Pads Waterproof,"California King 21""",White,0.0,36.36,3,25,0,2,0.0,0.08,-0.08
B0822VSLCW,1800 Pillow Shams 2 piece,King,Light Gray,0.0,0.0,0,0,0,0,,,
B07YYCMGJH,Silk Pillowcase,"Body 20"" X 54""",Dark Gray,0.0,0.0,6,20,0,0,0.0,0.0,0.0
B08TRSQYPJ,1800 Flat Sheet,Twin,Golden Ivory,0.0,29.54,15,30,0,2,0.0,0.06666666666666667,-0.06666666666666667
B01ETTIHJS,1800 Flat Sheet,California King,Blue Hydrangea,0.0,33.94,9,13,0,2,0.0,0.15384615384615385,-0.15384615384615385
B0CYCRPGBJ,1800 Bed Sheet Set 6 PC With DEEP Fitted Sheet,California King,Sage,0.0,47.97,25,86,0,1,0.0,0.011627906976744186,-0.011627906976744186
B0BTZ6JY57,1800 Bed Sheet Set 6 PIECE,Full,Golden Ivory,0.0,208.86,22,57,0,6,0.0,0.10526315789473684,-0.10526315789473684
B01ETTI3EC,1800 Flat Sheet,California King,Black,0.0,90.85,20,66,0,5,0.0,0.07575757575757576,-0.07575757575757576
B0892NS1YD,1800 Fitted Sheet,Full,Spa Blue,0.0,32.24,6,22,0,2,0.0,0.09090909090909091,-0.09090909090909091
B07X3VKLPV,Cotton Flannel Sheet Set 180GSM,Twin,Navy,0.0,0.0,3,9,0,0,0.0,0.0,0.0
B0CYCPMZ75,1800 Bed Sheet Set 6 PC With DEEP Fitted Sheet,Queen,Emerald Green,0.0,170.01999999999998,26,50,0,4,0.0,0.08,-0.08
B0CYCRQ87P,1800 Bed Sheet Set 6 PC With DEEP Fitted Sheet,Full,Spa Blue,0.0,38.22,8,61,0,1,0.0,0.01639344262295082,-0.01639344262295082
B0BTZ6N5GC,1800 Bed Sheet Set 6 PIECE,Twin,Emerald Green,0.0,0.0,4,20,0,0,0.0,0.0,0.0
B01ES3M4SA,1800 Fitted Sheet,Twin,Coral,0.0,67.33,14,16,0,4,0.0,0.25,-0.25
B07MHRNH3W,1800 Duvet Cover Set,King,Light Gray,0.0,88.71000000000001,32,78,0,3,0.0,0.038461538461538464,-0.038461538461538464
B0CYCQBH77,1800 Bed Sheet Set 6 PC With DEEP Fitted Sheet,King,Sky Blue,0.0,235.85,16,71,0,5,0.0,0.07042253521126761,-0.07042253521126761
B08NPW1N2Y,400TC Cotton Sheet Set,Full,Navy,0.0,0.0,0,7,0,0,,0.0,
B08TRPF6X4,1800 Fitted Sheet,California King,Dark Taupe,0.0,0.0,8,6,0,0,0.0,0.0,0.0
B07M6VHK9G,1800 Duvet Cover Set,Queen,Black,0.0,83.91,21,38,0,3,0.0,0.07894736842105263,-0.07894736842105263
B0D7J4XVRX,1800 Bed Sheet Set 6 PC With DEEP Fitted Sheet,Full,Spa Mint,0.0,35.97,8,48,0,1,0.0,0.020833333333333332,-0.020833333333333332
B0BTZ4CCZC,1800 Bed Sheet Set 6 PIECE,Twin XL,Emerald Green,0.0,64.54,11,49,0,2,0.0,0.04081632653061224,-0.04081632653061224
B08CHNZBHQ,1800 Ultrasonic Coverlet,Twin,Beige,0.0,38.37,117,230,0,1,0.0,0.004347826086956522,-0.004347826086956522
B01ES3MCM8,1800 Fitted Sheet,Twin,Pink,0.0,32.24,18,30,0,2,0.0,0.06666666666666667,-0.06666666666666667
B08L429KSS,Silk Pillowcase,"King 20"" X 36""",Lilac,0.0,20.89,9,17,0,1,0.0,0.058823529411764705,-0.058823529411764705
B08RZFDKF9,1800 Bed Sheets,Split King,Blush Pink,0.0,432.84000000000003,51,364,0,13,0.0,0.03571428571428571,-0.03571428571428571
B01MU0UYAQ,Cotton Flannel Sheet Set 160GSM,California King,Burgundy,0.0,48.77,2,4,0,1,0.0,0.25,-0.25
B0CYCQC5JR,1800 Bed Sheet Set 6 PC With DEEP Fitted Sheet,Full,Navy Blue,0.0,0.0,9,29,0,0,0.0,0.0,0.0
B0892PJN9C,1800 Flat Sheet,King,Spa Blue,0.0,0.0,6,21,0,0,0.0,0.0,0.0
B0822XRVC6,1800 Bedskirt,Full,Spa Blue,0.0,0.0,16,13,0,0,0.0,0.0,0.0
B08NPKCWCT,400TC Cotton Sheet Set,California King,Light Blue,0.0,0.0,7,1,0,0,0.0,0.0,0.0
B07YYDGZ59,Silk Pillowcase,"Queen 20"" X 30""","White, Black Piping",0.0,0.0,4,18,0,0,0.0,0.0,0.0
B0DN27LTYB,Bundles,Queen,White,0.0,0.0,7,8,0,0,0.0,0.0,0.0
B07PTCBNZX,1800 Duvet Cover Set,Twin,Laced Sky Blue,0.0,157.09,13,60,0,7,0.0,0.11666666666666667,-0.11666666666666667
B0CNRX854V,1800 Bed Sheets,California King,Poppy Orange,0.0,37.97,22,137,0,1,0.0,0.0072992700729927005,-0.0072992700729927005
B08D111DYP,"1800 Fitted Sheet 21"" Deep",Twin XL,Brown,0.0,0.0,5,14,0,0,0.0,0.0,0.0
B0BTZ5SDV8,1800 Bed Sheet Set 6 PIECE,Twin XL,Beige,0.0,193.62,14,46,0,6,0.0,0.13043478260869565,-0.13043478260869565
B00ZSGV3E8,1800 Bed Sheets,Twin,Striped White,0.0,664.31,43,265,0,23,0.0,0.08679245283018867,-0.08679245283018867
B08D12145H,"1800 Fitted Sheet 21"" Deep",Twin XL,Aqua,0.0,70.28,19,52,0,4,0.0,0.07692307692307693,-0.07692307692307693
B0BTZ64RRN,1800 Bed Sheet Set 6 PIECE,California King,Brown,0.0,0.0,3,8,0,0,0.0,0.0,0.0
B0BTZ85K94,1800 Bed Sheet Set 6 PIECE,Full,Aqua,0.0,125.84,7,21,0,4,0.0,0.19047619047619047,-0.19047619047619047
B098PBW9NV,Velvet Ultrasonic Coverlet,Full-Queen,Teal,0.0,0.0,16,24,0,0,0.0,0.0,0.0
B08V8ZVGQ6,1800 Bed Sheets,RV / Short Queen,Brick Red,0.0,27.97,23,57,0,1,0.0,0.017543859649122806,-0.017543859649122806
B0CJ9WSNK1,Bundles,King,Gray,0.0,0.0,1,4,0,0,0.0,0.0,0.0
B0BTZ5F2C9,1800 Bed Sheet Set 6 PIECE,Queen,Brown,0.0,185.97,16,67,0,5,0.0,0.07462686567164178,-0.07462686567164178
B0CYCPT2FR,1800 Bed Sheet Set 6 PC With DEEP Fitted Sheet,Queen,Blue Hydrangea,0.0,98.94,31,79,0,2,0.0,0.02531645569620253,-0.02531645569620253
B0DN2851R7,Bundles,Queen,Gray,0.0,0.0,1,2,0,0,0.0,0.0,0.0
B01ETTHM8K,1800 Flat Sheet,California King,Aqua,0.0,16.97,2,10,0,1,0.0,0.1,-0.1
B0GHK4B6LH,Bundles_virtual,Full,White,0.0,0.0,264,907,0,0,0.0,0.0,0.0
B08NQSRPB9,400TC Cotton Sheet Set,California King,Gray,0.0,0.0,3,3,0,0,0.0,0.0,0.0
B08TRSK3WJ,1800 Fitted Sheet,Twin XL,Teal,0.0,0.0,4,10,0,0,0.0,0.0,0.0
B08NPR4NG7,400TC Cotton Sheet Set,Full,Gray,0.0,116.94,8,3,0,2,0.0,0.6666666666666666,-0.6666666666666666
B07J3XBXCW,Cotton Flannel Sheet Set 180GSM,Full,White,0.0,0.0,4,6,0,0,0.0,0.0,0.0
B01ES3LOBI,1800 Fitted Sheet,Twin,Purple,0.0,32.24,1,5,0,2,0.0,0.4,-0.4
B010LAZSLY,1800 Pillowcase Set 2 pc,Set of 2 Standard Size,Striped Beige,0.0,30.54,8,19,0,2,0.0,0.10526315789473684,-0.10526315789473684
B01ES3OYHY,1800 Fitted Sheet,California King,Emerald Green,0.0,18.67,5,5,0,1,0.0,0.2,-0.2
B0BNPBJP92,Bundles,California King,Colorful,0.0,0.0,0,1,0,0,,0.0,
B08TRPNC1C,1800 Fitted Sheet,King,Teal,0.0,59.31,10,22,0,3,0.0,0.13636363636363635,-0.13636363636363635
B0822YC6GS,1800 Pillowcase Set 4 pc,Standard,Beige,0.0,91.8,19,58,0,4,0.0,0.06896551724137931,-0.06896551724137931
B0892NDBPD,1800 Flat Sheet,Queen,Spa Blue,0.0,16.12,16,18,0,1,0.0,0.05555555555555555,-0.05555555555555555
B0CYCMX1XX,1800 Bed Sheet Set 6 PC With DEEP Fitted Sheet,King,Gray,0.0,50.12,10,43,0,1,0.0,0.023255813953488372,-0.023255813953488372
B0822XDTL3,1800 Bed Sheet Set With DEEP Fitted Sheet,Full,Brick Red,0.0,78.14,22,120,0,2,0.0,0.016666666666666666,-0.016666666666666666
B01ES3M318,1800 Fitted Sheet,Twin,Blue Hydrangea,0.0,48.36,13,14,0,3,0.0,0.21428571428571427,-0.21428571428571427
B0822YRN5P,1800 Pillowcase Set 4 pc,King,Beige,0.0,22.95,7,14,0,1,0.0,0.07142857142857142,-0.07142857142857142
B0822Z1P7N,1800 Bedskirt,Twin,Navy Blue,0.0,0.0,5,0,0,0,0.0,,
B0DN227Q1P,Bundles,Queen,Gray,0.0,0.0,1,0,0,0,0.0,,
B01ETTHPUA,1800 Flat Sheet,California King,Violet,0.0,0.0,1,9,0,0,0.0,0.0,0.0
B07YYCK27R,Silk Pillowcase,"Standard 20"" X 26""",Black,0.0,0.0,9,7,0,0,0.0,0.0,0.0
B0BTZ6J8CX,1800 Bed Sheet Set 6 PIECE,Full,Brown,0.0,66.24,2,13,0,2,0.0,0.15384615384615385,-0.15384615384615385
B0BNNYGL7M,Bundles,Full,Colorful,0.0,0.0,1,1,0,0,0.0,0.0,0.0
B0BTZ6R4FW,1800 Bed Sheet Set 6 PIECE,Split King,Lavender,0.0,0.0,3,11,0,0,0.0,0.0,0.0
B07WZP1R3Q,Cotton Flannel Sheet Set 160GSM,Twin XL,Pink,0.0,290.16,0,47,0,8,,0.1702127659574468,
B08NPZFK2H,400TC Cotton Sheet Set,Full,Light Blue,0.0,0.0,2,3,0,0,0.0,0.0,0.0
B07WZP5KZL,Cotton Flannel Sheet Set 180GSM,Queen,Floral Feathers,0.0,153.31,35,54,0,3,0.0,0.05555555555555555,-0.05555555555555555
B0BTZ5KZ8G,1800 Bed Sheet Set 6 PIECE,Split King,Gray,0.0,41.88,3,14,0,1,0.0,0.07142857142857142,-0.07142857142857142
B0CKTW1KMN,Bundles,King,Spa Blue,0.0,0.0,7,2,0,0,0.0,0.0,0.0
B08NPV51XW,400TC Cotton Sheet Set,California King,Navy,0.0,0.0,2,8,0,0,0.0,0.0,0.0
B09QLB2PF1,Bundles,Queen,White,0.0,0.0,0,2,0,0,,0.0,
B0CYCQWVVL,1800 Bed Sheet Set 6 PC With DEEP Fitted Sheet,California King,Emerald Green,0.0,0.0,2,9,0,0,0.0,0.0,0.0
B0BNNZMJCR,Bundles,Queen,Colorful,0.0,0.0,1,0,0,0,0.0,,
B0D7F2C7W1,1800 Bed Sheet Set 6 PC With DEEP Fitted Sheet,King,Spa Mint,0.0,567.84,20,100,0,11,0.0,0.11,-0.11
B0822VY3C8,"1800 Fitted Sheet 21"" Deep",California King,White,0.0,202.53,17,49,0,9,0.0,0.1836734693877551,-0.1836734693877551
B09SQFHBDY,1800 Duvet Cover Set,Full,Sage,0.0,0.0,5,31,0,0,0.0,0.0,0.0
B0CJ9W1W39,Bundles,Queen,Gray,0.0,0.0,3,0,0,0,0.0,,
B08NPXQTF4,400TC Cotton Sheet Set,Twin,White,0.0,0.0,16,37,0,0,0.0,0.0,0.0
B0BTZ2SYMM,1800 Bed Sheet Set 6 PIECE,Full,Lavender,0.0,62.92,9,39,0,2,0.0,0.05128205128205128,-0.05128205128205128
B0BNNZW4BT,Bundles,Queen,Colorful,0.0,0.0,2,1,0,0,0.0,0.0,0.0
B08YP663VF,Ruffle Skirt Bedspread Ruffle,King,Ruffle White,0.0,0.0,3,7,0,0,0.0,0.0,0.0
B09NC4XGN1,Mattress Pads Waterproof,"Full 21""",White,0.0,0.0,0,0,0,0,,,
B0822XCR7V,1800 Pillowcase Set 4 pc,Standard,Brick Red,0.0,45.9,6,25,0,2,0.0,0.08,-0.08
B01N7IE9TA,Cotton Flannel Sheet Set 160GSM,Full,Navy,0.0,79.94,6,14,0,2,0.0,0.14285714285714285,-0.14285714285714285
B0BNP232MY,Bundles,California King,Colorful,0.0,0.0,1,1,0,0,0.0,0.0,0.0
B0BNNYHQW3,Bundles,California King,Colorful,0.0,0.0,0,1,0,0,,0.0,
B0D7J7269X,1800 Bed Sheet Set 6 PC With DEEP Fitted Sheet,Full,Beige,0.0,107.91,8,33,0,3,0.0,0.09090909090909091,-0.09090909090909091
B01ETTGC04,1800 Flat Sheet,King,Black,0.0,33.94,4,15,0,2,0.0,0.13333333333333333,-0.13333333333333333
B01ES3OWQM,1800 Fitted Sheet,Full,Persimmon,0.0,0.0,8,12,0,0,0.0,0.0,0.0
B0BXTCFZ3K,Microfiber Pillow Covers w/zipper,18x18,Coverlet Black,0.0,0.0,1,1,0,0,0.0,0.0,0.0
B01ETTH15O,1800 Flat Sheet,King,Spa Mint,0.0,67.88,9,34,0,4,0.0,0.11764705882352941,-0.11764705882352941
B01ES3N286,1800 Fitted Sheet,Twin XL,Brick Red,0.0,0.0,5,8,0,0,0.0,0.0,0.0
B0822VQ53G,1800 Pillow Shams 2 piece,King,Navy Blue,0.0,0.0,11,16,0,0,0.0,0.0,0.0
B08TRQQR3C,1800 Fitted Sheet,Twin,Golden Ivory,0.0,110.97,6,27,1,6,0.16666666666666666,0.2222222222222222,-0.05555555555555555
B0822WCRPX,"1800 Fitted Sheet 21"" Deep",Full,White,0.0,87.85,16,37,0,5,0.0,0.13513513513513514,-0.13513513513513514
B0BTZ4TM7G,1800 Bed Sheet Set 6 PIECE,California King,Yellow,0.0,0.0,2,10,0,0,0.0,0.0,0.0
B0BTZ2ZK8K,1800 Bed Sheet Set 6 PIECE,Full,Sage,0.0,33.12,29,240,0,1,0.0,0.004166666666666667,-0.004166666666666667
B0CYCNWF94,1800 Bed Sheet Set 6 PC With DEEP Fitted Sheet,King,Taupe,0.0,100.24,9,66,0,2,0.0,0.030303030303030304,-0.030303030303030304
B08YP8XH4F,Ruffle Skirt Bedspread Solid,Queen,Solid Ivory,0.0,0.0,6,8,0,0,0.0,0.0,0.0
B01ETTHEGU,1800 Flat Sheet,California King,Navy Blue,0.0,33.94,2,13,0,2,0.0,0.15384615384615385,-0.15384615384615385
B07X4Y39HF,Cotton Flannel Sheet Set 180GSM,Twin,Light Gray Plaid,0.0,0.0,5,7,0,0,0.0,0.0,0.0
B07YY9Z2JF,Silk Pillowcase,"Standard 20"" X 26""",Pink,0.0,101.91,7,26,0,3,0.0,0.11538461538461539,-0.11538461538461539
B0D7JMQPCQ,1800 Bed Sheet Set 6 PC With DEEP Fitted Sheet,California King,Spa Mint,0.0,50.97,8,25,0,1,0.0,0.04,-0.04
B0CYCQ8LZ1,1800 Bed Sheet Set 6 PC With DEEP Fitted Sheet,California King,Aqua,0.0,50.97,7,12,0,1,0.0,0.08333333333333333,-0.08333333333333333
B0822Y134L,1800 Bedskirt,Twin,Brick Red,0.0,16.97,0,7,0,1,,0.14285714285714285,
B08NPN3JZX,400TC Cotton Sheet Set,Queen,Navy,0.0,0.0,8,10,0,0,0.0,0.0,0.0
B0BTZ62W7M,1800 Bed Sheet Set 6 PIECE,California King,Spa Blue,0.0,0.0,2,20,0,0,0.0,0.0,0.0
B0892NN6XL,1800 Flat Sheet,California King,Spa Blue,0.0,16.97,1,16,0,1,0.0,0.0625,-0.0625
B08TRSP8L3,1800 Fitted Sheet,Twin,Sage,0.0,0.0,9,29,0,0,0.0,0.0,0.0
B0BTZ4QWHW,1800 Bed Sheet Set 6 PIECE,Full,Blush Pink,0.0,72.09,12,42,0,2,0.0,0.047619047619047616,-0.047619047619047616
B0BTZ6GX35,1800 Bed Sheet Set 6 PIECE,Twin,Navy Blue,0.0,102.51,9,24,0,3,0.0,0.125,-0.125
B0BTZ5LZSN,1800 Bed Sheet Set 6 PIECE,Split King,Blush Pink,0.0,0.0,1,21,0,0,0.0,0.0,0.0
B0CYCNR9XQ,1800 Bed Sheet Set 6 PC With DEEP Fitted Sheet,California King,Blue Nova,0.0,50.97,6,15,0,1,0.0,0.06666666666666667,-0.06666666666666667
B07X1SS7N7,Cotton Flannel Sheet Set 160GSM,King,Pink,0.0,0.0,4,9,0,0,0.0,0.0,0.0
B08XMY6LHV,1800 Duvet Cover Set Velvet Stripe,Twin,Gray,0.0,0.0,2,5,0,0,0.0,0.0,0.0
B01N9HT70M,Cotton Flannel Sheet Set 160GSM,Twin XL,Navy,0.0,35.17,7,14,0,1,0.0,0.07142857142857142,-0.07142857142857142
B01ES3NISA,1800 Fitted Sheet,Twin XL,Coral,0.0,16.12,4,9,0,1,0.0,0.1111111111111111,-0.1111111111111111
B08NPTGRG6,400TC Cotton Sheet Set,King,Denim Blue,0.0,0.0,5,8,0,0,0.0,0.0,0.0
B07X3VMFKQ,Cotton Flannel Sheet Set 180GSM,Full,Floral Feathers,0.0,0.0,5,6,0,0,0.0,0.0,0.0
B0BTZ6RFZR,1800 Bed Sheet Set 6 PIECE,King,Black,0.0,195.98000000000002,23,43,0,4,0.0,0.09302325581395349,-0.09302325581395349
B08TRQ44QX,1800 Flat Sheet,California King,Blush Pink,0.0,0.0,3,12,0,0,0.0,0.0,0.0
B01ETTEJL8,1800 Flat Sheet,Queen,Lavender,0.0,64.48,6,17,0,4,0.0,0.23529411764705882,-0.23529411764705882
B01ETTDZY0,1800 Flat Sheet,Queen,Aqua,0.0,16.12,11,23,0,1,0.0,0.043478260869565216,-0.043478260869565216
B01ES3LAYO,1800 Fitted Sheet,Twin,Navy Blue,0.0,48.36,10,26,0,3,0.0,0.11538461538461539,-0.11538461538461539
B0BTZ4Q11V,1800 Bed Sheet Set 6 PIECE,Twin,Coral,0.0,30.37,5,15,0,1,0.0,0.06666666666666667,-0.06666666666666667
B01ETTHAAA,1800 Flat Sheet,California King,Gray,0.0,33.94,7,19,0,2,0.0,0.10526315789473684,-0.10526315789473684
B0BTZ8LHTX,1800 Bed Sheet Set 6 PIECE,Split King,Black,0.0,41.88,4,22,0,1,0.0,0.045454545454545456,-0.045454545454545456
B08NPRBV33,400TC Cotton Sheet Set,King,Ivory,0.0,0.0,7,13,0,0,0.0,0.0,0.0
B0BTZ74YXG,1800 Bed Sheet Set 6 PIECE,Split King,Golden Ivory,0.0,167.52,8,36,0,4,0.0,0.1111111111111111,-0.1111111111111111
B08TRQ3JS8,1800 Fitted Sheet,Twin XL,Golden Ivory,0.0,51.21,5,33,0,3,0.0,0.09090909090909091,-0.09090909090909091
B08NPRNYVK,400TC Cotton Sheet Set,King,Beige,0.0,0.0,2,8,0,0,0.0,0.0,0.0
B09K7NY44N,Bundles,BUNDLE,Light Gray,0.0,0.0,4,1,0,0,0.0,0.0,0.0
B08NPQFHBK,400TC Cotton Sheet Set,Twin XL,Gray,0.0,0.0,3,2,0,0,0.0,0.0,0.0
B07YYCZ3C1,Silk Pillowcase,"Body 20"" X 54""",Light Gray,0.0,49.97,0,11,0,1,,0.09090909090909091,
B01ETTIBNK,1800 Flat Sheet,Full,Black,0.0,0.0,8,10,0,0,0.0,0.0,0.0
B08BZVYQ99,1800 Bed Sheet Set With DEEP Fitted Sheet,Split King,Emerald Green,0.0,40.35,21,192,0,1,0.0,0.005208333333333333,-0.005208333333333333
B0BTZ6Q3QW,1800 Bed Sheet Set 6 PIECE,Queen,Yellow,0.0,298.96,33,127,0,8,0.0,0.06299212598425197,-0.06299212598425197
B07YYBX99F,Silk Pillowcase,"King 20"" X 36""","White, Black Piping",0.0,87.94,5,25,0,2,0.0,0.08,-0.08
B01ES3N7Q8,1800 Fitted Sheet,Twin XL,Lavender,0.0,0.0,7,15,0,0,0.0,0.0,0.0
B01ES3OTME,1800 Fitted Sheet,Full,Emerald Green,0.0,32.24,11,14,0,2,0.0,0.14285714285714285,-0.14285714285714285
B01ETTHW7G,1800 Flat Sheet,California King,Purple,0.0,16.97,2,7,0,1,0.0,0.14285714285714285,-0.14285714285714285
B01N4E72H6,Cotton Flannel Sheet Set 160GSM,California King,Blue/Gray Snowflakes,0.0,97.54,3,15,0,2,0.0,0.13333333333333333,-0.13333333333333333
B07YYLTXKZ,Cotton Flannel Sheet Set 160GSM,Twin,Burgundy,0.0,0.0,2,5,0,0,0.0,0.0,0.0
B07MS7QWTG,1800 Duvet Cover Set,King,Black,0.0,29.57,16,46,0,1,0.0,0.021739130434782608,-0.021739130434782608
B08BZX7VLP,1800 Bed Sheet Set With DEEP Fitted Sheet,Twin,Emerald Green,0.0,143.88,19,97,0,4,0.0,0.041237113402061855,-0.041237113402061855
B0BTZ7KXB3,1800 Bed Sheet Set 6 PIECE,Twin,Aqua,0.0,129.95,3,29,0,4,0.0,0.13793103448275862,-0.13793103448275862
B01MXYFPYY,Cotton Flannel Sheet Set 160GSM,King,Navy,0.0,47.17,7,11,0,1,0.0,0.09090909090909091,-0.09090909090909091
B01ES3P3YW,1800 Fitted Sheet,California King,Spa Mint,0.0,37.34,18,67,0,2,0.0,0.029850746268656716,-0.029850746268656716
B0BTZ96P6Q,1800 Bed Sheet Set 6 PIECE,Split King,Aqua,0.0,0.0,4,18,0,0,0.0,0.0,0.0
B0CYCPB6JH,1800 Bed Sheet Set 6 PC With DEEP Fitted Sheet,California King,Hazy Lilac,0.0,0.0,5,16,0,0,0.0,0.0,0.0
B08TRRD9T6,1800 Flat Sheet,King,Golden Ivory,0.0,84.85,7,42,0,5,0.0,0.11904761904761904,-0.11904761904761904
B0822Z1N5D,1800 Bedskirt,King,Black,0.0,39.04,13,36,0,2,0.0,0.05555555555555555,-0.05555555555555555
B01ETTE95O,1800 Flat Sheet,Twin,Aqua,0.0,27.14,10,27,0,2,0.0,0.07407407407407407,-0.07407407407407407
B01ETTIRC0,1800 Flat Sheet,Full,Coral,0.0,30.54,15,28,0,2,0.0,0.07142857142857142,-0.07142857142857142
B09PBTLVSG,Bundles,BUNDLE,Gray,0.0,0.0,0,1,0,0,,0.0,
B01ES3MA7A,1800 Fitted Sheet,Twin,Persimmon,0.0,0.0,3,10,0,0,0.0,0.0,0.0
B0BTZ3NBBQ,1800 Bed Sheet Set 6 PIECE,Queen,Purple,0.0,193.45,14,74,0,5,0.0,0.06756756756756757,-0.06756756756756757
B08TRR95RM,1800 Fitted Sheet,King,Sage,0.0,96.65,20,57,0,5,0.0,0.08771929824561403,-0.08771929824561403
B0BTZ5617B,1800 Bed Sheet Set 6 PIECE,Split King,Navy Blue,0.0,83.76,5,14,0,2,0.0,0.14285714285714285,-0.14285714285714285
B07X2SKX7B,Cotton Flannel Sheet Set 160GSM,Full,Light Blue Plaid,0.0,39.97,12,9,0,1,0.0,0.1111111111111111,-0.1111111111111111
B01ETTGPYC,1800 Flat Sheet,King,Coral,0.0,16.97,6,24,0,1,0.0,0.041666666666666664,-0.041666666666666664
B08BZX45CN,1800 Bed Sheet Set With DEEP Fitted Sheet,Full,Tan,0.0,634.2900000000001,35,235,0,17,0.0,0.07234042553191489,-0.07234042553191489
B0822YSQQG,1800 Bedskirt,Full,Blue Hydrangea,0.0,19.97,13,20,0,1,0.0,0.05,-0.05
B08NPRPVTT,400TC Cotton Sheet Set,Twin XL,Navy,0.0,49.97,2,2,0,1,0.0,0.5,-0.5
B08CZYST4Y,1800 Bed Sheet Set With DEEP Fitted Sheet,Twin XL,Purple,0.0,359.7,12,96,0,10,0.0,0.10416666666666667,-0.10416666666666667
B01ES3LRXI,1800 Fitted Sheet,Twin,Light Gray,0.0,112.84,7,29,0,7,0.0,0.2413793103448276,-0.2413793103448276
B095KKH6MN,1800 Ultrasonic Coverlet,Twin,Paloma Beige,0.0,0.0,47,94,0,0,0.0,0.0,0.0
B00O35D0YQ,1800 Bed Sheets,California King,Brick Red,0.0,37.97,19,81,0,1,0.0,0.012345679012345678,-0.012345679012345678
B0DN236S12,Bundles,King,Gray,0.0,0.0,2,0,0,0,0.0,,
B08NPKL1TC,400TC Cotton Sheet Set,Queen,Green,0.0,51.97,6,4,0,1,0.0,0.25,-0.25
B08BZX8G3H,1800 Bed Sheet Set With DEEP Fitted Sheet,Twin XL,Brown,0.0,179.85,18,79,0,5,0.0,0.06329113924050633,-0.06329113924050633
B08TRP9PWX,1800 Fitted Sheet,Twin XL,Sage,0.0,16.12,15,58,0,1,0.0,0.017241379310344827,-0.017241379310344827
B0B9ZV7Z4J,Faux Leather Pillow Cover,18x18 Throw 2 Pack,Brown,0.0,31.94,5,12,0,2,0.0,0.16666666666666666,-0.16666666666666666
B07X4YQGYN,Cotton Flannel Sheet Set 180GSM,Twin,Burgundy Plaid,0.0,0.0,5,13,0,0,0.0,0.0,0.0
B0CNRX7KDJ,1800 Pillowcase Set 2 pc,Set of 2 King Size,Terracotta,0.0,15.27,10,15,0,1,0.0,0.06666666666666667,-0.06666666666666667
B01ES3MYUS,1800 Fitted Sheet,King,Aqua,0.0,37.34,12,33,0,2,0.0,0.06060606060606061,-0.06060606060606061
B01ETTG970,1800 Flat Sheet,King,Brick Red,0.0,36.94,9,11,0,2,0.0,0.18181818181818182,-0.18181818181818182
B09SQF6WDH,1800 Duvet Cover Set,Twin,Sage,0.0,77.19,8,30,0,3,0.0,0.1,-0.1
B0CYCPG2PK,1800 Bed Sheet Set 6 PC With DEEP Fitted Sheet,King,Light Gray,0.0,150.35999999999999,8,79,0,3,0.0,0.0379746835443038,-0.0379746835443038
B07X3WM444,Cotton Flannel Sheet Set 160GSM,Queen,Light Blue Plaid,0.0,83.14,14,46,0,2,0.0,0.043478260869565216,-0.043478260869565216
B01NCLXDWJ,Cotton Flannel Sheet Set 160GSM,Twin XL,Blue/Gray Snowflakes,0.0,0.0,9,12,0,0,0.0,0.0,0.0
B0B2Q4BMD1,1800 Bedskirt,Twin,Golden Ivory,0.0,56.91,10,17,0,3,0.0,0.17647058823529413,-0.17647058823529413
B08D12L3HQ,"1800 Fitted Sheet 21"" Deep",California King,Tan,0.0,0.0,5,11,0,0,0.0,0.0,0.0
B01NCMALG3,Cotton Flannel Sheet Set 160GSM,Twin,Blue,0.0,0.0,13,7,0,0,0.0,0.0,0.0
B0822W9Z31,1800 Pillow Shams 2 piece,King,Black,0.0,23.94,7,8,0,2,0.0,0.25,-0.25
B01ES3NEQQ,1800 Fitted Sheet,King,Lavender,0.0,59.31,9,28,0,3,0.0,0.10714285714285714,-0.10714285714285714
B0BTZ7F43W,1800 Bed Sheet Set 6 PIECE,Twin,Lavender,0.0,64.54,6,20,0,2,0.0,0.1,-0.1
B010LB01OM,1800 Pillowcase Set 2 pc,Set of 2 King Size,Striped Beige,0.0,0.0,6,8,0,0,0.0,0.0,0.0
B08TRRY8RX,1800 Fitted Sheet,Twin XL,Dark Taupe,0.0,16.12,13,25,0,1,0.0,0.04,-0.04
B08NPN1ZQR,400TC Cotton Sheet Set,Queen,Gray,0.0,51.97,10,23,0,1,0.0,0.043478260869565216,-0.043478260869565216
B01ETTE1S4,1800 Flat Sheet,Queen,Violet,0.0,0.0,3,12,0,0,0.0,0.0,0.0
B0BMW5R2H2,Bundles,King,Lavender/White,0.0,0.0,2,4,0,0,0.0,0.0,0.0
B00RKHX1WA,1800 Pillowcase Set 2 pc,Set of 2 Standard Size,Brick Red,0.0,127.56,15,41,0,8,0.0,0.1951219512195122,-0.1951219512195122
B08NPT2QQ4,400TC Cotton Sheet Set,Twin,Light Blue,0.0,89.94,6,8,0,2,0.0,0.25,-0.25
B0CYCQLNLX,1800 Bed Sheet Set 6 PC With DEEP Fitted Sheet,Full,Emerald Green,0.0,0.0,3,23,0,0,0.0,0.0,0.0
B01N9HT80N,Cotton Flannel Sheet Set 160GSM,Twin,Beige,0.0,0.0,14,21,0,0,0.0,0.0,0.0
B0822W17N1,1800 Pillow Shams 2 piece,Standard,Black,0.0,11.97,6,3,0,1,0.0,0.3333333333333333,-0.3333333333333333
B09QL94W51,Bundles,Queen,Gray,0.0,0.0,1,1,0,0,0.0,0.0,0.0
B07YYCDGFZ,Silk Pillowcase,"Body 20"" X 54""",Black,0.0,0.0,4,3,0,0,0.0,0.0,0.0
B0BNP4G464,Bundles,Queen,Colorful,0.0,0.0,1,1,0,0,0.0,0.0,0.0
B0892NX26C,1800 Flat Sheet,Full,Spa Blue,0.0,30.54,10,26,0,2,0.0,0.07692307692307693,-0.07692307692307693
B01ETTDUK4,1800 Flat Sheet,Queen,Beige,0.0,67.33,7,21,0,4,0.0,0.19047619047619047,-0.19047619047619047
B0CYCQXH5L,1800 Bed Sheet Set 6 PC With DEEP Fitted Sheet,King,Black,0.0,50.12,7,18,0,1,0.0,0.05555555555555555,-0.05555555555555555
B0H6XN2CRL,Unmapped,—,—,0.0,0.0,4,0,0,0,0.0,,
B0B5HRJ2NB,1800 Duvet Cover Set,Oversized Queen,Light Gray,0.0,45.97,8,18,0,1,0.0,0.05555555555555555,-0.05555555555555555
B07X4WY7QZ,Cotton Flannel Sheet Set 180GSM,Twin,Floral Feathers,0.0,0.0,38,46,0,0,0.0,0.0,0.0
B08BZY4TYY,1800 Bed Sheet Set With DEEP Fitted Sheet,Full,Emerald Green,0.0,296.96,39,235,0,8,0.0,0.03404255319148936,-0.03404255319148936
B08YPBNF54,Ruffle Skirt Bedspread Ruffle,Full,Ruffle Gray,0.0,0.0,2,2,0,0,0.0,0.0,0.0
B098PC693H,Velvet Ultrasonic Coverlet,King-California King,Teal,0.0,202.55,31,50,0,3,0.0,0.06,-0.06
B08TRTG6SJ,1800 Flat Sheet,Twin,Teal,0.0,0.0,9,12,0,0,0.0,0.0,0.0
B0B986CFZ8,Bundles,King,White,0.0,0.0,3,1,0,0,0.0,0.0,0.0
B0H62NX85Z,Unmapped,—,—,0.0,0.0,0,1,0,0,,0.0,
B01ETTFUGQ,1800 Flat Sheet,Twin XL,Aqua,0.0,28.84,7,17,0,2,0.0,0.11764705882352941,-0.11764705882352941
B0BTZ64KB1,1800 Bed Sheet Set 6 PIECE,Twin,Spa Blue,0.0,27.43,5,31,0,1,0.0,0.03225806451612903,-0.03225806451612903
B0BTZ47QWS,1800 Bed Sheet Set 6 PIECE,Twin XL,Black,0.0,75.94,7,18,0,2,0.0,0.1111111111111111,-0.1111111111111111
B08NPRQKN6,400TC Cotton Sheet Set,Queen,Beige,0.0,51.97,9,17,0,1,0.0,0.058823529411764705,-0.058823529411764705
B0CYCQQLY9,1800 Bed Sheet Set 6 PC With DEEP Fitted Sheet,Queen,Black,0.0,80.7,13,25,0,2,0.0,0.08,-0.08
B01N9HT5K2,Cotton Flannel Sheet Set 160GSM,Queen,Burgundy,0.0,290.99,20,42,0,7,0.0,0.16666666666666666,-0.16666666666666666
B01ES3MNCM,1800 Fitted Sheet,Twin XL,Navy Blue,0.0,86.30000000000001,7,12,0,5,0.0,0.4166666666666667,-0.4166666666666667
B0CYCR9GW5,1800 Bed Sheet Set 6 PC With DEEP Fitted Sheet,Queen,Brown,0.0,39.97,12,37,0,1,0.0,0.02702702702702703,-0.02702702702702703
B01NGWLXLE,Cotton Flannel Sheet Set 160GSM,Full,Blue,0.0,39.97,16,33,0,1,0.0,0.030303030303030304,-0.030303030303030304
B01ES3LKR6,1800 Fitted Sheet,Twin,Gold,0.0,0.0,7,8,0,0,0.0,0.0,0.0
B0822ZKT44,1800 Bedskirt,Twin XL,Brick Red,0.0,50.91,10,17,0,3,0.0,0.17647058823529413,-0.17647058823529413
B0BTZ7DKCD,1800 Bed Sheet Set 6 PIECE,Split King,Yellow,0.0,0.0,5,16,0,0,0.0,0.0,0.0
B07X3TY5P2,Cotton Flannel Sheet Set 180GSM,California King,Light Gray Plaid,0.0,0.0,17,38,0,0,0.0,0.0,0.0
B07YYCN2R6,Silk Pillowcase,"Queen 20"" X 30""",White,0.0,115.48,8,131,0,4,0.0,0.030534351145038167,-0.030534351145038167
B0BTZ6L68K,1800 Bed Sheet Set 6 PIECE,Split King,Brick Red,0.0,0.0,3,24,0,0,0.0,0.0,0.0
B0822YXD3M,1800 Bedskirt,Twin,Spa Blue,0.0,0.0,11,8,0,0,0.0,0.0,0.0
B09P1TQHWY,Bundles,BUNDLE,White,0.0,0.0,14,12,0,0,0.0,0.0,0.0
B08NPKNG2B,400TC Cotton Sheet Set,Queen,Burgundy,0.0,0.0,1,5,0,0,0.0,0.0,0.0
B08NPYXYHY,400TC Cotton Sheet Set,King,Light Blue,0.0,0.0,2,7,0,0,0.0,0.0,0.0
B08D11YSHS,"1800 Fitted Sheet 21"" Deep",Queen,Emerald Green,0.0,19.17,20,30,0,1,0.0,0.03333333333333333,-0.03333333333333333
B097YW5W9Y,Duvet Cover Set Flannel,Full-Queen,Brown Plaid,0.0,0.0,0,2,0,0,,0.0,
B0822WNDSS,"1800 Fitted Sheet 21"" Deep",King,Light Gray,0.0,83.08,17,57,0,4,0.0,0.07017543859649122,-0.07017543859649122
B08TRRS9DS,1800 Flat Sheet,Queen,Sage,0.0,48.36,29,45,0,3,0.0,0.06666666666666667,-0.06666666666666667
B0CLYCPG5T,1800 Bed Sheets,Split King,Burgundy,0.0,96.81,19,100,0,3,0.0,0.03,-0.03
B0BTZ66G9R,1800 Bed Sheet Set 6 PIECE,Twin,Gray,0.0,146.18,7,34,0,4,0.0,0.11764705882352941,-0.11764705882352941
B08NPQ6FPY,400TC Cotton Sheet Set,Full,Burgundy,0.0,0.0,4,2,0,0,0.0,0.0,0.0
B0BTZ5WFGR,1800 Bed Sheet Set 6 PIECE,Twin,Beige,0.0,0.0,8,26,0,0,0.0,0.0,0.0
B0DN24S1Z1,Bundles,Queen,Light Gray,0.0,0.0,5,4,0,0,0.0,0.0,0.0
B01ETTED3M,1800 Flat Sheet,Twin,Gold,0.0,0.0,2,17,0,0,0.0,0.0,0.0
B0BTZ6Q4ZS,1800 Bed Sheet Set 6 PIECE,Twin,Brick Red,0.0,37.97,4,8,0,1,0.0,0.125,-0.125
B0822W537Y,1800 Bed Sheet Set With DEEP Fitted Sheet,Twin,Brick Red,0.0,0.0,0,56,0,0,,0.0,
B09SQF6K5D,1800 Duvet Cover Set,Queen,Sage,0.0,111.88,40,108,0,4,0.0,0.037037037037037035,-0.037037037037037035
B0CLYF6S8G,1800 Bed Sheets,Twin,Burgundy,0.0,118.88,11,78,0,4,0.0,0.05128205128205128,-0.05128205128205128
B0BTZ5T52H,1800 Bed Sheet Set 6 PIECE,Split King,Sage,0.0,49.27,13,32,0,1,0.0,0.03125,-0.03125
B01ES3NCYK,1800 Fitted Sheet,King,Black,0.0,59.31,8,14,0,3,0.0,0.21428571428571427,-0.21428571428571427
B0DN22LDSC,Bundles,Queen,White,0.0,0.0,11,15,0,0,0.0,0.0,0.0
B08D115YXL,"1800 Fitted Sheet 21"" Deep",Queen,Tan,0.0,38.34,26,41,0,2,0.0,0.04878048780487805,-0.04878048780487805
B01ETTEJIQ,1800 Flat Sheet,Twin,Brick Red,0.0,12.77,7,12,0,1,0.0,0.08333333333333333,-0.08333333333333333
B0CYCQ4MC5,1800 Bed Sheet Set 6 PC With DEEP Fitted Sheet,Full,Blue Hydrangea,0.0,38.22,7,46,0,1,0.0,0.021739130434782608,-0.021739130434782608
B01DK4M0H8,1800 Bed Sheets,Twin XL,Striped Gray/Silver,0.0,251.73,56,281,0,9,0.0,0.03202846975088968,-0.03202846975088968
B08TRTB2DF,1800 Flat Sheet,Twin,Sage,0.0,15.97,6,13,0,1,0.0,0.07692307692307693,-0.07692307692307693
B0CYCPVH5H,1800 Bed Sheet Set 6 PC With DEEP Fitted Sheet,Full,Brown,0.0,0.0,6,31,0,0,0.0,0.0,0.0
B0CYCR3DK3,1800 Bed Sheet Set 6 PC With DEEP Fitted Sheet,California King,Brown,0.0,0.0,2,9,0,0,0.0,0.0,0.0
B0BTZ6C48G,1800 Bed Sheet Set 6 PIECE,Twin,Golden Ivory,0.0,0.0,9,29,0,0,0.0,0.0,0.0
B0DGQPY788,1800 Bed Sheets,Split King,Oxford Stripe Hazy Lilac,0.0,108.21000000000001,22,129,0,3,0.0,0.023255813953488372,-0.023255813953488372
B07J3SXSLT,Cotton Flannel Sheet Set 180GSM,King,Gray,0.0,224.28000000000003,24,44,0,4,0.0,0.09090909090909091,-0.09090909090909091
B0BMW4YJ1T,Bundles,Twin,Lavender/White,0.0,0.0,1,1,0,0,0.0,0.0,0.0
B0BTZ85LRT,1800 Bed Sheet Set 6 PIECE,California King,Gray,0.0,46.72,7,21,0,1,0.0,0.047619047619047616,-0.047619047619047616
B096MX1T2H,Duvet Cover Set Faux Fur,King,Faux Fur - Black,0.0,34.98,7,9,0,1,0.0,0.1111111111111111,-0.1111111111111111
B0CJ9WZWX6,Bundles,King,Light Gray,0.0,0.0,0,1,0,0,,0.0,
B01ES3O2HQ,1800 Fitted Sheet,California King,Beige,0.0,0.0,6,14,0,0,0.0,0.0,0.0
B01ETTE0EO,1800 Flat Sheet,Twin,Beige,0.0,165.24,13,52,0,13,0.0,0.25,-0.25
B08NPY95PW,400TC Cotton Sheet Set,California King,Green,0.0,0.0,4,3,0,0,0.0,0.0,0.0
B09ZPWGR9B,Bundles,Full,White,0.0,0.0,0,4,0,0,,0.0,
B01ES3OF78,1800 Fitted Sheet,California King,Brown,0.0,0.0,2,3,0,0,0.0,0.0,0.0
B08CZZFFVX,"1800 Fitted Sheet 21"" Deep",King,Emerald Green,0.0,0.0,14,17,0,0,0.0,0.0,0.0
B08TRT7MXS,1800 Flat Sheet,Queen,Teal,0.0,35.09,3,15,0,2,0.0,0.13333333333333333,-0.13333333333333333
B0822ZKZSY,1800 Bedskirt,Full,Gray,0.0,19.97,8,15,0,1,0.0,0.06666666666666667,-0.06666666666666667
B01ES3OCD0,1800 Fitted Sheet,Full,Purple,0.0,0.0,3,15,0,0,0.0,0.0,0.0
B01ES3NOPM,1800 Fitted Sheet,King,Coral,0.0,0.0,8,17,0,0,0.0,0.0,0.0
B08TRSWRFS,1800 Flat Sheet,California King,Teal,0.0,0.0,4,15,0,0,0.0,0.0,0.0
B07X3WN9MY,Cotton Flannel Sheet Set 180GSM,King,Navy,0.0,158.31,6,14,0,3,0.0,0.21428571428571427,-0.21428571428571427
B08TRSR2QF,1800 Flat Sheet,Queen,Blush Pink,0.0,48.36,8,17,0,3,0.0,0.17647058823529413,-0.17647058823529413
B01ES3N61Y,1800 Fitted Sheet,Twin XL,Black,0.0,16.12,6,33,0,1,0.0,0.030303030303030304,-0.030303030303030304
B0BTZ5CZGC,1800 Bed Sheet Set 6 PIECE,California King,Blush Pink,0.0,46.72,4,19,0,1,0.0,0.05263157894736842,-0.05263157894736842
B0CYCNPNLC,1800 Bed Sheet Set 6 PC With DEEP Fitted Sheet,California King,Light Gray,0.0,50.96,6,15,0,1,0.0,0.06666666666666667,-0.06666666666666667
B08V8YBL7L,1800 Bed Sheets,RV / Short Queen,Royal Blue,0.0,0.0,28,68,0,0,0.0,0.0,0.0
B01ETTI5CC,1800 Flat Sheet,California King,Lavender,0.0,16.97,3,20,0,1,0.0,0.05,-0.05
B01ES3OK9G,1800 Fitted Sheet,California King,Light Gray,0.0,18.67,5,21,0,1,0.0,0.047619047619047616,-0.047619047619047616
B09PBTQ3ML,Bundles,BUNDLE,Light Gray,0.0,0.0,2,1,0,0,0.0,0.0,0.0
B08NPT4KJ4,400TC Cotton Sheet Set,King,Burgundy,0.0,119.94,3,7,0,2,0.0,0.2857142857142857,-0.2857142857142857
B01MT8MY31,1800 Bed Sheets,Split King,Black,0.0,119.10999999999999,13,50,0,3,0.0,0.06,-0.06
B0822XYVZ7,1800 Bed Sheet Set With DEEP Fitted Sheet,California King,Royal Blue,0.0,415.7,29,198,0,10,0.0,0.050505050505050504,-0.050505050505050504
B01N4E6W8F,Cotton Flannel Sheet Set 160GSM,Full,White,0.0,0.0,4,6,0,0,0.0,0.0,0.0
B0CYCR7QZZ,1800 Bed Sheet Set 6 PC With DEEP Fitted Sheet,Full,Hazy Lilac,0.0,35.97,8,47,0,1,0.0,0.02127659574468085,-0.02127659574468085
B08NPSG4YB,400TC Cotton Sheet Set,Queen,Light Blue,0.0,0.0,1,7,0,0,0.0,0.0,0.0
B08NPNP2WT,400TC Cotton Sheet Set,Full,Green,0.0,0.0,2,7,0,0,0.0,0.0,0.0
B0BTZ3TJ85,1800 Bed Sheet Set 6 PIECE,Full,Yellow,0.0,33.12,4,25,0,1,0.0,0.04,-0.04
B08TRTD7SM,1800 Flat Sheet,Full,Golden Ivory,0.0,0.0,6,17,0,0,0.0,0.0,0.0
B07YYD6YY8,Silk Pillowcase,"Queen 20"" X 30""",Dark Gray,0.0,144.35,8,33,0,5,0.0,0.15151515151515152,-0.15151515151515152
B0GGW7VNBM,Bundles_virtual,Queen,White,0.0,0.0,13,52,0,0,0.0,0.0,0.0
B09ZQ266F7,Bundles,Queen,Beige,0.0,0.0,0,2,0,0,,0.0,
B09PBT33DL,Bundles,BUNDLE,White,0.0,0.0,0,1,0,0,,0.0,
B0BBMTWX36,Unmapped,—,—,0.0,0.0,1,2,0,0,0.0,0.0,0.0
B01ES3P14Y,1800 Fitted Sheet,California King,Persimmon,0.0,0.0,4,13,0,0,0.0,0.0,0.0
B07X3W9P87,Cotton Flannel Sheet Set 180GSM,Full,Navy,0.0,0.0,0,1,0,0,,0.0,
B0BTZ4FMZ1,1800 Bed Sheet Set 6 PIECE,California King,Emerald Green,0.0,0.0,2,12,0,0,0.0,0.0,0.0
B01ES3OLY0,1800 Fitted Sheet,Full,Royal Blue,0.0,18.97,7,20,0,1,0.0,0.05,-0.05
B01ES3MWTQ,1800 Fitted Sheet,Twin XL,Gold,0.0,64.48,5,16,0,4,0.0,0.25,-0.25
B01ETTF3NQ,1800 Flat Sheet,Twin,Emerald Green,0.0,29.54,2,14,0,2,0.0,0.14285714285714285,-0.14285714285714285
B0CJ9WJCQW,Bundles,King,White,0.0,0.0,6,6,0,0,0.0,0.0,0.0
B08D112MZC,"1800 Fitted Sheet 21"" Deep",King,Tan,0.0,103.85,29,63,0,5,0.0,0.07936507936507936,-0.07936507936507936
B01ETTISKG,1800 Flat Sheet,California King,Spa Mint,0.0,0.0,5,17,0,0,0.0,0.0,0.0
B01ES3O0TG,1800 Fitted Sheet,California King,White,0.0,112.02,11,38,0,6,0.0,0.15789473684210525,-0.15789473684210525
B0BTZ6B7XR,1800 Bed Sheet Set 6 PIECE,Twin XL,Spa Blue,0.0,32.27,13,46,0,1,0.0,0.021739130434782608,-0.021739130434782608
B01ETTFS0E,1800 Flat Sheet,King,Navy Blue,0.0,19.97,3,13,0,1,0.0,0.07692307692307693,-0.07692307692307693
B01ES3OD98,1800 Fitted Sheet,California King,Gold,0.0,0.0,2,6,0,0,0.0,0.0,0.0
B0BTZ5QZ4J,1800 Bed Sheet Set 6 PIECE,Twin XL,Blue Hydrangea,0.0,360.67,20,63,0,11,0.0,0.1746031746031746,-0.1746031746031746
B01ES3O5RI,1800 Fitted Sheet,Full,Aqua,0.0,35.09,3,14,0,2,0.0,0.14285714285714285,-0.14285714285714285
B08BZYDJCT,1800 Bed Sheet Set With DEEP Fitted Sheet,Twin XL,Lavender,0.0,643.25,48,258,0,17,0.0,0.06589147286821706,-0.06589147286821706
B09NQG1H1K,Bundles,BUNDLE,White,0.0,0.0,4,3,0,0,0.0,0.0,0.0
B07J3SN523,Cotton Flannel Sheet Set 180GSM,King,White,0.0,263.85,20,50,0,5,0.0,0.1,-0.1
B0BXTPG1HY,Microfiber Pillow Covers w/zipper,16x16,Coverlet Black,0.0,0.0,5,3,0,0,0.0,0.0,0.0
B0CYCQPWXR,1800 Bed Sheet Set 6 PC With DEEP Fitted Sheet,California King,Spa Blue,0.0,59.97,2,15,0,1,0.0,0.06666666666666667,-0.06666666666666667
B07WZNZTMM,Cotton Flannel Sheet Set 160GSM,King,Light Blue Plaid,0.0,106.14,5,13,0,2,0.0,0.15384615384615385,-0.15384615384615385
B08NPTYVK7,400TC Cotton Sheet Set,California King,Denim Blue,0.0,0.0,4,5,0,0,0.0,0.0,0.0
B0822XPVC9,1800 Bedskirt,Queen,Royal Blue,0.0,53.46,13,35,0,3,0.0,0.08571428571428572,-0.08571428571428572
B01ETTHN7U,1800 Flat Sheet,Full,Gray,0.0,89.85,13,26,0,5,0.0,0.19230769230769232,-0.19230769230769232
B08XMXCVGJ,1800 Duvet Cover Set Velvet Stripe,Queen,White,0.0,0.0,9,17,0,0,0.0,0.0,0.0
B0D7J6FGW4,1800 Bed Sheet Set 6 PC With DEEP Fitted Sheet,King,Beige,0.0,238.05,20,97,0,5,0.0,0.05154639175257732,-0.05154639175257732
B0822Z6C7P,1800 Bedskirt,Twin,Royal Blue,0.0,0.0,2,8,0,0,0.0,0.0,0.0
B0822W2CT7,1800 Bed Sheet Set With DEEP Fitted Sheet,Twin XL,Royal Blue,0.0,368.7,23,143,0,10,0.0,0.06993006993006994,-0.06993006993006994
B08NPTCFMC,400TC Cotton Sheet Set,Full,Ivory,0.0,0.0,8,6,0,0,0.0,0.0,0.0
B08NPZPH8L,400TC Cotton Sheet Set,Twin,Gray,0.0,0.0,2,5,0,0,0.0,0.0,0.0
B08TRRBKDT,1800 Flat Sheet,Queen,Golden Ivory,0.0,16.12,5,24,0,1,0.0,0.041666666666666664,-0.041666666666666664
B01ETTFFJI,1800 Flat Sheet,Queen,Spa Mint,0.0,16.12,22,50,0,1,0.0,0.02,-0.02
B08TRR3SNS,1800 Flat Sheet,King,Blush Pink,0.0,50.91,16,66,0,3,0.0,0.045454545454545456,-0.045454545454545456
B0BTZ6P63N,1800 Bed Sheet Set 6 PIECE,Twin XL,Purple,0.0,167.05,3,28,0,5,0.0,0.17857142857142858,-0.17857142857142858
B01MY7SKC2,1800 Bed Sheets,Split King,Brown,0.0,113.50999999999999,19,97,0,3,0.0,0.030927835051546393,-0.030927835051546393
B01ES3LXTQ,1800 Fitted Sheet,Queen,Lavender,0.0,104.82,23,50,0,6,0.0,0.12,-0.12
B0DN2G9G7L,Bundles,King,Gray,0.0,0.0,0,1,0,0,,0.0,
B0BTZ6993F,1800 Bed Sheet Set 6 PIECE,Twin,Yellow,0.0,32.27,2,26,0,1,0.0,0.038461538461538464,-0.038461538461538464
B09PBQYRGB,Bundles,BUNDLE,Gray,0.0,0.0,1,1,0,0,0.0,0.0,0.0
B01ES3LXCI,1800 Fitted Sheet,Twin,Royal Blue,0.0,37.94,3,14,0,2,0.0,0.14285714285714285,-0.14285714285714285
B01ES3NQBO,1800 Fitted Sheet,King,Emerald Green,0.0,59.31,15,38,0,3,0.0,0.07894736842105263,-0.07894736842105263
B0CYCP9R6B,1800 Bed Sheet Set 6 PC With DEEP Fitted Sheet,California King,Navy Blue,0.0,59.97,5,6,0,1,0.0,0.16666666666666666,-0.16666666666666666
B01ETTG2U4,1800 Flat Sheet,Twin XL,Purple,0.0,0.0,1,12,0,0,0.0,0.0,0.0
B07WZP1HM4,Cotton Flannel Sheet Set 160GSM,Twin,Pink,0.0,0.0,9,8,0,0,0.0,0.0,0.0
B0BTZ3PP1J,1800 Bed Sheet Set 6 PIECE,Split King,Emerald Green,0.0,0.0,7,19,0,0,0.0,0.0,0.0
B08D11NY4C,"1800 Fitted Sheet 21"" Deep",Queen,Brown,0.0,76.68,77,76,0,4,0.0,0.05263157894736842,-0.05263157894736842
B0822YWR51,1800 Bedskirt,Full,Black,0.0,16.97,5,9,0,1,0.0,0.1111111111111111,-0.1111111111111111
B08CZZWCJ5,"1800 Fitted Sheet 21"" Deep",Queen,Purple,0.0,0.0,36,42,0,0,0.0,0.0,0.0
B08RZDLTVV,1800 Bed Sheets,California King,Blush Pink,0.0,692.43,59,451,0,19,0.0,0.04212860310421286,-0.04212860310421286
B0892P6Z53,1800 Flat Sheet,Twin XL,Spa Blue,0.0,0.0,6,11,0,0,0.0,0.0,0.0
B0BXTDKB99,Microfiber Pillow Covers w/zipper,20x20,Coverlet Light Gray,0.0,0.0,3,5,0,0,0.0,0.0,0.0
B0822W781G,"1800 Fitted Sheet 21"" Deep",Twin,Royal Blue,0.0,0.0,33,46,0,0,0.0,0.0,0.0
B0822W3F74,1800 Bed Sheet Set With DEEP Fitted Sheet,Split King,Black,0.0,194.53,21,120,0,5,0.0,0.041666666666666664,-0.041666666666666664
B01ES3O5V4,1800 Fitted Sheet,California King,Navy Blue,0.0,18.67,2,5,0,1,0.0,0.2,-0.2
B0CYCPQ54K,1800 Bed Sheet Set 6 PC With DEEP Fitted Sheet,Full,Aqua,0.0,0.0,3,34,0,0,0.0,0.0,0.0
B0CYCRC9TK,1800 Bed Sheet Set 6 PC With DEEP Fitted Sheet,California King,Blush Pink,0.0,0.0,4,9,0,0,0.0,0.0,0.0
B01ETTG60A,1800 Flat Sheet,King,Brown,0.0,16.97,0,16,0,1,,0.0625,
B01ES3OIE8,1800 Fitted Sheet,Full,Lavender,0.0,67.33,11,23,0,4,0.0,0.17391304347826086,-0.17391304347826086
B09ZPX77BV,Bundles,Queen,Light Gray,0.0,0.0,0,2,0,0,,0.0,
B0BMW5QLB2,Bundles,Queen,Lavender/White,0.0,0.0,5,3,0,0,0.0,0.0,0.0
B096MTK6H5,Duvet Cover Set Faux Fur,Queen,Faux Fur - Black,0.0,0.0,1,8,0,0,0.0,0.0,0.0
B08BZVPSCB,1800 Bed Sheet Set With DEEP Fitted Sheet,Twin XL,Tan,0.0,508.34000000000003,21,162,0,14,0.0,0.08641975308641975,-0.08641975308641975
B0CKTWCPV1,Bundles,King,Navy,0.0,0.0,2,3,0,0,0.0,0.0,0.0
B01ETTED6E,1800 Flat Sheet,Queen,Brick Red,0.0,0.0,5,8,0,0,0.0,0.0,0.0
B0822WHWRZ,1800 Bed Sheet Set With DEEP Fitted Sheet,Full,Spa Blue,0.0,368.75,63,367,0,10,0.0,0.027247956403269755,-0.027247956403269755
B01ETTFWN2,1800 Flat Sheet,Twin XL,Violet,0.0,0.0,9,13,0,0,0.0,0.0,0.0
B097YXVHZS,Duvet Cover Set Flannel,King-California King,Sage,0.0,0.0,4,11,0,0,0.0,0.0,0.0
B0BTZ6HL5H,1800 Bed Sheet Set 6 PIECE,Full,Coral,0.0,0.0,6,19,0,0,0.0,0.0,0.0
B0CYCPDP31,1800 Bed Sheet Set 6 PC With DEEP Fitted Sheet,California King,Gray,0.0,98.94,6,14,0,2,0.0,0.14285714285714285,-0.14285714285714285
B0CYCP8Q5H,1800 Bed Sheet Set 6 PC With DEEP Fitted Sheet,Full,Ivory,0.0,0.0,14,53,0,0,0.0,0.0,0.0
B0BTZ6FX8J,1800 Bed Sheet Set 6 PIECE,California King,Coral,0.0,0.0,6,23,0,0,0.0,0.0,0.0
B08CJ7YZ2D,1800 Ultrasonic Coverlet,Twin,Spa Blue,0.0,134.31,0,35,0,3,,0.08571428571428572,
B08BZVWFXT,1800 Bed Sheet Set With DEEP Fitted Sheet,Split King,Brown,0.0,119.91,13,81,0,3,0.0,0.037037037037037035,-0.037037037037037035
B09PBXKHHK,Bundles,BUNDLE,Gray,0.0,0.0,0,2,0,0,,0.0,
B0BTZ6R86Q,1800 Bed Sheet Set 6 PIECE,King,Light Gray,0.0,638.23,34,190,0,14,0.0,0.07368421052631578,-0.07368421052631578
B08KHCVCMS,1800 Ultrasonic Coverlet,Twin,Rosette Gray,0.0,0.0,59,92,0,0,0.0,0.0,0.0
B0822W5CW8,"1800 Fitted Sheet 21"" Deep",Queen,Navy Blue,0.0,62.31,14,27,0,3,0.0,0.1111111111111111,-0.1111111111111111
B0BTZ7K3HN,1800 Bed Sheet Set 6 PIECE,Split King,Purple,0.0,0.0,5,12,0,0,0.0,0.0,0.0
B0822X4J7R,1800 Bed Sheet Set With DEEP Fitted Sheet,Split King,Brick Red,0.0,249.82,15,83,0,6,0.0,0.07228915662650602,-0.07228915662650602
B0DN22Z3MF,Bundles,King,White,0.0,0.0,2,5,0,0,0.0,0.0,0.0
B0BTZ7KY66,1800 Bed Sheet Set 6 PIECE,Split King,Spa Blue,0.0,57.97,7,22,0,1,0.0,0.045454545454545456,-0.045454545454545456
B07X5T8LSS,Cotton Flannel Sheet Set 160GSM,Queen,Pink,0.0,0.0,11,18,0,0,0.0,0.0,0.0
B0822VXJ3F,"1800 Fitted Sheet 21"" Deep",Full,Navy Blue,0.0,87.85,13,22,0,5,0.0,0.22727272727272727,-0.22727272727272727
B0BTZ4S1BW,1800 Bed Sheet Set 6 PIECE,Full,Emerald Green,0.0,67.12,1,25,0,2,0.0,0.08,-0.08
B08NPPD8V9,400TC Cotton Sheet Set,California King,White,0.0,0.0,4,9,0,0,0.0,0.0,0.0
B01ES3MP1G,1800 Fitted Sheet,King,Beige,0.0,230.64,19,62,0,12,0.0,0.1935483870967742,-0.1935483870967742
B0GGVC7Q3M,Bundles_virtual,Standard,White,0.0,0.0,20,23,0,0,0.0,0.0,0.0
B0822XMHH5,1800 Bed Sheet Set With DEEP Fitted Sheet,King,Brick Red,0.0,914.54,88,683,0,22,0.0,0.032210834553440704,-0.032210834553440704
B09JB1HWPF,Bundles,BUNDLE,White,0.0,0.0,3,6,0,0,0.0,0.0,0.0
B01ES3O7HG,1800 Fitted Sheet,Full,Violet,0.0,16.12,10,17,0,1,0.0,0.058823529411764705,-0.058823529411764705
B0D35SS1FB,Unmapped,—,—,0.0,0.0,0,2,0,0,,0.0,
B0BTZ4JTHW,1800 Bed Sheet Set 6 PIECE,Split King,Brown,0.0,115.94,5,21,0,2,0.0,0.09523809523809523,-0.09523809523809523
B01ES3LD14,1800 Fitted Sheet,Twin,Mocha,0.0,9.48,9,12,0,1,0.0,0.08333333333333333,-0.08333333333333333
B0822XFQ7J,1800 Pillowcase Set 2 pc,Set of 2 King Size,Chevron Gray,0.0,30.54,9,22,0,2,0.0,0.09090909090909091,-0.09090909090909091
B09SQFZWQ1,1800 Pillowcase Set 2 pc,Set of 2 Standard Size,Madison Blue,0.0,99.72,19,48,0,6,0.0,0.125,-0.125
B010LAZQW0,1800 Pillowcase Set 2 pc,Set of 2 Standard Size,Striped White,0.0,242.54999999999995,11,41,0,15,0.0,0.36585365853658536,-0.36585365853658536
B09SQDYXCW,1800 Duvet Cover Set,King,Sage,0.0,59.14,38,97,0,2,0.0,0.020618556701030927,-0.020618556701030927
B01MYZYRHV,Cotton Flannel Sheet Set 160GSM,Twin,Blue/Gray Snowflakes,0.0,0.0,4,4,0,0,0.0,0.0,0.0
B0BTZ6B7XL,1800 Bed Sheet Set 6 PIECE,Twin,Brown,0.0,0.0,1,6,0,0,0.0,0.0,0.0
B0CJ9WGVM1,Bundles,Queen,White,0.0,0.0,17,7,0,0,0.0,0.0,0.0
B09P1VDYCX,Bundles,BUNDLE,White,0.0,0.0,14,25,0,0,0.0,0.0,0.0
B01ES3MA0W,1800 Fitted Sheet,Queen,Coral,0.0,84.85,8,31,0,5,0.0,0.16129032258064516,-0.16129032258064516
B08TRPHQSR,1800 Fitted Sheet,Queen,Light Blue,0.0,87.85,17,65,0,5,0.0,0.07692307692307693,-0.07692307692307693
B0CYCPX4BZ,1800 Bed Sheet Set 6 PC With DEEP Fitted Sheet,King,Brown,0.0,150.35999999999999,11,29,0,3,0.0,0.10344827586206896,-0.10344827586206896
B08CHPM1CK,1800 Ultrasonic Coverlet,Twin,Gray,0.0,76.74,29,83,0,2,0.0,0.024096385542168676,-0.024096385542168676
B0B9YRWFGJ,Faux Leather Pillow Cover,18x18 Throw 1 Pack,Brown,0.0,11.97,1,3,0,1,0.0,0.3333333333333333,-0.3333333333333333
B0CYCQ4MC3,1800 Bed Sheet Set 6 PC With DEEP Fitted Sheet,Full,Blush Pink,0.0,44.97,8,20,0,1,0.0,0.05,-0.05
B07YYBH2T9,Silk Pillowcase,"Throw 18"" X 18""","White, Black Piping",0.0,0.0,5,5,0,0,0.0,0.0,0.0
B01DN0B7S2,1800 Pillowcase Set 2 pc,Set of 2 Standard Size,Hot Pink,0.0,0.0,15,24,0,0,0.0,0.0,0.0
B01ETTELIY,1800 Flat Sheet,Twin,Light Gray,0.0,0.0,0,19,0,0,,0.0,
B0BTZ6C2CX,1800 Bed Sheet Set 6 PIECE,Split King,Coral,0.0,0.0,1,8,0,0,0.0,0.0,0.0
B08TRTM71S,1800 Flat Sheet,King,Teal,0.0,50.91,5,19,0,3,0.0,0.15789473684210525,-0.15789473684210525
B0822XRYKY,1800 Pillowcase Set 2 pc,Set of 2 Standard Size,Chevron Gray,0.0,61.08,40,25,0,4,0.0,0.16,-0.16
B0BTZ4YX76,1800 Bed Sheet Set 6 PIECE,Twin XL,Aqua,0.0,0.0,8,40,0,0,0.0,0.0,0.0
B09ZPYSWZ1,Bundles,Queen,White,0.0,0.0,6,8,0,0,0.0,0.0,0.0
B01ES3N0M4,1800 Fitted Sheet,King,Violet,0.0,18.67,2,19,0,1,0.0,0.05263157894736842,-0.05263157894736842
B0CYCPB6JF,1800 Bed Sheet Set 6 PC With DEEP Fitted Sheet,California King,Black,0.0,152.91,5,11,0,3,0.0,0.2727272727272727,-0.2727272727272727
B07X4WRZVN,Cotton Flannel Sheet Set 180GSM,Full,Light Gray Plaid,0.0,42.37,7,7,0,1,0.0,0.14285714285714285,-0.14285714285714285
B0CYCPFWQL,1800 Bed Sheet Set 6 PC With DEEP Fitted Sheet,King,Blue Hydrangea,0.0,159.21,12,78,0,3,0.0,0.038461538461538464,-0.038461538461538464
B0CYCPCC58,1800 Bed Sheet Set 6 PC With DEEP Fitted Sheet,California King,Tan,0.0,0.0,7,14,0,0,0.0,0.0,0.0
B078STM7RW,1800 Duvet Cover Set,Queen,Hotel White with Gray Embroidery,0.0,167.85,60,141,0,5,0.0,0.03546099290780142,-0.03546099290780142
B0CYCPZCSK,1800 Bed Sheet Set 6 PC With DEEP Fitted Sheet,Queen,Aqua,0.0,254.82,22,102,0,6,0.0,0.058823529411764705,-0.058823529411764705
B0822ZGPDG,1800 Bedskirt,Twin XL,Spa Blue,0.0,107.82,16,32,0,6,0.0,0.1875,-0.1875
B08TRQBMZD,1800 Fitted Sheet,California King,Golden Ivory,0.0,56.010000000000005,3,16,0,3,0.0,0.1875,-0.1875
B0822TWJ26,1800 Pillow Shams 2 piece,King,Gray,0.0,26.94,10,14,0,2,0.0,0.14285714285714285,-0.14285714285714285
B098PCK3R7,Velvet Ultrasonic Coverlet,Full-Queen,Blush Pink,0.0,51.17,13,23,0,1,0.0,0.043478260869565216,-0.043478260869565216
B07YYC671Z,Silk Pillowcase,"Throw 18"" X 18""",Pink,0.0,0.0,6,6,0,0,0.0,0.0,0.0
B08BZXC2VF,1800 Bed Sheet Set With DEEP Fitted Sheet,Twin,Aqua,0.0,398.63,32,189,0,10,0.0,0.05291005291005291,-0.05291005291005291
B0GGVY4RSF,Bundles_virtual,Twin XL,White,0.0,0.0,562,1943,0,0,0.0,0.0,0.0
B07YYC3R65,Silk Pillowcase,"Throw 18"" X 18""",Gold,0.0,23.77,7,6,0,1,0.0,0.16666666666666666,-0.16666666666666666
B01ETTF6I8,1800 Flat Sheet,Queen,Emerald Green,0.0,16.12,6,16,0,1,0.0,0.0625,-0.0625
B0DGQTCZ9Q,1800 Bed Sheets,Split King,Charcoal,0.0,0.0,1,30,0,0,0.0,0.0,0.0
B07WZP4C59,Cotton Flannel Sheet Set 180GSM,California King,Navy,0.0,69.97,0,3,0,1,,0.3333333333333333,
B07J3YKXS2,Cotton Flannel Sheet Set 180GSM,Twin XL,Gray,0.0,79.94,5,14,0,2,0.0,0.14285714285714285,-0.14285714285714285
B01ES3NWXQ,1800 Fitted Sheet,Full,Beige,0.0,32.24,4,15,0,2,0.0,0.13333333333333333,-0.13333333333333333
B0CYCNNTMH,1800 Bed Sheet Set 6 PC With DEEP Fitted Sheet,Full,Light Gray,0.0,83.19,5,34,0,2,0.0,0.058823529411764705,-0.058823529411764705
B0822W322Q,1800 Bed Sheet Set With DEEP Fitted Sheet,Split King,Royal Blue,0.0,239.82,7,124,0,6,0.0,0.04838709677419355,-0.04838709677419355
B08CZZV6R5,"1800 Fitted Sheet 21"" Deep",Queen,Aqua,0.0,57.510000000000005,38,86,0,3,0.0,0.03488372093023256,-0.03488372093023256
B08NPRQW9G,400TC Cotton Sheet Set,Twin XL,Light Gray,0.0,0.0,2,3,0,0,0.0,0.0,0.0
B07X2SKBTX,Cotton Flannel Sheet Set 160GSM,California King,Pink,0.0,0.0,2,4,0,0,0.0,0.0,0.0
B07WZP5QXR,Cotton Flannel Sheet Set 180GSM,King,Floral Feathers,0.0,0.0,13,28,0,0,0.0,0.0,0.0
B0822WG5HJ,"1800 Fitted Sheet 21"" Deep",California King,Navy Blue,0.0,25.97,5,8,0,1,0.0,0.125,-0.125
B0DN268KX6,Bundles,King,White,0.0,0.0,3,4,0,0,0.0,0.0,0.0
B0CNRYNV4P,1800 Bed Sheets,Twin XL,Pistachio,0.0,321.66999999999996,56,273,0,11,0.0,0.040293040293040296,-0.040293040293040296
B08L6RD8TT,1800 Pillowcase Set 2 pc,1 Pillowcase Body,Brick Red,0.0,12.72,7,15,0,1,0.0,0.06666666666666667,-0.06666666666666667
B08NPRB59K,400TC Cotton Sheet Set,Twin XL,Ivory,0.0,0.0,2,1,0,0,0.0,0.0,0.0
B08NPPSR1F,400TC Cotton Sheet Set,King,Green,0.0,0.0,3,7,0,0,0.0,0.0,0.0
B09ZPYV1KB,Bundles,Queen,Black,0.0,0.0,1,0,0,0,0.0,,
B0822WX2RK,1800 Bed Sheet Set With DEEP Fitted Sheet,Twin,Navy Blue,0.0,728.4,1,61,0,22,0.0,0.36065573770491804,-0.36065573770491804
B08YP4GVZ7,Ruffle Skirt Bedspread Solid,King,Solid Gray,0.0,59.97,12,17,0,1,0.0,0.058823529411764705,-0.058823529411764705
B08NPP9P15,400TC Cotton Sheet Set,Twin XL,White,0.0,0.0,3,7,0,0,0.0,0.0,0.0
B0BTZ623WS,1800 Bed Sheet Set 6 PIECE,California King,Black,0.0,54.97,2,7,0,1,0.0,0.14285714285714285,-0.14285714285714285
B0CYCQ94HT,1800 Bed Sheet Set 6 PC With DEEP Fitted Sheet,Full,Black,0.0,38.22,2,14,0,1,0.0,0.07142857142857142,-0.07142857142857142
B0CYCQGKGP,1800 Bed Sheet Set 6 PC With DEEP Fitted Sheet,California King,Sky Blue,0.0,0.0,5,16,0,0,0.0,0.0,0.0
B01ES3MYOY,1800 Fitted Sheet,Twin XL,Brown,0.0,32.24,5,11,0,2,0.0,0.18181818181818182,-0.18181818181818182
B0822XDH17,1800 Bed Sheet Set With DEEP Fitted Sheet,Twin,Black,0.0,114.66,16,58,0,3,0.0,0.05172413793103448,-0.05172413793103448
B08BZX7GB9,1800 Bed Sheet Set With DEEP Fitted Sheet,California King,Brown,0.0,519.64,35,193,0,12,0.0,0.06217616580310881,-0.06217616580310881
B09PBTJ5NG,Bundles,BUNDLE,White,0.0,0.0,0,3,0,0,,0.0,
B01MQW83B5,Cotton Flannel Sheet Set 160GSM,King,Blue,0.0,47.17,14,18,0,1,0.0,0.05555555555555555,-0.05555555555555555
B0BTZ45457,1800 Bed Sheet Set 6 PIECE,Queen,Golden Ivory,0.0,1072.59,83,254,0,30,0.0,0.11811023622047244,-0.11811023622047244
B07X1SSD9W,Cotton Flannel Sheet Set 160GSM,Twin,Light Blue Plaid,0.0,0.0,8,4,0,0,0.0,0.0,0.0
B08NPQ82QL,400TC Cotton Sheet Set,California King,Beige,0.0,0.0,1,2,0,0,0.0,0.0,0.0
B0CYCQ7NHL,1800 Bed Sheet Set 6 PC With DEEP Fitted Sheet,King,Blush Pink,0.0,100.24,8,35,0,2,0.0,0.05714285714285714,-0.05714285714285714
