asin,collection,size,color,sales,prior_sales,sessions,prior_sessions,units,prior_units,conversion,prior_conversion,conversion_change_pp
B00NLLUMOE,1800 Bed Sheets,Queen,White,46811.329999999994,55662.64,15631,20862,1273,1513,0.0814407267609238,0.07252420669159237,0.008916520069331427
B00NQDGAP2,1800 Bed Sheets,King,White,33818.2,37140.869999999995,6638,10153,832,911,0.1253389575173245,0.08972717423421649,0.035611783283108
B00O35DAL4,1800 Bed Sheets,Full,White,14270.189999999999,14518.8,2739,3202,411,415,0.15005476451259583,0.12960649594003748,0.020448268572558354
B0822X1VP7,1800 Bed Sheet Set With DEEP Fitted Sheet,King,White,9833.130000000001,8508.93,1963,2314,193,169,0.09831889964340296,0.07303370786516854,0.02528519177823442
B00O35CWQ8,1800 Bed Sheets,Twin,White,7704.570000000001,9070.470000000001,1894,1195,222,264,0.11721224920802534,0.22092050209205022,-0.10370825288402488
B0822X4TLW,1800 Bed Sheet Set With DEEP Fitted Sheet,Queen,White,7651.41,5865.61,1727,2077,163,128,0.09438332368268675,0.061627347135291284,0.03275597654739546
B00SBZJ8NG,1800 Bed Sheets,Queen,Light Gray,6635.02,7343.28,2184,2751,167,184,0.07646520146520147,0.06688476917484551,0.009580432290355961
B016P42ARU,1800 Bed Sheets,Twin XL,White,6615.51,5943.12,1388,1428,200,180,0.1440922190201729,0.12605042016806722,0.01804179885210569
B0CLYC7B2G,1800 Bed Sheets,Queen,Ivory,5511.860000000001,6110.61,2143,2422,138,156,0.06439570695286981,0.06440957886044592,-1.387190757611012e-05
B0CLYDPTWV,1800 Bed Sheets,King,Ivory,4638.209999999999,4253.17,1603,1810,109,101,0.06799750467872738,0.05580110497237569,0.012196399706351689
B08RZDBZZJ,1800 Bed Sheets,Queen,Golden Ivory,4436.67,4354.33,1811,2040,113,110,0.0623964660408614,0.05392156862745098,0.008474897413410419
B00NLLUP4G,1800 Bed Sheets,Queen,Gray,4125.33,3394.25,1376,1412,104,86,0.0755813953488372,0.060906515580736544,0.014674879768100661
B00SU0QSZ8,1800 Bed Sheets,King,Light Gray,3264.86,3520.1000000000004,1245,1424,76,83,0.06104417670682731,0.05828651685393258,0.0027576598528947296
B08RZCYC5X,1800 Bed Sheets,King,Golden Ivory,3221.0299999999997,3565.6499999999996,1263,1520,75,83,0.05938242280285035,0.05460526315789474,0.004777159644955613
B08RZBVSZR,1800 Bed Sheets,Queen,Blush Pink,3196.0,2956.98,1314,1553,80,76,0.060882800608828,0.0489375402446877,0.0119452603641403
B08RZFVS95,1800 Bed Sheets,Queen,Sage,3157.63,3553.33,1203,1340,85,94,0.07065669160432253,0.07014925373134329,0.0005074378729792439
B01DN0AJXQ,1800 Bed Sheets,Queen,Blue Hydrangea,3156.83,2677.19,1145,1351,80,68,0.06986899563318777,0.050333086602516654,0.019535909030671116
B00NLLUNSE,1800 Bed Sheets,Queen,Beige,2995.35,2595.65,1083,1248,75,65,0.06925207756232687,0.052083333333333336,0.01716874422899354
B0BTZ5HGMB,1800 Bed Sheet Set 6 PIECE,Queen,White,2730.23,3135.83,590,726,67,77,0.1135593220338983,0.10606060606060606,0.0074987159732922415
B00RKHWJ1O,1800 Pillowcase Set 2 pc,Set of 2 Standard Size,White,2663.0,3009.98,467,443,149,181,0.31905781584582443,0.40857787810383744,-0.08952006225801301
B0CNRZBCFQ,1800 Bed Sheets,Queen,Sky Blue,2398.2000000000003,2637.2200000000003,900,1242,60,66,0.06666666666666667,0.05314009661835749,0.013526570048309178
B01DN0AOW2,1800 Bed Sheets,Queen,Spa Mint,2318.26,3156.8300000000004,1345,1593,59,79,0.04386617100371747,0.04959196484620213,-0.005725793842484658
B0DGQSDWFD,1800 Bed Sheets,Queen,Mineral Gray,2278.29,2597.25,1067,1278,57,65,0.053420805998125584,0.05086071987480438,0.0025600861233212036
B07R5VP98P,1800 Bed Sheets,Queen,Pinstripe Gray,2275.89,1317.41,764,622,57,35,0.07460732984293193,0.05627009646302251,0.018337233379909425
B01DN0AW8I,1800 Bed Sheets,King,Spa Mint,2190.61,2019.5900000000001,955,1126,51,47,0.05340314136125655,0.041740674955595025,0.011662466405661522
B0BTZ24S9W,1800 Bed Sheet Set 6 PIECE,King,White,2160.26,1409.2199999999998,295,257,45,30,0.15254237288135594,0.11673151750972763,0.035810855371628314
B00O35DNS4,1800 Bed Sheets,California King,White,2155.8599999999997,2562.3900000000003,545,545,48,57,0.08807339449541285,0.10458715596330276,-0.01651376146788991
B00NQDGBTC,1800 Bed Sheets,King,Beige,2102.9500000000003,2234.4399999999996,583,637,49,52,0.08404802744425385,0.08163265306122448,0.00241537438302937
B0822Y7786,1800 Bed Sheet Set With DEEP Fitted Sheet,Full,White,2021.76,1743.1799999999998,419,474,44,39,0.10501193317422435,0.08227848101265822,0.022733452161566123
B08RZDH679,1800 Bed Sheets,King,Sage,1888.9599999999998,2105.5299999999997,769,842,44,50,0.05721716514954486,0.05938242280285035,-0.00216525765330549
B08RZF62QM,1800 Bed Sheets,Full,Blush Pink,1859.77,2049.62,553,564,50,54,0.09041591320072333,0.09574468085106383,-0.005328767650340502
B01DN0AQN4,1800 Bed Sheets,King,Blue Hydrangea,1845.13,2234.44,766,867,44,53,0.057441253263707574,0.06113033448673587,-0.003689081223028294
B0CNRZ4Y1C,1800 Bed Sheets,Queen,Blue Nova,1838.6200000000001,1677.9399999999998,569,715,46,42,0.08084358523725835,0.05874125874125874,0.022102326495999608
B07BKMXCYF,1800 Bed Sheets,Queen,Spa Blue,1798.65,1517.2600000000002,999,1069,45,40,0.04504504504504504,0.037418147801683815,0.0076268972433612275
B07RC2W7Q8,1800 Bed Sheets,Queen,Laced Sky Blue,1797.0500000000002,1199.1,492,481,45,30,0.09146341463414634,0.062370062370062374,0.029093352264083966
B0112XPNDW,1800 Bed Sheets,Queen,Tan,1795.45,1159.13,399,428,45,31,0.11278195488721804,0.07242990654205607,0.04035204834516197
B0822WT3R6,1800 Bed Sheet Set With DEEP Fitted Sheet,King,Gray,1766.9799999999998,1039.4,297,297,34,20,0.11447811447811448,0.06734006734006734,0.047138047138047146
B07BKP98B7,1800 Bed Sheets,King,Spa Blue,1760.9099999999999,1288.24,781,877,43,30,0.05505761843790013,0.03420752565564424,0.020850092782255886
B00WAIH1FW,1800 Bed Sheets,Queen,Black,1718.7099999999998,1358.98,397,354,44,35,0.11083123425692695,0.09887005649717515,0.011961177759751807
B0112XNCS0,1800 Bed Sheets,King,Tan,1717.0800000000002,1803.88,422,438,40,42,0.0947867298578199,0.0958904109589041,-0.0011036811010842057
B0822XQ9DZ,1800 Bed Sheet Set With DEEP Fitted Sheet,California King,White,1713.9700000000003,2129.73,376,560,33,42,0.08776595744680851,0.075,0.012765957446808515
B00SUF39K0,1800 Bed Sheets,Full,Light Gray,1707.8899999999999,1707.13,395,394,45,45,0.11392405063291139,0.11421319796954314,-0.00028914733663175374
B0822XGGJ6,1800 Bed Sheet Set With DEEP Fitted Sheet,Queen,Light Gray,1697.98,1249.25,396,452,34,25,0.08585858585858586,0.05530973451327434,0.030548851345311517
B08CZZZVYR,1800 Bed Sheet Set With DEEP Fitted Sheet,King,Paisley Gray,1663.0400000000004,623.6400000000001,361,398,32,12,0.0886426592797784,0.03015075376884422,0.058491905510934174
B0CNRZDPG2,1800 Bed Sheets,Queen,Hazy Lilac,1637.17,1478.0900000000001,721,940,41,37,0.056865464632454926,0.039361702127659576,0.01750376250479535
B00NQDGCW8,1800 Bed Sheets,King,Gray,1632.86,2143.34,603,668,38,50,0.06301824212271974,0.0748502994011976,-0.011832057278477859
B01DN0ALM0,1800 Bed Sheets,Queen,Emerald Green,1598.7999999999997,1717.91,670,772,40,43,0.05970149253731343,0.05569948186528497,0.004002010672028461
B00ZSGWAHC,1800 Bed Sheets,Queen,Striped White,1558.83,1036.82,677,466,39,26,0.05760709010339734,0.055793991416309016,0.0018130986870883228
B00RKHX3E6,1800 Pillowcase Set 2 pc,Set of 2 King Size,White,1526.3700000000001,2155.8199999999997,252,289,85,133,0.3373015873015873,0.4602076124567474,-0.12290602515516008
B00WAIH2TM,1800 Bed Sheets,Queen,Lavender,1518.86,1438.12,790,959,38,36,0.04810126582278481,0.03753910323253389,0.010562162590250918
B0CNRXJ7ZB,1800 Bed Sheets,King,Sky Blue,1503.95,1373.32,548,620,35,32,0.06386861313868614,0.05161290322580645,0.012255709912879685
B016P42X2W,1800 Bed Sheets,Twin XL,Light Gray,1503.71,1119.04,438,448,43,34,0.09817351598173515,0.07589285714285714,0.022280658838878017
B0BMW9MMY9,1800 Bed Sheet Set With DEEP Fitted Sheet,King,Golden Ivory,1455.16,1299.25,391,508,28,25,0.07161125319693094,0.04921259842519685,0.02239865477173409
B01ETTFKIE,1800 Flat Sheet,King,White,1437.8399999999997,659.01,101,101,72,39,0.7128712871287128,0.38613861386138615,0.3267326732673267
B0822WWZJQ,1800 Bed Sheet Set With DEEP Fitted Sheet,Twin XL,White,1394.07,989.34,570,395,31,22,0.054385964912280704,0.05569620253164557,-0.0013102376193648638
B08RZCP48J,1800 Bed Sheets,Full,Golden Ivory,1366.16,1252.25,433,455,36,33,0.08314087759815242,0.07252747252747253,0.010613405070679885
B0822X9LJN,1800 Bed Sheet Set With DEEP Fitted Sheet,King,Light Gray,1351.22,1660.54,378,464,26,32,0.06878306878306878,0.06896551724137931,-0.00018244845831053014
B08CZZ4SYJ,1800 Bed Sheet Set With DEEP Fitted Sheet,King,Spa Mint,1299.25,1818.9500000000003,420,543,25,36,0.05952380952380952,0.06629834254143646,-0.006774533017626941
B00NLNDP1Y,1800 Bed Sheets,Queen,Aqua,1279.04,2117.61,964,1061,33,55,0.03423236514522822,0.051837888784165884,-0.017605523638937665
B07RBZ1MYN,1800 Bed Sheets,King,Pinstripe Gray,1246.1299999999999,944.4799999999999,461,429,29,22,0.06290672451193059,0.05128205128205128,0.011624673229879312
B00ZSGVJE2,1800 Bed Sheets,King,Striped White,1244.4099999999999,1595.9699999999998,707,392,29,39,0.04101838755304102,0.09948979591836735,-0.05847140836532633
B0CNRZQ14K,1800 Bed Sheets,King,Hazy Lilac,1239.33,1160.19,402,503,29,27,0.07213930348258707,0.0536779324055666,0.01846137107702047
B0CLY99SL5,1800 Bed Sheets,Full,Ivory,1214.28,1632.71,534,540,32,44,0.0599250936329588,0.08148148148148149,-0.021556387848522686
B07R5VPFDK,1800 Bed Sheets,King,Laced Sky Blue,1200.5800000000002,1074.25,354,330,28,25,0.07909604519774012,0.07575757575757576,0.00333846944016436
B0822WHPQZ,1800 Bed Sheet Set With DEEP Fitted Sheet,Queen,Blue Hydrangea,1199.28,1649.0099999999998,298,373,24,34,0.08053691275167785,0.09115281501340483,-0.010615902261726984
B0BMWCNGW8,1800 Bed Sheet Set With DEEP Fitted Sheet,Queen,Golden Ivory,1198.2800000000002,1748.95,340,402,24,35,0.07058823529411765,0.08706467661691543,-0.016476441322797783
B0822W82LP,1800 Bed Sheet Set With DEEP Fitted Sheet,King,Blue Hydrangea,1192.81,1715.0100000000002,343,391,23,33,0.06705539358600583,0.08439897698209718,-0.01734358339609135
B01DN0A9IQ,1800 Bed Sheets,Full,Blue Hydrangea,1177.07,493.60999999999996,318,332,31,13,0.09748427672955975,0.0391566265060241,0.05832765022353566
B01CYLCQEK,1800 Bed Sheets,Queen,Paisley Gray,1159.13,1598.8000000000002,1101,973,29,40,0.02633969118982743,0.041109969167523124,-0.014770277977695694
B00NLNDO6K,1800 Bed Sheets,Queen,Navy Blue,1158.3300000000002,799.3999999999999,252,231,29,20,0.11507936507936507,0.08658008658008658,0.028499278499278496
B0BMW72PRP,1800 Bed Sheet Set With DEEP Fitted Sheet,Queen,Sage,1149.31,1149.31,243,333,23,23,0.09465020576131687,0.06906906906906907,0.025581136692247805
B0BMW6K3FD,1800 Bed Sheet Set With DEEP Fitted Sheet,King,Sage,1143.3400000000001,831.5200000000001,307,361,22,16,0.07166123778501629,0.0443213296398892,0.027339908145127094
B0822WBGD9,1800 Bed Sheet Set With DEEP Fitted Sheet,King,Beige,1143.34,1663.04,367,408,22,32,0.05994550408719346,0.0784313725490196,-0.01848586846182615
B08BZY7QCJ,1800 Bed Sheet Set With DEEP Fitted Sheet,King,Tan,1142.3000000000002,987.43,240,359,22,19,0.09166666666666666,0.052924791086350974,0.038741875580315686
B01ES3L33W,1800 Fitted Sheet,Queen,White,1138.29,559.16,170,202,61,28,0.3588235294117647,0.13861386138613863,0.22020966802562608
B08RZDCWPX,1800 Bed Sheets,Queen,Teal,1119.16,1918.56,619,784,28,48,0.045234248788368334,0.061224489795918366,-0.015990241007550032
B01DN0ASH8,1800 Bed Sheets,King,Emerald Green,1117.22,988.31,432,476,26,23,0.06018518518518518,0.04831932773109244,0.011865857454092743
B01DN0AKSK,1800 Bed Sheets,Queen,Coral,1079.19,798.5999999999999,418,479,27,20,0.0645933014354067,0.04175365344467641,0.022839647990730294
B0822WVF4H,1800 Bed Sheet Set With DEEP Fitted Sheet,Queen,Gray,1049.37,1249.25,286,313,21,25,0.07342657342657342,0.07987220447284345,-0.006445631046270023
B0BMWBX14R,1800 Bed Sheet Set With DEEP Fitted Sheet,Queen,Blush Pink,1049.37,849.49,255,362,21,17,0.08235294117647059,0.04696132596685083,0.03539161520961976
B08CZZCRQS,1800 Bed Sheet Set With DEEP Fitted Sheet,Queen,Paisley Gray,1049.37,749.55,289,302,21,15,0.0726643598615917,0.04966887417218543,0.02299548568940627
B08CZXP1GF,1800 Bed Sheet Set With DEEP Fitted Sheet,Queen,Spa Mint,1048.37,1049.37,346,421,21,21,0.06069364161849711,0.0498812351543943,0.010812406464102808
B0822X1KV9,1800 Bed Sheet Set With DEEP Fitted Sheet,Queen,Beige,1048.37,749.55,273,278,21,15,0.07692307692307693,0.0539568345323741,0.02296624239070283
B08RZDLLP7,1800 Bed Sheets,King,Blush Pink,1030.4199999999998,1589.8899999999999,554,668,24,38,0.04332129963898917,0.05688622754491018,-0.01356492790592101
B08RZD3PN6,1800 Bed Sheets,Full,Sage,1024.4299999999998,873.31,275,273,27,23,0.09818181818181818,0.08424908424908426,0.01393273393273392
B00NQDGHDC,1800 Bed Sheets,King,Aqua,988.3100000000002,945.3399999999999,500,608,24,22,0.048,0.03618421052631579,0.01181578947368421
B00NLNDRUI,1800 Bed Sheets,Queen,Brown,959.28,1038.42,300,295,24,26,0.08,0.08813559322033898,-0.00813559322033898
B0CNS16FHR,1800 Bed Sheets,Full,Sky Blue,949.25,759.4,266,299,26,20,0.09774436090225563,0.06688963210702341,0.030854728795232225
B00O384OYI,1800 Bed Sheets,Full,Gray,949.25,1063.1599999999999,299,287,25,29,0.08361204013377926,0.10104529616724739,-0.017433256033468125
B0822XZ52Q,1800 Bed Sheet Set With DEEP Fitted Sheet,Twin XL,Light Gray,944.37,134.91,152,84,21,3,0.13815789473684212,0.03571428571428571,0.1024436090225564
B00NLNDSZW,1800 Bed Sheets,Queen,Purple,919.31,879.3399999999999,311,311,23,22,0.07395498392282958,0.0707395498392283,0.003215434083601282
B016P42E9E,1800 Bed Sheets,Twin XL,Gray,909.22,488.88,194,162,26,14,0.13402061855670103,0.08641975308641975,0.04760086547028128
B08BZYCY47,1800 Bed Sheet Set With DEEP Fitted Sheet,Queen,Aqua,899.4599999999999,749.55,224,278,18,15,0.08035714285714286,0.0539568345323741,0.026400308324768765
B0BMW6YBL4,1800 Bed Sheet Set With DEEP Fitted Sheet,King,Pinstripe Gray,883.49,571.67,285,322,17,11,0.05964912280701754,0.034161490683229816,0.025487632123787726
B01DN0A328,1800 Bed Sheets,Twin XL,Blue Hydrangea,874.2500000000001,419.64,186,197,25,12,0.13440860215053763,0.06091370558375635,0.07349489656678128
B08V8V7VZF,1800 Bed Sheets,RV / Short Queen,White,873.5500000000001,523.85,552,510,25,15,0.04528985507246377,0.029411764705882353,0.015878090366581415
B01DN09YTG,1800 Bed Sheets,Twin,Blue Hydrangea,872.1500000000001,559.52,121,140,25,20,0.2066115702479339,0.14285714285714285,0.06375442739079104
B0CYCRHZR1,1800 Bed Sheet Set 6 PC With DEEP Fitted Sheet,King,White,839.5500000000002,559.6999999999999,102,97,15,10,0.14705882352941177,0.10309278350515463,0.043966040024257136
B01CYLCRO4,1800 Bed Sheets,King,Paisley Gray,816.43,901.51,492,489,19,21,0.03861788617886179,0.04294478527607362,-0.004326899097211831
B01ETTDTSM,1800 Flat Sheet,Queen,White,815.71,531.16,47,74,43,28,0.9148936170212766,0.3783783783783784,0.5365152386428982
B0BMW7CQ51,1800 Bed Sheet Set With DEEP Fitted Sheet,Queen,Laced Sky Blue,799.52,749.55,248,252,16,15,0.06451612903225806,0.05952380952380952,0.004992319508448542
B0822YG3V8,1800 Pillowcase Set 4 pc,Standard,White,776.96,1021.72,110,122,29,40,0.2636363636363636,0.32786885245901637,-0.06423248882265276
B0CNRXVPC8,1800 Bed Sheets,King,Blue Nova,773.46,1031.28,318,412,18,24,0.05660377358490566,0.05825242718446602,-0.0016486535995603596
B0DGQPSZVY,1800 Bed Sheets,King,Mineral Gray,772.6,1418.01,732,795,18,33,0.02459016393442623,0.04150943396226415,-0.01691927002783792
B08RZBT9K8,1800 Bed Sheets,King,Teal,770.06,594.78,384,426,18,14,0.046875,0.03286384976525822,0.014011150234741782
B0CNRYFVFL,1800 Bed Sheets,Queen,Pistachio,759.43,879.3399999999999,466,676,19,23,0.0407725321888412,0.034023668639053255,0.006748863549787945
B08BZWJ6QK,1800 Bed Sheet Set With DEEP Fitted Sheet,Queen,Tan,749.55,549.67,166,211,15,11,0.09036144578313253,0.052132701421800945,0.038228744361331585
B07R5VQK5V,1800 Bed Sheets,Twin XL,Pinstripe Gray,734.37,418.94,192,156,21,12,0.109375,0.07692307692307693,0.03245192307692307
B00NQDGK3O,1800 Bed Sheets,King,Brown,730.49,859.3999999999999,345,390,17,20,0.04927536231884058,0.05128205128205128,-0.0020066889632106982
B08C1C46DQ,1800 Bed Sheet Set With DEEP Fitted Sheet,King,Aqua,727.58,623.64,216,250,15,12,0.06944444444444445,0.048,0.021444444444444447
B01N10ETBD,1800 Bed Sheets,Split King,White,716.8199999999999,404.73,186,261,16,9,0.08602150537634409,0.034482758620689655,0.05153874675565444
B01ES3MMYG,1800 Fitted Sheet,King,White,703.04,593.19,109,89,32,27,0.29357798165137616,0.30337078651685395,-0.009792804865477789
B0CLYCSPZB,1800 Bed Sheets,Twin XL,Ivory,699.4,839.28,199,197,20,24,0.10050251256281408,0.1218274111675127,-0.02132489860469862
B0822X88ND,1800 Bed Sheet Set With DEEP Fitted Sheet,Queen,Spa Blue,698.5799999999999,449.72999999999996,253,290,14,9,0.05533596837944664,0.03103448275862069,0.02430148562082595
B08RZDW2H2,1800 Bed Sheets,Twin,Blush Pink,698.0,978.46,248,214,20,28,0.08064516129032258,0.1308411214953271,-0.05019596020500451
B08RZDZZHJ,1800 Bed Sheets,Twin,Golden Ivory,697.9999999999999,384.66999999999996,231,173,20,11,0.08658008658008658,0.06358381502890173,0.022996271551184846
B00O35DFRI,1800 Bed Sheets,Full,Aqua,683.46,417.66999999999996,257,285,18,11,0.07003891050583658,0.03859649122807018,0.0314424192777664
B0BMW6NBFV,1800 Bed Sheet Set With DEEP Fitted Sheet,King,Laced Sky Blue,675.6100000000001,1039.4,308,349,13,20,0.04220779220779221,0.05730659025787966,-0.015098798050087452
B0822YMKR5,1800 Bedskirt,King,White,666.1299999999999,666.13,494,394,29,30,0.058704453441295545,0.07614213197969544,-0.017437678538399892
B079YXK5SN,1800 Duvet Cover Set,Queen,White,660.93,972.1600000000001,167,206,19,28,0.11377245508982035,0.13592233009708737,-0.02214987500726702
B08BZWL45V,1800 Bed Sheet Set With DEEP Fitted Sheet,Queen,Lavender,649.61,599.64,189,243,13,12,0.06878306878306878,0.04938271604938271,0.019400352733686066
B0BMW8JKMX,1800 Bed Sheet Set With DEEP Fitted Sheet,Queen,Pinstripe Gray,647.6100000000001,799.52,255,251,13,16,0.050980392156862744,0.06374501992031872,-0.01276462776345598
B07R8X7VXT,1800 Bed Sheets,Full,Pinstripe Gray,645.49,341.73,581,490,17,9,0.029259896729776247,0.018367346938775512,0.010892549791000735
B00WAIH5ZI,1800 Bed Sheets,King,Lavender,644.55,859.4,402,455,15,21,0.03731343283582089,0.046153846153846156,-0.008840413318025264
B013FJJOCM,1800 Bed Sheets,Queen,Royal Blue,639.52,839.37,386,462,16,21,0.04145077720207254,0.045454545454545456,-0.004003768252472915
B0DGQQ6JJ1,1800 Bed Sheets,Queen,Oxford Stripe Sage,639.52,519.6099999999999,319,314,16,13,0.050156739811912224,0.041401273885350316,0.008755465926561908
B08V93R9LN,1800 Bed Sheets,RV / Short Queen,Light Gray,629.46,279.76,113,118,18,8,0.1592920353982301,0.06779661016949153,0.09149542522873856
B0822ZZJLL,1800 Bedskirt,Queen,White,629.0999999999999,524.25,414,313,30,25,0.07246376811594203,0.07987220447284345,-0.0074084363569014156
B08BZXVCB5,1800 Bed Sheet Set With DEEP Fitted Sheet,King,Emerald Green,623.6400000000001,415.76,189,172,12,9,0.06349206349206349,0.05232558139534884,0.011166482096714649
B0BMWCRXGG,1800 Bed Sheet Set With DEEP Fitted Sheet,King,Blush Pink,623.6400000000001,571.67,209,284,12,11,0.05741626794258373,0.03873239436619718,0.018683873576386553
B00O35DBNG,1800 Bed Sheets,Full,Beige,607.52,454.88,151,139,16,12,0.10596026490066225,0.08633093525179857,0.019629329648863686
B0822X3C9M,1800 Bed Sheet Set With DEEP Fitted Sheet,Twin,White,584.61,1034.31,168,201,13,23,0.07738095238095238,0.11442786069651742,-0.037046908315565036
B0822Z3PLW,1800 Bed Sheet Set With DEEP Fitted Sheet,Twin XL,Gray,584.6099999999999,359.76,84,59,13,8,0.15476190476190477,0.13559322033898305,0.019168684422921717
B014MVUDWM,1800 Pillowcase Set 2 pc,Set of 2 Standard Size,Light Gray,575.04,503.15999999999997,98,94,33,28,0.336734693877551,0.2978723404255319,0.038862353452019105
B0822XT63Y,1800 Bed Sheet Set With DEEP Fitted Sheet,King,Navy Blue,571.6700000000001,415.76,103,145,11,8,0.10679611650485436,0.05517241379310345,0.051623702711750916
B0822WGD4S,"1800 Fitted Sheet 21"" Deep",King,White,571.34,259.7,46,66,30,10,0.6521739130434783,0.15151515151515152,0.5006587615283268
B0DGQRH24Q,1800 Bed Sheets,Full,Mineral Gray,569.55,645.49,281,253,15,17,0.05338078291814947,0.06719367588932806,-0.013812892971178596
B01DN0AEXQ,1800 Bed Sheets,Full,Spa Mint,568.79,720.67,337,331,15,19,0.04451038575667656,0.05740181268882175,-0.012891426932145192
B013FJJQPM,1800 Bed Sheets,King,Royal Blue,556.0300000000001,257.82,200,221,13,6,0.065,0.027149321266968326,0.037850678733031676
B07GQ38TP8,1800 Duvet Cover Set,King,White,550.85,698.73,221,217,15,19,0.06787330316742081,0.08755760368663594,-0.01968430051921513
B01DN0ABHU,1800 Bed Sheets,Full,Emerald Green,530.8199999999999,189.85,192,139,14,5,0.07291666666666667,0.03597122302158273,0.03694544364508394
B07R5VNM7R,1800 Bed Sheets,Twin,Pinstripe Gray,524.55,104.91,85,59,15,3,0.17647058823529413,0.05084745762711865,0.12562313060817548
B00SUF34LO,1800 Bed Sheets,Twin,Light Gray,524.55,699.4,164,157,15,20,0.09146341463414634,0.12738853503184713,-0.035925120397700794
B08RZC21CJ,1800 Bed Sheets,Twin XL,Golden Ivory,524.55,384.66999999999996,167,150,15,11,0.08982035928143713,0.07333333333333333,0.016487025948103792
B0822YLBZP,1800 Bedskirt,Twin XL,White,519.22,659.01,189,133,26,33,0.13756613756613756,0.24812030075187969,-0.11055416318574213
B0CNRZ5KZH,1800 Bed Sheets,King,Terracotta,513.9200000000001,515.64,257,293,14,12,0.054474708171206226,0.040955631399317405,0.013519076771888822
B0BMW9NHP1,1800 Bed Sheet Set With DEEP Fitted Sheet,Full,Blush Pink,505.66999999999996,229.85,102,108,11,5,0.10784313725490197,0.046296296296296294,0.06154684095860567
B0822WFPWY,1800 Bed Sheet Set With DEEP Fitted Sheet,Queen,Navy Blue,498.7,499.69999999999993,140,149,10,10,0.07142857142857142,0.06711409395973154,0.004314477468839881
B01FWBWTGO,1800 Ultrasonic Coverlet,King,Spa Blue,494.73,769.58,761,782,9,14,0.011826544021024968,0.017902813299232736,-0.006076269278207768
B0BMW8G18Z,1800 Bed Sheet Set With DEEP Fitted Sheet,Twin,Blush Pink,494.67,134.91,110,63,11,3,0.1,0.047619047619047616,0.05238095238095239
B013FJJJC2,1800 Bed Sheets,Full,Royal Blue,493.61,265.03,106,109,13,7,0.12264150943396226,0.06422018348623854,0.05842132594772373
B08RZCXTG7,1800 Bed Sheets,Full,Teal,493.60999999999996,303.76,152,136,13,8,0.08552631578947369,0.058823529411764705,0.02670278637770898
B0CNRWYNDF,1800 Bed Sheets,Queen,Terracotta,479.64,799.3999999999999,343,423,12,20,0.03498542274052478,0.04728132387706856,-0.012295901136543774
B01DN0APS0,1800 Bed Sheets,Queen,Yellow,479.64,1119.1599999999999,656,779,12,30,0.018292682926829267,0.038510911424903725,-0.020218228498074458
B00NLNDU00,1800 Bed Sheets,Queen,Brick Red,478.0400000000001,598.75,326,402,12,15,0.03680981595092025,0.03731343283582089,-0.0005036168849006442
B00NQDGKZC,1800 Bed Sheets,King,Purple,471.80999999999995,601.5799999999999,127,144,12,14,0.09448818897637795,0.09722222222222222,-0.0027340332458442723
B01DN0ARJM,1800 Bed Sheets,King,Coral,469.27,644.55,259,263,11,15,0.04247104247104247,0.057034220532319393,-0.014563178061276924
B08CZYZSGG,1800 Bed Sheet Set With DEEP Fitted Sheet,California King,Paisley Gray,467.73,259.85,69,86,9,5,0.13043478260869565,0.05813953488372093,0.07229524772497473
B0822WXPVG,1800 Bed Sheet Set With DEEP Fitted Sheet,King,Spa Blue,467.73,934.42,302,369,9,18,0.029801324503311258,0.04878048780487805,-0.018979163301566793
B0822XTD1X,1800 Bed Sheet Set With DEEP Fitted Sheet,Full,Light Gray,459.70000000000005,597.6099999999999,86,87,10,14,0.11627906976744186,0.16091954022988506,-0.044640470462443196
B0822WMBHV,1800 Bed Sheet Set With DEEP Fitted Sheet,Full,Gray,459.69999999999993,91.94,79,67,10,3,0.12658227848101267,0.04477611940298507,0.0818061590780276
B07R924M7Y,1800 Bed Sheets,Full,Laced Sky Blue,455.64,303.76,334,256,12,8,0.03592814371257485,0.03125,0.004678143712574849
B00WAIGZYK,1800 Bed Sheets,Full,Lavender,455.64,645.4899999999999,227,247,12,17,0.05286343612334802,0.06882591093117409,-0.015962474807826067
B00ZSGVP8W,1800 Bed Sheets,Full,Striped White,454.88,377.41999999999996,194,139,12,10,0.061855670103092786,0.07194244604316546,-0.010086775940072679
B0CNRYNKYC,1800 Bed Sheets,Twin XL,Blue Nova,454.61,244.79,112,103,13,7,0.11607142857142858,0.06796116504854369,0.04811026352288489
B0822VQDHR,1800 Bed Sheet Set With DEEP Fitted Sheet,Queen,Black,449.72999999999996,499.7,114,113,9,10,0.07894736842105263,0.08849557522123894,-0.00954820680018631
B0DGQQ56WT,1800 Bed Sheets,California King,Mineral Gray,449.69999999999993,44.97,89,86,10,1,0.11235955056179775,0.011627906976744186,0.10073164358505357
B08RZCW5QJ,1800 Bed Sheets,California King,Sage,449.69999999999993,224.85,116,102,10,5,0.08620689655172414,0.049019607843137254,0.03718728870858689
B0CNRYGRBQ,1800 Bed Sheets,Queen,Poppy Orange,439.66999999999996,558.78,245,326,11,15,0.044897959183673466,0.046012269938650305,-0.0011143107549768383
B00WAIH49U,1800 Bed Sheets,King,Black,429.70000000000005,558.6099999999999,147,143,10,13,0.06802721088435375,0.09090909090909091,-0.022881880024737164
B00NQDGDYA,1800 Bed Sheets,King,Navy Blue,429.7,773.46,172,146,10,18,0.05813953488372093,0.1232876712328767,-0.06514813634915578
B00NQDGLTW,1800 Bed Sheets,King,Brick Red,428.84,257.82,197,207,10,6,0.050761421319796954,0.028985507246376812,0.021775914073420142
B00ZSGVRE4,1800 Bed Sheets,King,Striped Gray/Silver,428.8399999999999,386.72999999999996,220,262,10,9,0.045454545454545456,0.03435114503816794,0.011103400416377515
B08RZDTTWQ,1800 Bed Sheets,Split King,Sage,422.72999999999996,328.78999999999996,127,134,9,7,0.07086614173228346,0.05223880597014925,0.01862733576213421
B0CNRXLLCS,1800 Bed Sheets,Full,Blue Nova,417.66999999999996,645.49,131,188,11,17,0.08396946564885496,0.09042553191489362,-0.00645606626603866
B016P42CLE,1800 Bed Sheets,Twin XL,Beige,416.84000000000003,139.88,70,52,12,4,0.17142857142857143,0.07692307692307693,0.0945054945054945
B08BZXJS3M,1800 Bed Sheet Set With DEEP Fitted Sheet,King,Brown,415.76000000000005,727.5799999999999,120,143,8,14,0.06666666666666667,0.0979020979020979,-0.031235431235431238
B0822X6C25,1800 Bed Sheet Set With DEEP Fitted Sheet,California King,Beige,415.76000000000005,415.76,83,89,8,8,0.0963855421686747,0.0898876404494382,0.006497901719236504
B08CZY4RXL,1800 Bed Sheet Set With DEEP Fitted Sheet,King,Purple,415.76000000000005,675.61,94,127,8,13,0.0851063829787234,0.10236220472440945,-0.017255821745686045
B08BZWNVRD,1800 Bed Sheet Set With DEEP Fitted Sheet,California King,Tan,415.76,51.97,49,84,8,1,0.16326530612244897,0.011904761904761904,0.15136054421768708
B0822YZKLZ,1800 Bed Sheet Set With DEEP Fitted Sheet,Full,Blue Hydrangea,413.72999999999996,45.97,67,87,9,1,0.13432835820895522,0.011494252873563218,0.122834105335392
B01DN0AYFY,1800 Bed Sheets,California King,Blue Hydrangea,404.73,224.85,97,83,9,5,0.09278350515463918,0.060240963855421686,0.03254254129921749
B0CLYD6CZX,1800 Bed Sheets,California King,Ivory,404.73,629.58,179,215,9,14,0.05027932960893855,0.06511627906976744,-0.014836949460828891
B00SU0QUUQ,1800 Bed Sheets,California King,Light Gray,404.72999999999996,359.76,101,107,9,8,0.0891089108910891,0.07476635514018691,0.014342555750902194
B00O35DPN2,1800 Bed Sheets,California King,Gray,403.83000000000004,449.7,127,126,9,10,0.07086614173228346,0.07936507936507936,-0.008498937632795897
B00ZSGV5LY,1800 Bed Sheets,Queen,Striped Gray/Silver,399.7,758.6299999999999,365,444,10,19,0.0273972602739726,0.04279279279279279,-0.015395532518820192
B0CLYBZB3P,1800 Bed Sheets,Queen,Taupe,399.69999999999993,439.66999999999996,131,163,10,11,0.07633587786259542,0.06748466257668712,0.008851215285908307
B08TRRPSQN,1800 Pillowcase Set 2 pc,Set of 2 Standard Size,Golden Ivory,394.98,215.27999999999997,68,75,22,13,0.3235294117647059,0.17333333333333334,0.15019607843137256
B0BTZ4KPTZ,1800 Bed Sheet Set 6 PIECE,Full,White,389.7,311.76,84,83,10,9,0.11904761904761904,0.10843373493975904,0.010613884107860003
B0CNRYW1JW,1800 Bed Sheets,King,Pistachio,386.73,214.85,257,315,9,5,0.03501945525291829,0.015873015873015872,0.019146439379902416
B08RZCP48K,1800 Bed Sheets,Twin,Sage,384.66999999999996,104.91,115,114,11,3,0.09565217391304348,0.02631578947368421,0.06933638443935927
B0CNRZB226,1800 Bed Sheets,RV / Short Queen,Blue Nova,384.66999999999996,139.88,48,42,11,4,0.22916666666666666,0.09523809523809523,0.13392857142857142
B00O35D38Y,1800 Bed Sheets,Twin,Aqua,384.66999999999996,559.52,124,113,11,17,0.08870967741935484,0.1504424778761062,-0.06173280045675136
B0CLYCRY99,1800 Bed Sheets,Twin,Ivory,383.27,418.93999999999994,178,165,11,12,0.06179775280898876,0.07272727272727272,-0.010929519918283961
B01DN0B5JS,1800 Pillowcase Set 2 pc,Set of 2 Standard Size,Blue Hydrangea,380.61,431.28,85,82,22,24,0.25882352941176473,0.2926829268292683,-0.033859397417503545
B0BTZ7JCPL,1800 Bed Sheet Set 6 PIECE,Twin XL,White,379.7,454.88,106,101,10,12,0.09433962264150944,0.1188118811881188,-0.024472258546609366
B07BKQ9YK9,1800 Bed Sheets,Full,Spa Blue,379.7,417.66999999999996,238,240,10,12,0.04201680672268908,0.05,-0.007983193277310924
B0112XOOZ0,1800 Bed Sheets,Full,Tan,379.7,227.06,111,74,10,6,0.09009009009009009,0.08108108108108109,0.009009009009009
B00WAIGXVU,1800 Bed Sheets,Full,Black,378.18000000000006,189.85,86,75,10,5,0.11627906976744186,0.06666666666666667,0.04961240310077519
B099SBTBPD,1800 Duvet Cover Set,Full,White,362.66999999999996,230.79,32,44,11,7,0.34375,0.1590909090909091,0.1846590909090909
B0BMW9DRC4,1800 Bed Sheet Set With DEEP Fitted Sheet,Twin XL,Pinstripe Gray,359.76,134.91,88,40,8,3,0.09090909090909091,0.075,0.015909090909090914
B08RZDX3PY,1800 Bed Sheets,California King,Golden Ivory,359.76,494.66999999999996,122,114,8,11,0.06557377049180328,0.09649122807017543,-0.03091745757837215
B0822XJFYY,1800 Bed Sheet Set With DEEP Fitted Sheet,Twin XL,Blue Hydrangea,359.76,44.97,73,73,8,1,0.1095890410958904,0.0136986301369863,0.0958904109589041
B00WAIH7V0,1800 Bed Sheets,California King,Black,359.76,89.94,30,18,8,2,0.26666666666666666,0.1111111111111111,0.15555555555555556
B0DGQPSBKY,1800 Bed Sheets,Queen,Charcoal,359.73,279.78999999999996,105,120,9,7,0.08571428571428572,0.058333333333333334,0.02738095238095238
B0DGQRDPMP,1800 Bed Sheets,Queen,Oxford Stripe Blue Nova,359.73,239.82,253,266,9,6,0.03557312252964427,0.022556390977443608,0.013016731552200664
B0CYCRBWJS,1800 Bed Sheet Set 6 PC With DEEP Fitted Sheet,Queen,White,349.78999999999996,397.76,65,113,7,8,0.1076923076923077,0.07079646017699115,0.03689584751531655
B08BZWSVC8,1800 Bed Sheet Set With DEEP Fitted Sheet,Queen,Brown,349.78999999999996,399.76,96,145,7,9,0.07291666666666667,0.06206896551724138,0.010847701149425293
B08CZZ5HLF,1800 Bed Sheet Set With DEEP Fitted Sheet,Queen,Purple,349.78999999999996,449.73,102,138,7,9,0.06862745098039216,0.06521739130434782,0.0034100596760443386
B0822WJHV4,1800 Bed Sheet Set With DEEP Fitted Sheet,Queen,Royal Blue,349.78999999999996,449.73,100,138,7,9,0.07,0.06521739130434782,0.004782608695652182
B0CNRXT6D9,1800 Bed Sheets,Twin,Sky Blue,349.70000000000005,174.85,125,100,10,5,0.08,0.05,0.03
B016P42FZW,1800 Bed Sheets,Twin XL,Navy Blue,349.0,384.66999999999996,67,56,10,11,0.14925373134328357,0.19642857142857142,-0.047174840085287856
B01DN0AX4G,1800 Bed Sheets,King,Yellow,343.76,385.01,333,419,8,9,0.024024024024024024,0.021479713603818614,0.0025443104202054097
B0CLYC7DLL,1800 Bed Sheets,King,Burgundy,342.9,171.88,80,93,9,4,0.1125,0.043010752688172046,0.06948924731182796
B00O35DD2U,1800 Bed Sheets,Full,Navy Blue,341.73,491.33,115,65,9,13,0.0782608695652174,0.2,-0.12173913043478261
B0BMCH8Q2F,1800 Pillowcase Set 2 pc,Set of 12 King Size,White,326.52,162.71,28,21,6,3,0.21428571428571427,0.14285714285714285,0.07142857142857142
B0BMWBCR3Y,1800 Bed Sheet Set With DEEP Fitted Sheet,Full,Pinstripe Gray,321.78999999999996,137.91,79,66,7,3,0.08860759493670886,0.045454545454545456,0.043153049482163405
B0CLY98MH3,1800 Bed Sheets,Queen,Burgundy,319.76,559.5799999999999,138,155,8,14,0.057971014492753624,0.09032258064516129,-0.03235156615240766
B00O35D74Y,1800 Bed Sheets,Twin,Brown,314.73,34.97,29,16,9,1,0.3103448275862069,0.0625,0.2478448275862069
B0DGQRFYH8,1800 Bed Sheets,Twin,Mineral Gray,314.73,139.88,104,83,9,4,0.08653846153846154,0.04819277108433735,0.038345690454124184
B0DGQQMQNK,1800 Bed Sheets,Twin XL,Mineral Gray,314.73,279.76,170,153,9,8,0.052941176470588235,0.05228758169934641,0.0006535947712418277
B0822V7SL6,1800 Pillow Shams 2 piece,Standard,Blue Hydrangea,314.37,239.22,191,183,21,16,0.1099476439790576,0.08743169398907104,0.02251594998998656
B00O35DOT2,1800 Bed Sheets,California King,Beige,312.99,223.95,63,59,7,5,0.1111111111111111,0.0847457627118644,0.026365348399246702
B0822W883H,1800 Bed Sheet Set With DEEP Fitted Sheet,King,Royal Blue,311.82000000000005,207.88,83,109,6,4,0.07228915662650602,0.03669724770642202,0.035591908920084
B0BMWB3CKD,1800 Bed Sheet Set With DEEP Fitted Sheet,California King,Sage,311.82000000000005,155.91,49,80,6,3,0.12244897959183673,0.0375,0.08494897959183673
B0822X28WM,1800 Bed Sheet Set With DEEP Fitted Sheet,King,Black,311.82000000000005,311.82,78,111,6,6,0.07692307692307693,0.05405405405405406,0.02286902286902287
B01NCLP7SY,Cotton Flannel Sheet Set 160GSM,Queen,Sage,311.82000000000005,155.91,83,62,6,3,0.07228915662650602,0.04838709677419355,0.023902059852312474
B0BMW6QWW7,1800 Bed Sheet Set With DEEP Fitted Sheet,California King,Golden Ivory,311.82,467.73,81,122,6,9,0.07407407407407407,0.07377049180327869,0.0003035822707953828
B0BTZ4HCRP,1800 Bed Sheet Set 6 PIECE,Full,Gray,311.76,116.91,11,12,8,3,0.7272727272727273,0.25,0.4772727272727273
B0BTZ7DKC5,1800 Bed Sheet Set 6 PIECE,Queen,Beige,307.78999999999996,525.0,80,88,7,12,0.0875,0.13636363636363635,-0.04886363636363636
B01DN0BACU,1800 Pillowcase Set 2 pc,Set of 2 Standard Size,Spa Mint,305.49,251.22,68,71,17,14,0.25,0.19718309859154928,0.05281690140845072
B00RKHWN74,1800 Pillowcase Set 2 pc,Set of 2 Standard Size,Gray,305.49,359.4,65,54,17,20,0.26153846153846155,0.37037037037037035,-0.1088319088319088
B0BTZ5QFD7,1800 Bed Sheet Set 6 PIECE,Twin,White,299.96000000000004,566.51,101,91,8,16,0.07920792079207921,0.17582417582417584,-0.09661625503209663
B0822Y1V11,1800 Pillowcase Set 4 pc,King,White,293.76,449.76000000000005,48,55,11,18,0.22916666666666666,0.32727272727272727,-0.09810606060606061
B076PH3HVF,1800 Ultrasonic Coverlet,King,Navy,289.82,164.91,375,400,6,3,0.016,0.0075,0.0085
B0B5HQFYDR,1800 Duvet Cover Set,Oversized King,White,287.82,95.94,48,49,6,2,0.125,0.04081632653061224,0.08418367346938777
B08TRRF39C,1800 Pillowcase Set 2 pc,Set of 2 Standard Size,Sage,287.52,358.67999999999995,72,59,18,20,0.25,0.3389830508474576,-0.08898305084745761
B01ETTDYPK,1800 Flat Sheet,Twin,White,287.46,111.78999999999999,22,17,18,7,0.8181818181818182,0.4117647058823529,0.4064171122994653
B07BKMKJKQ,1800 Bed Sheets,Split King,Spa Blue,281.82,140.91,71,79,6,3,0.08450704225352113,0.0379746835443038,0.04653235870921733
B01MR5KTCB,1800 Bed Sheets,Split King,Beige,281.82,140.91,49,66,6,3,0.12244897959183673,0.045454545454545456,0.07699443413729128
B08V8T4J6N,1800 Bed Sheets,RV / Short Queen,Beige,279.76,349.0,87,80,8,10,0.09195402298850575,0.125,-0.033045977011494254
B013FJJH1A,1800 Bed Sheets,Twin,Royal Blue,279.76,104.91,68,60,8,3,0.11764705882352941,0.05,0.06764705882352941
B016P430CY,1800 Bed Sheets,Twin XL,Lavender,279.76,104.91,92,87,8,3,0.08695652173913043,0.034482758620689655,0.05247376311844078
B08RZCQN3D,1800 Bed Sheets,Twin XL,Sage,279.76,314.03,103,107,8,9,0.07766990291262135,0.08411214953271028,-0.006442246620088923
B07BKPDKCN,1800 Bed Sheets,Twin XL,Spa Blue,279.76,69.94,107,118,8,2,0.07476635514018691,0.01694915254237288,0.05781720259781403
B00O35CYQG,1800 Bed Sheets,Twin,Gray,279.76,419.64,94,102,8,12,0.0851063829787234,0.11764705882352941,-0.03254067584480601
B00O35D05A,1800 Bed Sheets,Twin,Navy Blue,279.76,173.45,37,37,8,5,0.21621621621621623,0.13513513513513514,0.08108108108108109
B00WAIGW9S,1800 Bed Sheets,Twin,Lavender,279.76,279.76,197,146,8,8,0.04060913705583756,0.0547945205479452,-0.014185383492107642
B0BMW97GJF,1800 Bed Sheet Set With DEEP Fitted Sheet,Full,Golden Ivory,275.82,137.91,95,92,6,3,0.06315789473684211,0.03260869565217391,0.030549199084668195
B0BTZ6WFS3,1800 Bed Sheet Set 6 PIECE,Split King,White,273.75,164.91,32,22,5,3,0.15625,0.13636363636363635,0.019886363636363646
B082311F9Z,1800 Bedskirt,Queen,Navy Blue,272.61,314.54999999999995,90,104,13,15,0.14444444444444443,0.14423076923076922,0.00021367521367521292
B0822Y48HH,1800 Bedskirt,Queen,Beige,272.61,335.52,371,262,13,16,0.03504043126684636,0.061068702290076333,-0.026028271023229972
B07BKMZ5YD,1800 Bed Sheets,California King,Spa Blue,269.82,269.82,80,77,6,6,0.075,0.07792207792207792,-0.002922077922077923
B00O35DTJM,1800 Bed Sheets,California King,Aqua,269.82,134.91,75,81,6,3,0.08,0.037037037037037035,0.04296296296296297
B00RKHWL1M,1800 Pillowcase Set 2 pc,Set of 2 Standard Size,Beige,268.83,251.57999999999998,56,45,15,14,0.26785714285714285,0.3111111111111111,-0.04325396825396827
B0CNRYWWWY,1800 Bed Sheets,Full,Terracotta,265.78999999999996,113.15,141,124,7,3,0.04964539007092199,0.024193548387096774,0.025451841683825215
B0CNRYQDF7,1800 Bed Sheets,Full,Hazy Lilac,265.78999999999996,379.7,185,210,7,11,0.03783783783783784,0.05238095238095238,-0.014543114543114542
B0BTZ92PKT,1800 Bed Sheet Set 6 PIECE,Twin XL,Blush Pink,265.78999999999996,37.97,139,133,7,1,0.050359712230215826,0.007518796992481203,0.042840915237734624
B01CYLCJMY,1800 Bed Sheets,Full,Paisley Gray,265.78999999999996,303.76,752,669,7,8,0.009308510638297872,0.01195814648729447,-0.002649635848996598
B00O35DIC0,1800 Bed Sheets,Full,Brown,265.03,227.82,156,152,7,6,0.04487179487179487,0.039473684210526314,0.005398110661268558
B0BTZ5HKPM,1800 Bed Sheet Set 6 PIECE,King,Beige,264.85,264.85,65,68,5,5,0.07692307692307693,0.07352941176470588,0.0033936651583710425
B0BTZ4YV6J,1800 Bed Sheet Set 6 PIECE,King,Golden Ivory,264.85,52.97,50,80,5,1,0.1,0.0125,0.08750000000000001
B07J3SN523,Cotton Flannel Sheet Set 180GSM,King,White,263.88,0.0,27,20,4,0,0.14814814814814814,0.0,0.14814814814814814
B0BTZ6DDNN,1800 Bed Sheet Set 6 PIECE,Queen,Sage,263.82,131.91,37,53,6,3,0.16216216216216217,0.05660377358490566,0.10555838857725651
B0822W5J5M,1800 Bed Sheet Set With DEEP Fitted Sheet,California King,Gray,259.85,363.78999999999996,55,83,5,7,0.09090909090909091,0.08433734939759036,0.006571741511500556
B08BZY1R1R,1800 Bed Sheet Set With DEEP Fitted Sheet,King,Lavender,259.85,363.78999999999996,142,220,5,7,0.035211267605633804,0.031818181818181815,0.0033930857874519896
B08CZZ9XPC,1800 Bed Sheet Set With DEEP Fitted Sheet,California King,Spa Mint,259.85,311.82000000000005,71,101,5,6,0.07042253521126761,0.0594059405940594,0.011016594617208206
B0DGQRDZLP,1800 Bed Sheets,King,Oxford Stripe Sage,256.96,600.72,397,387,6,14,0.015113350125944584,0.03617571059431524,-0.021062360468370657
B0CNWG3MCK,1800 Pillowcase Set 2 pc,Set of 2 Standard Size,Ivory,250.85999999999999,305.49,50,55,14,19,0.28,0.34545454545454546,-0.06545454545454543
B0822WFRNV,1800 Bed Sheet Set With DEEP Fitted Sheet,Queen,Brick Red,249.85,249.85,98,107,5,5,0.05102040816326531,0.04672897196261682,0.004291436200648487
B0822VN7VK,1800 Bed Sheet Set With DEEP Fitted Sheet,Split King,White,249.85,299.82,175,196,5,6,0.02857142857142857,0.030612244897959183,-0.0020408163265306124
B01ES3NVCI,1800 Fitted Sheet,Full,White,246.60999999999999,189.7,49,41,13,10,0.2653061224489796,0.24390243902439024,0.02140368342458937
B01DN0A1PM,1800 Bed Sheets,Twin,Spa Mint,244.79,383.97,131,122,7,11,0.05343511450381679,0.09016393442622951,-0.03672881992241272
B0CNRY8FZD,1800 Bed Sheets,Twin XL,Sky Blue,244.79,244.79,172,165,7,7,0.040697674418604654,0.04242424242424243,-0.0017265680056377727
B0CNRYK9MC,1800 Bed Sheets,Twin,Blue Nova,244.79,104.91,66,71,7,3,0.10606060606060606,0.04225352112676056,0.0638070849338455
B0DGQQ52Z7,1800 Bed Sheets,Queen,Oxford Stripe Hazy Lilac,239.82,279.78999999999996,194,190,6,7,0.030927835051546393,0.03684210526315789,-0.005914270211611498
B0D7J6FGW4,1800 Bed Sheet Set 6 PC With DEEP Fitted Sheet,King,Beige,235.88,0.0,28,20,4,0,0.14285714285714285,0.0,0.14285714285714285
B01MS6XZ05,1800 Bed Sheets,Split King,Light Gray,234.85,93.94,84,68,5,2,0.05952380952380952,0.029411764705882353,0.030112044817927168
B01MT8NMIM,1800 Bed Sheets,Split King,Aqua,234.85,140.91,44,58,5,3,0.11363636363636363,0.05172413793103448,0.06191222570532915
B00RKHWWTI,1800 Pillowcase Set 2 pc,Set of 2 Standard Size,Gold,233.60999999999999,161.73,85,95,13,9,0.15294117647058825,0.09473684210526316,0.058204334365325086
B0822XCWY1,1800 Bed Sheet Set With DEEP Fitted Sheet,Full,Navy Blue,229.85,91.94,39,24,5,2,0.1282051282051282,0.08333333333333333,0.044871794871794865
B0822WHWRZ,1800 Bed Sheet Set With DEEP Fitted Sheet,Full,Spa Blue,229.85,0.0,50,63,5,0,0.1,0.0,0.1
B0CLY95T5V,1800 Bed Sheets,Full,Burgundy,227.82,151.88,75,60,6,4,0.08,0.06666666666666667,0.013333333333333336
B0DGQNQFFX,1800 Bed Sheets,Full,Charcoal,227.82,113.91,31,25,6,3,0.1935483870967742,0.12,0.07354838709677419
B08RZDNSMT,1800 Bed Sheets,California King,Teal,224.85,224.85,64,47,5,5,0.078125,0.10638297872340426,-0.028257978723404256
B0BMW7914Q,1800 Bed Sheet Set With DEEP Fitted Sheet,Twin XL,Golden Ivory,224.85,44.97,115,90,5,1,0.043478260869565216,0.011111111111111112,0.0323671497584541
B0BMW6RRP6,1800 Bed Sheet Set With DEEP Fitted Sheet,Twin,Pinstripe Gray,224.85,134.91,37,32,5,3,0.13513513513513514,0.09375,0.04138513513513514
B0CNRY813X,1800 Bed Sheets,California King,Blue Nova,224.85,179.88,52,47,5,4,0.09615384615384616,0.0851063829787234,0.011047463175122757
B07M5MCW2R,1800 Pillowcase Set 2 pc,Set of 2 Standard Size,Spa Blue,215.64,143.39999999999998,67,67,12,8,0.1791044776119403,0.11940298507462686,0.059701492537313425
B00RKHX6VQ,1800 Pillowcase Set 2 pc,Set of 2 King Size,Gray,215.64,161.73,39,28,12,9,0.3076923076923077,0.32142857142857145,-0.013736263736263743
B0DGQR5Q2K,1800 Bed Sheets,King,Charcoal,214.85,128.91,65,76,5,3,0.07692307692307693,0.039473684210526314,0.037449392712550614
B0CLYB7V8V,1800 Bed Sheets,King,Taupe,213.98999999999998,343.76,112,142,5,8,0.044642857142857144,0.056338028169014086,-0.011695171026156942
B016P42YS0,1800 Bed Sheets,Twin XL,Black,209.82,104.91,43,34,6,3,0.13953488372093023,0.08823529411764706,0.051299589603283166
B0CNRXLFGH,1800 Bed Sheets,RV / Short Queen,Sky Blue,209.82,139.88,92,87,6,4,0.06521739130434782,0.04597701149425287,0.01924037981009495
B01DN09ZIG,1800 Bed Sheets,Twin,Emerald Green,209.82,69.94,106,70,6,2,0.05660377358490566,0.02857142857142857,0.02803234501347709
B0822VPJB6,1800 Pillow Shams 2 piece,King,Beige,209.57999999999998,194.60999999999999,144,141,14,13,0.09722222222222222,0.09219858156028368,0.0050236406619385415
B01ES3L50S,1800 Fitted Sheet,Twin,White,208.67,284.54999999999995,30,36,11,15,0.36666666666666664,0.4166666666666667,-0.050000000000000044
B0BMWL7N8S,1800 Bed Sheet Set With DEEP Fitted Sheet,California King,Pinstripe Gray,207.88,103.94,63,65,4,2,0.06349206349206349,0.03076923076923077,0.03272283272283272
B08BZXLGBQ,1800 Bed Sheet Set With DEEP Fitted Sheet,California King,Aqua,207.88,51.97,46,61,4,1,0.08695652173913043,0.01639344262295082,0.07056307911617961
B0822XMHH5,1800 Bed Sheet Set With DEEP Fitted Sheet,King,Brick Red,207.88,0.0,101,88,4,0,0.039603960396039604,0.0,0.039603960396039604
B0D7J69H6B,1800 Bed Sheet Set 6 PC With DEEP Fitted Sheet,Queen,Beige,199.88,49.97,19,37,4,1,0.21052631578947367,0.02702702702702703,0.18349928876244664
B08CZY1XL7,1800 Bed Sheet Set With DEEP Fitted Sheet,Queen,Coral,199.88,149.91,123,141,4,3,0.032520325203252036,0.02127659574468085,0.011243729458571185
B00NLNDR30,1800 Bed Sheets,Queen,Gold,199.85,359.73,156,181,5,9,0.03205128205128205,0.049723756906077346,-0.017672474854795298
B00RKHX5CQ,1800 Pillowcase Set 2 pc,Set of 2 King Size,Beige,197.67,89.85,31,32,11,5,0.3548387096774194,0.15625,0.19858870967741937
B01LZP8460,1800 Pillowcase Set 2 pc,Set of 2 Standard Size,Paisley Gray,197.67,161.73,103,111,11,9,0.10679611650485436,0.08108108108108109,0.025715035423773278
B08TRP6QMS,1800 Pillowcase Set 2 pc,Set of 2 Standard Size,Blush Pink,197.30999999999997,143.76,43,37,11,8,0.2558139534883721,0.21621621621621623,0.039597737272155875
B079YXSQ5C,1800 Duvet Cover Set,Twin,White,194.67000000000002,139.85,62,62,7,5,0.11290322580645161,0.08064516129032258,0.03225806451612903
B01DN0AFSU,1800 Bed Sheets,Full,Yellow,189.85,189.85,175,161,5,5,0.02857142857142857,0.031055900621118012,-0.0024844720496894415
B0BTZ5BY6R,1800 Bed Sheet Set 6 PIECE,Twin XL,Light Gray,189.85,113.91,23,24,5,4,0.21739130434782608,0.16666666666666666,0.050724637681159424
B00O35DKHS,1800 Bed Sheets,Full,Purple,189.85,227.82,112,75,5,6,0.044642857142857144,0.08,-0.03535714285714286
B01DN0AAO4,1800 Bed Sheets,Full,Coral,189.09,341.73,120,136,5,10,0.041666666666666664,0.07352941176470588,-0.03186274509803922
B0B2Q3FF48,1800 Bedskirt,Queen,Golden Ivory,188.51999999999998,188.73,128,102,9,9,0.0703125,0.08823529411764706,-0.017922794117647065
B08RZDBH97,1800 Bed Sheets,Split King,Teal,187.88,187.88,45,40,4,4,0.08888888888888889,0.1,-0.011111111111111113
B0BMW7ZJ2R,1800 Bed Sheet Set With DEEP Fitted Sheet,Full,Sage,183.88,136.99,107,84,4,4,0.037383177570093455,0.047619047619047616,-0.010235870048954161
B0822VS5W8,1800 Bed Sheet Set With DEEP Fitted Sheet,Full,Black,183.88,45.97,32,18,4,1,0.125,0.05555555555555555,0.06944444444444445
B0822ZK6VY,1800 Bedskirt,King,Blue Hydrangea,183.76,22.97,86,62,8,1,0.09302325581395349,0.016129032258064516,0.07689422355588897
B0BMWBZ188,1800 Bed Sheet Set With DEEP Fitted Sheet,Twin XL,Laced Sky Blue,179.88,134.91,48,28,4,3,0.08333333333333333,0.10714285714285714,-0.023809523809523808
B00O35CYRK,1800 Bed Sheets,California King,Brown,179.88,89.94,36,24,4,2,0.1111111111111111,0.08333333333333333,0.027777777777777776
B0822WFM2P,1800 Bed Sheet Set With DEEP Fitted Sheet,Twin XL,Black,179.88,134.91,29,21,4,3,0.13793103448275862,0.14285714285714285,-0.0049261083743842304
B08BZVPSCB,1800 Bed Sheet Set With DEEP Fitted Sheet,Twin XL,Tan,179.88,0.0,27,21,4,0,0.14814814814814814,0.0,0.14814814814814814
B0112XOJJQ,1800 Bed Sheets,California King,Tan,179.88,269.82,68,61,4,6,0.058823529411764705,0.09836065573770492,-0.03953712632594021
B0822W3JSL,1800 Bed Sheet Set With DEEP Fitted Sheet,Twin XL,Navy Blue,179.88,224.85,46,44,4,5,0.08695652173913043,0.11363636363636363,-0.0266798418972332
B01DN0BC0A,1800 Pillowcase Set 2 pc,Set of 2 King Size,Blue Hydrangea,179.7,161.73,29,24,10,9,0.3448275862068966,0.375,-0.030172413793103425
B0822VMF9C,1800 Pillow Shams 2 piece,Standard,Light Gray,179.64000000000001,164.67,67,58,12,11,0.1791044776119403,0.1896551724137931,-0.010550694801852806
B00O35DQMC,1800 Bed Sheets,California King,Navy Blue,178.98,179.88,24,18,4,4,0.16666666666666666,0.2222222222222222,-0.05555555555555555
B0CYCQ8YLN,1800 Bed Sheet Set 6 PC With DEEP Fitted Sheet,Full,White,178.07999999999998,44.97,21,17,4,1,0.19047619047619047,0.058823529411764705,0.13165266106442575
B0D7JBM5Z1,1800 Bed Sheet Set 6 PC With DEEP Fitted Sheet,King,Golden Ivory,176.91,117.94,24,33,3,2,0.125,0.06060606060606061,0.06439393939393939
B0CYCPG2PK,1800 Bed Sheet Set 6 PC With DEEP Fitted Sheet,King,Light Gray,176.91,0.0,17,8,3,0,0.17647058823529413,0.0,0.17647058823529413
B01N6H21GR,Cotton Flannel Sheet Set 160GSM,King,White,176.91,58.97,43,41,3,1,0.06976744186046512,0.024390243902439025,0.04537719795802609
B01N6H22Z5,Cotton Flannel Sheet Set 160GSM,Twin XL,Gray,175.88,43.97,38,40,4,1,0.10526315789473684,0.025,0.08026315789473684
B01DN0A3P0,1800 Bed Sheets,Twin XL,Coral,174.85,104.91,59,58,5,3,0.0847457627118644,0.05172413793103448,0.03302162478082992
B00O35CXSK,1800 Bed Sheets,Twin,Beige,174.85,664.43,53,59,5,19,0.09433962264150944,0.3220338983050847,-0.22769427566357528
B08RZCTQKF,1800 Bed Sheets,Twin,Teal,174.85,349.7,75,85,5,10,0.06666666666666667,0.11764705882352941,-0.050980392156862744
B0CNRYPY8G,1800 Bed Sheets,RV / Short Queen,Hazy Lilac,174.85,69.94,56,54,5,2,0.08928571428571429,0.037037037037037035,0.05224867724867725
B00ZSGV3E8,1800 Bed Sheets,Twin,Striped White,174.85,0.0,53,43,5,0,0.09433962264150944,0.0,0.09433962264150944
B07BKTVFBX,1800 Bed Sheets,Twin,Spa Blue,174.85,244.79,82,93,5,7,0.06097560975609756,0.07526881720430108,-0.014293207448203518
B08RZCL98X,1800 Bed Sheets,Twin XL,Blush Pink,174.85,769.34,77,298,5,23,0.06493506493506493,0.07718120805369127,-0.012246143118626346
B08RZC9FZ7,1800 Bed Sheets,Twin XL,Teal,174.85,174.85,64,68,5,5,0.078125,0.07352941176470588,0.004595588235294115
B00NQDGJ8A,1800 Bed Sheets,King,Gold,171.88,257.82,106,151,4,6,0.03773584905660377,0.039735099337748346,-0.001999250281144574
B0CNRX8GGP,1800 Bed Sheets,King,Poppy Orange,171.88,171.88,139,161,4,4,0.02877697841726619,0.024844720496894408,0.00393225792037178
B0822YGP85,1800 Pillowcase Set 4 pc,Standard,Light Gray,162.0,105.3,28,28,6,4,0.21428571428571427,0.14285714285714285,0.07142857142857142
B00RKHXH42,1800 Pillowcase Set 2 pc,Set of 2 King Size,Gold,161.73,71.88,26,22,9,4,0.34615384615384615,0.18181818181818182,0.16433566433566432
B0822WZZ26,1800 Pillowcase Set 2 pc,Set of 2 Standard Size,Laced Sky Blue,161.73,125.78999999999999,34,30,9,7,0.2647058823529412,0.23333333333333334,0.03137254901960784
B08TRPW85X,1800 Pillowcase Set 2 pc,Set of 2 Standard Size,Teal,161.73,89.85,33,36,9,5,0.2727272727272727,0.1388888888888889,0.1338383838383838
B01DG59M04,1800 Pillowcase Set 2 pc,Set of 2 King Size,Tan,161.73,35.94,21,11,9,2,0.42857142857142855,0.18181818181818182,0.24675324675324672
B0B2Q3NLYP,1800 Bedskirt,King,Golden Ivory,160.79,91.88,89,69,7,4,0.07865168539325842,0.057971014492753624,0.0206806709005048
B0CNWFHGRS,1800 Pillowcase Set 2 pc,Set of 2 King Size,Ivory,160.29,53.91,26,19,9,3,0.34615384615384615,0.15789473684210525,0.1882591093117409
B082311FB2,1800 Bedskirt,Twin XL,Black,159.76,119.82,60,48,8,8,0.13333333333333333,0.16666666666666666,-0.033333333333333326
B0BTZ759RC,1800 Bed Sheet Set 6 PIECE,King,Spa Blue,158.91,158.91,62,73,3,3,0.04838709677419355,0.0410958904109589,0.007291206363234645
B0BTZ51FTP,1800 Bed Sheet Set 6 PIECE,King,Gray,158.91,103.82,32,31,3,2,0.09375,0.06451612903225806,0.029233870967741937
B0BTZ6RFZL,1800 Bed Sheet Set 6 PIECE,King,Navy Blue,158.91,105.94,26,35,3,2,0.11538461538461539,0.05714285714285714,0.05824175824175825
B0822YSF4H,1800 Bed Sheet Set With DEEP Fitted Sheet,California King,Blue Hydrangea,155.91,311.82,71,78,3,6,0.04225352112676056,0.07692307692307693,-0.034669555796316365
B0822WWZJR,1800 Bed Sheet Set With DEEP Fitted Sheet,California King,Black,155.91,207.88,17,32,3,4,0.17647058823529413,0.125,0.05147058823529413
B0822W4BT5,1800 Bed Sheet Set With DEEP Fitted Sheet,California King,Light Gray,155.91,363.79,70,91,3,7,0.04285714285714286,0.07692307692307693,-0.03406593406593407
B0822WHDSY,1800 Bed Sheet Set With DEEP Fitted Sheet,California King,Spa Blue,155.91,207.88,62,76,3,4,0.04838709677419355,0.05263157894736842,-0.004244482173174871
B0CNRYLZCL,1800 Bed Sheets,Full,Poppy Orange,151.88,113.91,60,81,4,3,0.06666666666666667,0.037037037037037035,0.02962962962962963
B0DGQQYPRL,1800 Bed Sheets,Full,Oxford Stripe Sage,151.88,341.73,97,107,4,9,0.041237113402061855,0.08411214953271028,-0.04287503613064842
B0DGQRDFJP,1800 Bed Sheets,Full,Oxford Stripe Blue Nova,151.88,151.12,89,81,4,4,0.0449438202247191,0.04938271604938271,-0.004438895824663613
B0CYCQC3PJ,1800 Bed Sheet Set 6 PC With DEEP Fitted Sheet,Queen,Blush Pink,149.91,99.94,11,22,3,2,0.2727272727272727,0.09090909090909091,0.1818181818181818
B0822X42YC,1800 Bed Sheet Set With DEEP Fitted Sheet,Split King,Light Gray,149.91,99.94,41,47,3,2,0.07317073170731707,0.0425531914893617,0.030617540217955368
B0BMBFH19B,1800 Pillowcase Set 2 pc,Set of 12 Standard Size,White,148.91,99.94,19,31,3,2,0.15789473684210525,0.06451612903225806,0.09337860780984719
B0822XSCPT,1800 Bedskirt,Queen,Blue Hydrangea,146.79,125.82,100,106,7,6,0.07,0.05660377358490566,0.013396226415094345
B0822VY7BG,"1800 Fitted Sheet 21"" Deep",Queen,Gray,143.82,23.97,41,73,6,1,0.14634146341463414,0.0136986301369863,0.13264283327764784
B013FJJVAC,1800 Pillowcase Set 2 pc,Set of 2 Standard Size,Royal Blue,143.76,17.97,31,18,8,1,0.25806451612903225,0.05555555555555555,0.2025089605734767
B0822YV6M1,1800 Pillowcase Set 2 pc,Set of 2 Standard Size,Pinstripe Gray,143.76,17.97,31,15,8,1,0.25806451612903225,0.06666666666666667,0.1913978494623656
B01DG599TS,1800 Pillowcase Set 2 pc,Set of 2 Standard Size,Tan,143.76,179.7,17,20,8,10,0.47058823529411764,0.5,-0.02941176470588236
B01DN0BDW2,1800 Pillowcase Set 2 pc,Set of 2 King Size,Emerald Green,143.76,53.91,27,17,8,3,0.2962962962962963,0.17647058823529413,0.11982570806100215
B014MVUANE,1800 Pillowcase Set 2 pc,Set of 2 Standard Size,Black,143.76,125.78999999999999,12,28,8,7,0.6666666666666666,0.25,0.41666666666666663
B0CNRX5LHJ,1800 Bed Sheets,Split King,Hazy Lilac,140.91,46.97,42,45,3,1,0.07142857142857142,0.022222222222222223,0.0492063492063492
B0CLYD3B2D,1800 Bed Sheets,Split King,Ivory,140.91,187.88,100,99,3,4,0.03,0.04040404040404041,-0.010404040404040409
B08RZFDKF9,1800 Bed Sheets,Split King,Blush Pink,140.91,0.0,33,51,3,0,0.09090909090909091,0.0,0.09090909090909091
B01DN0A7MY,1800 Bed Sheets,Twin XL,Spa Mint,139.88,139.88,173,174,4,5,0.023121387283236993,0.028735632183908046,-0.0056142449006710525
B0CNRYJF31,1800 Bed Sheets,Twin,Pistachio,139.88,34.97,51,65,4,1,0.0784313725490196,0.015384615384615385,0.06304675716440422
B07R6T8YGK,1800 Bed Sheets,Twin XL,Chevron Gray,139.88,104.91,275,276,4,3,0.014545454545454545,0.010869565217391304,0.0036758893280632414
B0CNRX7KCV,1800 Bed Sheets,Twin,Hazy Lilac,139.88,209.82,93,89,4,6,0.043010752688172046,0.06741573033707865,-0.024404977648906603
B0CNRZ31Y6,1800 Bed Sheets,Twin XL,Terracotta,139.88,69.94,46,35,4,2,0.08695652173913043,0.05714285714285714,0.02981366459627329
B08V8ZRKR3,1800 Bed Sheets,RV / Short Queen,Blue Hydrangea,139.88,174.85,62,70,4,5,0.06451612903225806,0.07142857142857142,-0.006912442396313362
B016P42SOU,1800 Bed Sheets,Twin XL,Purple,139.88,69.94,27,26,4,2,0.14814814814814814,0.07692307692307693,0.07122507122507121
B08V91TK7Q,1800 Bed Sheets,RV / Short Queen,Spa Blue,139.88,34.97,63,72,4,1,0.06349206349206349,0.013888888888888888,0.0496031746031746
B0822XBDZW,1800 Bedskirt,Full,White,139.79,159.76,135,74,7,8,0.05185185185185185,0.10810810810810811,-0.056256256256256264
B0822Y8RZ1,1800 Bedskirt,Twin,White,139.79,39.94,24,18,7,2,0.2916666666666667,0.1111111111111111,0.18055555555555558
B08BZY4TYY,1800 Bed Sheet Set With DEEP Fitted Sheet,Full,Emerald Green,137.91,0.0,53,39,3,0,0.05660377358490566,0.0,0.05660377358490566
B0822YV9ZR,1800 Bedskirt,King,Light Gray,137.82,22.97,36,52,6,1,0.16666666666666666,0.019230769230769232,0.1474358974358974
B0822XDH17,1800 Bed Sheet Set With DEEP Fitted Sheet,Twin,Black,134.91,0.0,16,16,3,0,0.1875,0.0,0.1875
B0CNRZBB6D,1800 Bed Sheets,California King,Sky Blue,134.91,494.66999999999996,70,84,3,11,0.04285714285714286,0.13095238095238096,-0.0880952380952381
B013FJJSSW,1800 Bed Sheets,California King,Royal Blue,134.91,89.94,37,32,3,2,0.08108108108108109,0.0625,0.018581081081081086
B08BZZ4MJY,1800 Bed Sheet Set With DEEP Fitted Sheet,Twin,Lavender,134.91,89.03999999999999,22,30,3,2,0.13636363636363635,0.06666666666666667,0.06969696969696969
B07R6TBBCQ,1800 Bed Sheets,California King,Laced Sky Blue,134.91,224.85,66,54,3,5,0.045454545454545456,0.09259259259259259,-0.04713804713804713
B078SYGWWF,1800 Duvet Cover Set,King,Hotel White with Gray Embroidery,134.01,134.91,57,67,3,3,0.05263157894736842,0.04477611940298507,0.007855459544383346
B01ES3MHXC,1800 Fitted Sheet,Twin XL,White,132.79,170.73,38,37,7,9,0.18421052631578946,0.24324324324324326,-0.05903271692745379
B0BTZ36NJC,1800 Bed Sheet Set 6 PIECE,Queen,Gray,131.91,43.97,33,43,3,1,0.09090909090909091,0.023255813953488372,0.06765327695560254
B0BTZ45457,1800 Bed Sheet Set 6 PIECE,Queen,Golden Ivory,131.91,0.0,65,83,3,0,0.046153846153846156,0.0,0.046153846153846156
B07YYLSXJV,Cotton Flannel Sheet Set 160GSM,Twin XL,White,131.91,263.82,18,23,3,6,0.16666666666666666,0.2608695652173913,-0.09420289855072464
B0BTZ81ZZK,1800 Bed Sheet Set 6 PIECE,Queen,Aqua,131.91,43.97,31,29,3,1,0.0967741935483871,0.034482758620689655,0.06229143492769744
B0DGQQ3F3D,1800 Bed Sheets,King,Oxford Stripe Blue Nova,128.05,171.88,133,144,3,4,0.022556390977443608,0.027777777777777776,-0.0052213868003341685
B08TRP773N,1800 Pillowcase Set 2 pc,Set of 2 King Size,Sage,125.78999999999999,161.73,46,31,7,9,0.15217391304347827,0.2903225806451613,-0.13814866760168304
B01ETTHIS4,1800 Flat Sheet,Full,White,125.78999999999999,179.70000000000002,9,14,7,10,0.7777777777777778,0.7142857142857143,0.06349206349206349
B014MVUCCI,1800 Pillowcase Set 2 pc,Set of 2 Standard Size,Lavender,125.78999999999999,35.94,29,30,7,2,0.2413793103448276,0.06666666666666667,0.17471264367816092
B01DN0BH0K,1800 Pillowcase Set 2 pc,Set of 2 King Size,Spa Mint,125.78999999999999,215.64,41,39,7,12,0.17073170731707318,0.3076923076923077,-0.13696060037523453
B0CNRXX5TK,1800 Pillowcase Set 2 pc,Set of 2 Standard Size,Blue Nova,125.78999999999999,161.73,43,24,7,9,0.16279069767441862,0.375,-0.21220930232558138
B00RKHWU2W,1800 Pillowcase Set 2 pc,Set of 2 Standard Size,Aqua,125.78999999999999,107.82,31,45,7,6,0.22580645161290322,0.13333333333333333,0.09247311827956989
B014MVUI36,1800 Pillowcase Set 2 pc,Set of 2 King Size,Light Gray,125.42999999999999,323.46,57,55,7,18,0.12280701754385964,0.32727272727272727,-0.20446570972886763
B01ETTFH14,1800 Flat Sheet,Twin XL,White,118.78999999999999,152.73,19,22,7,9,0.3684210526315789,0.4090909090909091,-0.04066985645933019
B0CYCRZYN3,1800 Bed Sheet Set 6 PC With DEEP Fitted Sheet,King,Sage,117.94,235.88,12,14,2,4,0.16666666666666666,0.2857142857142857,-0.11904761904761904
B0CYCP355Y,1800 Bed Sheet Set 6 PC With DEEP Fitted Sheet,King,Navy Blue,117.94,58.97,12,13,2,1,0.16666666666666666,0.07692307692307693,0.08974358974358973
B07J3THZTH,Cotton Flannel Sheet Set 180GSM,Queen,Gray,117.94,117.94,58,43,2,2,0.034482758620689655,0.046511627906976744,-0.012028869286287089
B0CYCQQ89M,1800 Bed Sheet Set 6 PC With DEEP Fitted Sheet,King,Blue Nova,117.94,0.0,14,15,2,0,0.14285714285714285,0.0,0.14285714285714285
B07X4X6YT7,Cotton Flannel Sheet Set 180GSM,Queen,Light Gray Plaid,117.94,117.94,19,23,2,2,0.10526315789473684,0.08695652173913043,0.018306636155606404
B0CYCMX1XX,1800 Bed Sheet Set 6 PC With DEEP Fitted Sheet,King,Gray,117.94,0.0,12,10,2,0,0.16666666666666666,0.0,0.16666666666666666
B0D7F2C7W1,1800 Bed Sheet Set 6 PC With DEEP Fitted Sheet,King,Spa Mint,117.94,0.0,19,20,2,0,0.10526315789473684,0.0,0.10526315789473684
B0BTZ6WFRX,1800 Bed Sheet Set 6 PIECE,Full,Light Gray,116.91,77.94,8,9,3,2,0.375,0.2222222222222222,0.1527777777777778
B0822XW5PF,1800 Bedskirt,King,Spa Blue,114.85,91.88,58,52,5,4,0.08620689655172414,0.07692307692307693,0.009283819628647216
B00ZSGVXS4,1800 Bed Sheets,Full,Striped Gray/Silver,113.91,227.82,89,92,3,6,0.033707865168539325,0.06521739130434782,-0.0315095261358085
B0BTZ2M96Q,1800 Bed Sheet Set 6 PIECE,Twin XL,Golden Ivory,113.91,37.97,24,17,3,1,0.125,0.058823529411764705,0.0661764705882353
B0BTZ6N5GC,1800 Bed Sheet Set 6 PIECE,Twin,Emerald Green,113.91,0.0,5,4,3,0,0.6,0.0,0.6
B00O35DHNA,1800 Bed Sheets,Full,Gold,113.91,151.88,54,52,3,4,0.05555555555555555,0.07692307692307693,-0.021367521367521375
B0CNRXQRJP,1800 Bed Sheets,Full,Pistachio,113.91,227.06,115,137,3,6,0.02608695652173913,0.043795620437956206,-0.017708663916217077
B0BTZ74CPX,1800 Bed Sheet Set 6 PIECE,Twin,Blue Hydrangea,113.91,113.91,12,7,3,3,0.25,0.42857142857142855,-0.17857142857142855
B0822Y8RMW,1800 Pillowcase Set 4 pc,Standard,Blue Hydrangea,108.0,54.0,32,28,4,2,0.125,0.07142857142857142,0.053571428571428575
B00RKHX8OQ,1800 Pillowcase Set 2 pc,Set of 2 King Size,Navy Blue,107.82,71.88,13,13,6,4,0.46153846153846156,0.3076923076923077,0.15384615384615385
B08TRN118H,1800 Pillowcase Set 2 pc,Set of 2 King Size,Golden Ivory,107.82,125.78999999999999,28,27,6,7,0.21428571428571427,0.25925925925925924,-0.04497354497354497
B07MMZ7VNL,1800 Pillowcase Set 2 pc,Set of 2 King Size,Spa Blue,107.82,89.85,42,19,6,5,0.14285714285714285,0.2631578947368421,-0.12030075187969924
B014MVUFAM,1800 Pillowcase Set 2 pc,Set of 2 King Size,Black,107.82,53.91,8,7,6,3,0.75,0.42857142857142855,0.32142857142857145
B00RKHWP8G,1800 Pillowcase Set 2 pc,Set of 2 Standard Size,Navy Blue,107.82,287.52,22,26,6,16,0.2727272727272727,0.6153846153846154,-0.3426573426573427
B014MVUGNS,1800 Pillowcase Set 2 pc,Set of 2 King Size,Lavender,107.82,107.82,19,18,6,6,0.3157894736842105,0.3333333333333333,-0.017543859649122806
B0822XRYKY,1800 Pillowcase Set 2 pc,Set of 2 Standard Size,Chevron Gray,107.46,0.0,15,40,6,0,0.4,0.0,0.4
B0CNRVZVMG,1800 Pillowcase Set 2 pc,Set of 2 Standard Size,Hazy Lilac,107.46,125.78999999999999,24,33,6,7,0.25,0.21212121212121213,0.03787878787878787
B0BTZ5891D,1800 Bed Sheet Set 6 PIECE,King,Blue Hydrangea,105.94,158.91,35,37,2,3,0.05714285714285714,0.08108108108108109,-0.023938223938223945
B0BTZ73R1X,1800 Bed Sheet Set 6 PIECE,King,Purple,105.94,105.94,10,8,2,2,0.2,0.25,-0.04999999999999999
B0BTZ5SZVY,1800 Bed Sheet Set 6 PIECE,King,Sage,105.94,52.97,61,62,2,1,0.03278688524590164,0.016129032258064516,0.016657852987837125
B0BTZ6R86Q,1800 Bed Sheet Set 6 PIECE,King,Light Gray,105.94,0.0,36,34,2,0,0.05555555555555555,0.0,0.05555555555555555
B016P4329A,1800 Bed Sheets,Twin XL,Tan,104.91,279.76,31,30,3,8,0.0967741935483871,0.26666666666666666,-0.16989247311827957
B016P42UWA,1800 Bed Sheets,Twin XL,Brick Red,104.91,174.85,34,49,3,5,0.08823529411764706,0.10204081632653061,-0.01380552220888355
B01DN0A2F6,1800 Bed Sheets,Twin,Yellow,104.91,69.94,63,70,3,2,0.047619047619047616,0.02857142857142857,0.019047619047619046
B00ZSGVBZE,1800 Bed Sheets,Twin,Striped Gray/Silver,104.91,34.97,21,34,3,1,0.14285714285714285,0.029411764705882353,0.11344537815126049
B0DGQR6JZW,1800 Bed Sheets,Twin XL,Charcoal,104.91,104.91,19,19,3,3,0.15789473684210525,0.15789473684210525,0.0
B016P42LGU,1800 Bed Sheets,Twin XL,Aqua,104.91,349.7,132,150,4,10,0.030303030303030304,0.06666666666666667,-0.03636363636363636
B016P42OTE,1800 Bed Sheets,Twin XL,Gold,104.91,104.91,23,22,3,3,0.13043478260869565,0.13636363636363635,-0.005928853754940705
B01DN0A4DQ,1800 Bed Sheets,Twin XL,Emerald Green,104.91,69.94,80,76,3,2,0.0375,0.02631578947368421,0.01118421052631579
B07R8ZV5RP,1800 Bed Sheets,Twin,Laced Sky Blue,104.91,34.97,63,62,3,1,0.047619047619047616,0.016129032258064516,0.0314900153609831
B0CLYDTMYZ,1800 Bed Sheets,Twin XL,Burgundy,104.91,104.91,45,34,3,3,0.06666666666666667,0.08823529411764706,-0.0215686274509804
B09SQF6K5D,1800 Duvet Cover Set,Queen,Sage,104.91,0.0,36,40,3,0,0.08333333333333333,0.0,0.08333333333333333
B08CZY4WCP,1800 Bed Sheet Set With DEEP Fitted Sheet,King,Coral,103.94,155.91,96,134,2,3,0.020833333333333332,0.022388059701492536,-0.0015547263681592038
B07X3WM444,Cotton Flannel Sheet Set 160GSM,Queen,Light Blue Plaid,103.94,0.0,23,14,2,0,0.08695652173913043,0.0,0.08695652173913043
B01MDQRQRR,Cotton Flannel Sheet Set 160GSM,Queen,White,103.94,51.97,21,23,2,1,0.09523809523809523,0.043478260869565216,0.05175983436853002
B0BTZ5S3T2,1800 Bed Sheet Set 6 PIECE,California King,White,103.94,0.0,21,30,2,0,0.09523809523809523,0.0,0.09523809523809523
B01MYZYURF,Cotton Flannel Sheet Set 160GSM,Queen,Blue,103.94,103.94,29,25,2,2,0.06896551724137931,0.08,-0.011034482758620692
B07YYD6YY8,Silk Pillowcase,"Queen 20"" X 30""",Dark Gray,101.91,0.0,10,8,3,0,0.3,0.0,0.3
B0822W322Q,1800 Bed Sheet Set With DEEP Fitted Sheet,Split King,Royal Blue,99.94,0.0,10,7,2,0,0.2,0.0,0.2
B0CYCRTCSN,1800 Bed Sheet Set 6 PC With DEEP Fitted Sheet,Queen,Lavender,99.94,0.0,16,33,2,0,0.125,0.0,0.125
B07J3YKXS2,Cotton Flannel Sheet Set 180GSM,Twin XL,Gray,99.94,0.0,8,5,2,0,0.25,0.0,0.25
B0CYCPKTKS,1800 Bed Sheet Set 6 PC With DEEP Fitted Sheet,Queen,Sky Blue,99.94,99.94,25,39,2,2,0.08,0.05128205128205128,0.02871794871794872
B08BZVYQ96,1800 Bed Sheet Set With DEEP Fitted Sheet,Queen,Emerald Green,99.94,299.82,157,185,2,6,0.012738853503184714,0.032432432432432434,-0.01969357892924772
B08BZWY862,1800 Bed Sheet Set With DEEP Fitted Sheet,Split King,Lavender,99.94,149.91,27,32,2,3,0.07407407407407407,0.09375,-0.01967592592592593
B07J3T35D5,Cotton Flannel Sheet Set 180GSM,Twin XL,White,99.94,149.91,7,5,2,3,0.2857142857142857,0.6,-0.3142857142857143
B08BZWGHRB,1800 Bed Sheet Set With DEEP Fitted Sheet,Split King,Tan,99.94,49.97,71,170,2,1,0.028169014084507043,0.0058823529411764705,0.022286661143330572
B08TRS9MW9,1800 Fitted Sheet,Queen,Golden Ivory,99.85,39.94,22,25,5,2,0.22727272727272727,0.08,0.14727272727272728
B01ES3MJ3U,1800 Fitted Sheet,Queen,Spa Mint,99.85,39.94,28,29,5,4,0.17857142857142858,0.13793103448275862,0.04064039408866996
B0822XYSQR,1800 Bedskirt,Full,Beige,99.85,139.79,54,44,5,7,0.09259259259259259,0.1590909090909091,-0.0664983164983165
B0822YSQQG,1800 Bedskirt,Full,Blue Hydrangea,99.85,0.0,21,13,5,0,0.23809523809523808,0.0,0.23809523809523808
B01ES3L9GS,1800 Fitted Sheet,Queen,Navy Blue,99.85,39.94,14,22,5,2,0.35714285714285715,0.09090909090909091,0.26623376623376627
B08CHNZBHQ,1800 Ultrasonic Coverlet,Twin,Beige,95.94,0.0,149,117,2,0,0.013422818791946308,0.0,0.013422818791946308
B01MY7UN7F,1800 Bed Sheets,Split King,Navy Blue,93.94,46.97,21,23,2,1,0.09523809523809523,0.043478260869565216,0.05175983436853002
B01MY7SCEE,1800 Bed Sheets,Split King,Gray,93.94,234.85,52,61,2,5,0.038461538461538464,0.08196721311475409,-0.04350567465321563
B01MR5L532,1800 Bed Sheets,Split King,Lavender,93.94,187.88,37,35,2,4,0.05405405405405406,0.11428571428571428,-0.060231660231660225
B0CNRYCQQB,1800 Bed Sheets,Split King,Pistachio,93.94,46.97,17,27,2,1,0.11764705882352941,0.037037037037037035,0.08061002178649238
B0DGQPY788,1800 Bed Sheets,Split King,Oxford Stripe Hazy Lilac,93.94,0.0,30,22,2,0,0.06666666666666667,0.0,0.06666666666666667
B0BMW79MJQ,1800 Bed Sheet Set With DEEP Fitted Sheet,Full,Laced Sky Blue,91.94,45.97,52,56,2,1,0.038461538461538464,0.017857142857142856,0.020604395604395608
B08CZZMK9Q,1800 Bed Sheet Set With DEEP Fitted Sheet,Full,Spa Mint,91.94,367.76,86,92,2,8,0.023255813953488372,0.08695652173913043,-0.06370070778564206
B08BZW8FG5,1800 Bed Sheet Set With DEEP Fitted Sheet,Full,Aqua,91.94,183.88,48,69,2,4,0.041666666666666664,0.057971014492753624,-0.01630434782608696
B08BZX45CN,1800 Bed Sheet Set With DEEP Fitted Sheet,Full,Tan,91.94,0.0,45,35,2,0,0.044444444444444446,0.0,0.044444444444444446
B01DN0B0GG,1800 Bed Sheets,California King,Emerald Green,89.94,44.97,57,61,2,1,0.03508771929824561,0.01639344262295082,0.01869427667529479
B08BZY2D1D,1800 Bed Sheet Set With DEEP Fitted Sheet,Twin XL,Aqua,89.94,224.85,38,62,2,5,0.05263157894736842,0.08064516129032258,-0.02801358234295416
B08BZWQYW7,1800 Bed Sheet Set With DEEP Fitted Sheet,Twin,Tan,89.94,44.97,13,13,2,1,0.15384615384615385,0.07692307692307693,0.07692307692307693
B0822W2CT7,1800 Bed Sheet Set With DEEP Fitted Sheet,Twin XL,Royal Blue,89.94,0.0,24,23,2,0,0.08333333333333333,0.0,0.08333333333333333
B01DN0B4OO,1800 Bed Sheets,California King,Yellow,89.94,44.97,62,55,2,1,0.03225806451612903,0.01818181818181818,0.01407624633431085
B08BZX7VLP,1800 Bed Sheet Set With DEEP Fitted Sheet,Twin,Emerald Green,89.94,0.0,11,19,2,0,0.18181818181818182,0.0,0.18181818181818182
B0CNRVWHB1,1800 Bed Sheets,California King,Hazy Lilac,89.94,224.85,52,54,2,5,0.038461538461538464,0.09259259259259259,-0.054131054131054124
B0822VTP9F,1800 Bed Sheet Set With DEEP Fitted Sheet,Twin,Beige,89.94,44.97,15,26,2,1,0.13333333333333333,0.038461538461538464,0.09487179487179487
B0CLYCNW79,1800 Bed Sheets,California King,Burgundy,89.94,44.97,22,17,2,1,0.09090909090909091,0.058823529411764705,0.03208556149732621
B00ZSGW4FK,1800 Bed Sheets,California King,Striped White,89.94,89.94,91,83,2,2,0.02197802197802198,0.024096385542168676,-0.002118363564146696
B08CZXP1GG,1800 Bed Sheet Set With DEEP Fitted Sheet,Twin XL,Paisley Gray,89.94,44.07,52,41,2,1,0.038461538461538464,0.024390243902439025,0.014071294559099438
B07R922JQZ,1800 Bed Sheets,California King,Pinstripe Gray,89.94,134.91,55,57,2,3,0.03636363636363636,0.05263157894736842,-0.016267942583732056
B0BMW8H5KQ,1800 Bed Sheet Set With DEEP Fitted Sheet,Twin XL,Sage,89.94,44.97,37,41,2,1,0.05405405405405406,0.024390243902439025,0.029663810151615032
B00O35D014,1800 Bed Sheets,California King,Purple,89.94,89.94,46,35,2,2,0.043478260869565216,0.05714285714285714,-0.013664596273291925
B00WAIH9IQ,1800 Bed Sheets,California King,Lavender,89.94,179.88,55,51,2,5,0.03636363636363636,0.09803921568627451,-0.06167557932263815
B08CZYST4Y,1800 Bed Sheet Set With DEEP Fitted Sheet,Twin XL,Purple,89.94,0.0,14,12,2,0,0.14285714285714285,0.0,0.14285714285714285
B01LXQW6IW,1800 Pillowcase Set 2 pc,Set of 2 King Size,Paisley Gray,89.85,53.91,26,11,5,3,0.19230769230769232,0.2727272727272727,-0.08041958041958039
B00RKHX1WA,1800 Pillowcase Set 2 pc,Set of 2 Standard Size,Brick Red,89.85,0.0,24,15,5,0,0.20833333333333334,0.0,0.20833333333333334
B0CNRX9Q3L,1800 Pillowcase Set 2 pc,Set of 2 King Size,Hazy Lilac,89.85,17.97,21,12,5,1,0.23809523809523808,0.08333333333333333,0.15476190476190477
B0CNRYVY46,1800 Pillowcase Set 2 pc,Set of 2 Standard Size,Sky Blue,89.85,161.73,45,52,5,9,0.1111111111111111,0.17307692307692307,-0.06196581196581197
B01DN0B728,1800 Pillowcase Set 2 pc,Set of 2 Standard Size,Emerald Green,89.85,71.88,33,34,5,4,0.15151515151515152,0.11764705882352941,0.03386809269162211
B00RKHXIQO,1800 Pillowcase Set 2 pc,Set of 2 King Size,Brown,89.85,143.76,22,31,5,8,0.22727272727272727,0.25806451612903225,-0.030791788856304986
B010LB000M,1800 Pillowcase Set 2 pc,Set of 2 King Size,Striped White,89.85,35.94,11,5,5,2,0.45454545454545453,0.4,0.05454545454545451
B0822Z1DLW,1800 Pillowcase Set 2 pc,Set of 2 King Size,Laced Sky Blue,89.85,71.88,22,12,5,4,0.22727272727272727,0.3333333333333333,-0.10606060606060605
B0BTZ4V7MT,1800 Bed Sheet Set 6 PIECE,Queen,Coral,87.94,43.97,27,27,2,1,0.07407407407407407,0.037037037037037035,0.037037037037037035
B0BTZ5LJPM,1800 Bed Sheet Set 6 PIECE,Queen,Black,87.94,0.0,14,18,2,0,0.14285714285714285,0.0,0.14285714285714285
B01N5FLSQY,Cotton Flannel Sheet Set 160GSM,Twin XL,Sage,87.94,43.97,29,29,2,1,0.06896551724137931,0.034482758620689655,0.034482758620689655
B0BTZ4CFWV,1800 Bed Sheet Set 6 PIECE,Queen,Light Gray,87.94,174.12,46,47,2,4,0.043478260869565216,0.0851063829787234,-0.041628122109158186
B0BTZ6J8CY,1800 Bed Sheet Set 6 PIECE,Queen,Spa Blue,87.94,219.85,48,33,2,5,0.041666666666666664,0.15151515151515152,-0.10984848484848486
B0BTZ5F2C9,1800 Bed Sheet Set 6 PIECE,Queen,Brown,87.94,0.0,26,16,2,0,0.07692307692307693,0.0,0.07692307692307693
B01ES3MP1G,1800 Fitted Sheet,King,Beige,87.88,0.0,20,19,4,0,0.2,0.0,0.2
B0DGQPRB4N,1800 Bed Sheets,King,Oxford Stripe Hazy Lilac,85.94,171.88,105,107,2,4,0.01904761904761905,0.037383177570093455,-0.018335558522474406
B0D7J5RP1G,1800 Bed Sheet Set 6 PC With DEEP Fitted Sheet,California King,Golden Ivory,79.96,39.98,22,19,2,2,0.09090909090909091,0.10526315789473684,-0.014354066985645925
B078STM7RW,1800 Duvet Cover Set,Queen,Hotel White with Gray Embroidery,79.94,0.0,71,60,2,0,0.028169014084507043,0.0,0.028169014084507043
B0822XRHJV,1800 Bedskirt,Twin XL,Navy Blue,79.88,19.97,39,22,4,1,0.10256410256410256,0.045454545454545456,0.057109557109557105
B0822YT8ZZ,1800 Bedskirt,Full,Navy Blue,79.88,19.97,28,17,4,1,0.14285714285714285,0.058823529411764705,0.08403361344537814
B01ETTH5H8,1800 Flat Sheet,California King,White,79.88,778.83,26,33,4,42,0.15384615384615385,1.2727272727272727,-1.1188811188811187
B01ES3LWJC,1800 Fitted Sheet,Queen,Black,79.88,19.97,8,20,4,1,0.5,0.05,0.45
B01ES3LRNS,1800 Fitted Sheet,Queen,Light Gray,79.88,159.76,36,21,4,8,0.1111111111111111,0.38095238095238093,-0.2698412698412698
B0BTZ4QWHW,1800 Bed Sheet Set 6 PIECE,Full,Blush Pink,77.94,0.0,21,12,2,0,0.09523809523809523,0.0,0.09523809523809523
B0822WNDSS,"1800 Fitted Sheet 21"" Deep",King,Light Gray,77.91,0.0,22,17,3,0,0.13636363636363635,0.0,0.13636363636363635
B0BTZ61X6H,1800 Bed Sheet Set 6 PIECE,Twin XL,Navy Blue,75.94,75.94,15,13,2,2,0.13333333333333333,0.15384615384615385,-0.020512820512820523
B0BTZ5QZ4J,1800 Bed Sheet Set 6 PIECE,Twin XL,Blue Hydrangea,75.94,0.0,26,20,2,0,0.07692307692307693,0.0,0.07692307692307693
B0BTZ5WFGR,1800 Bed Sheet Set 6 PIECE,Twin,Beige,75.94,0.0,5,8,2,0,0.4,0.0,0.4
B00O35DMNU,1800 Bed Sheets,Full,Brick Red,75.94,113.91,41,50,2,3,0.04878048780487805,0.06,-0.011219512195121947
B01ES3N46G,1800 Fitted Sheet,Twin XL,Light Gray,75.88,0.0,11,10,4,0,0.36363636363636365,0.0,0.36363636363636365
B0BTZ6C48G,1800 Bed Sheet Set 6 PIECE,Twin,Golden Ivory,75.18,0.0,12,9,2,0,0.16666666666666666,0.0,0.16666666666666666
B0BTZ66G9R,1800 Bed Sheet Set 6 PIECE,Twin,Gray,75.18,0.0,8,7,2,0,0.25,0.0,0.25
B0822TY5NY,1800 Pillow Shams 2 piece,Standard,Spa Blue,74.85000000000001,59.879999999999995,54,59,5,4,0.09259259259259259,0.06779661016949153,0.024795982423101062
B0822WWR9B,1800 Pillow Shams 2 piece,Standard,Navy Blue,74.85,14.97,18,18,5,1,0.2777777777777778,0.05555555555555555,0.22222222222222224
B0822V5KKJ,"1800 Fitted Sheet 21"" Deep",Queen,Black,71.91,71.91,16,30,3,3,0.1875,0.1,0.0875
B08TRRHGXW,1800 Pillowcase Set 2 pc,Set of 2 King Size,Teal,71.88,71.88,16,17,4,4,0.25,0.23529411764705882,0.01470588235294118
B0822XR2SH,1800 Pillowcase Set 2 pc,Set of 2 King Size,Pinstripe Gray,71.88,35.94,11,5,4,2,0.36363636363636365,0.4,-0.036363636363636376
B0CNRXP565,1800 Pillowcase Set 2 pc,Set of 2 King Size,Blue Nova,71.88,71.88,23,10,4,4,0.17391304347826086,0.4,-0.22608695652173916
B0DGQQ87MC,1800 Bed Sheets,Twin,Oxford Stripe Sage,69.94,174.85,35,43,2,5,0.05714285714285714,0.11627906976744186,-0.05913621262458472
B01CYLCDCU,1800 Bed Sheets,Twin,Paisley Gray,69.94,244.79,61,54,2,7,0.03278688524590164,0.12962962962962962,-0.09684274438372797
B01DK4M0H8,1800 Bed Sheets,Twin XL,Striped Gray/Silver,69.94,0.0,73,56,2,0,0.0273972602739726,0.0,0.0273972602739726
B00O35D9LA,1800 Bed Sheets,Twin,Brick Red,69.94,69.94,39,56,2,2,0.05128205128205128,0.03571428571428571,0.015567765567765568
B0CLYFB8ST,1800 Bed Sheets,Twin XL,Taupe,69.94,69.94,16,25,2,2,0.125,0.08,0.045
B0DGQS8V6Q,1800 Bed Sheets,Twin,Oxford Stripe Blue Nova,69.94,69.94,39,30,2,2,0.05128205128205128,0.06666666666666667,-0.015384615384615385
B0DGQP5QR6,1800 Bed Sheets,Twin,Oxford Stripe Hazy Lilac,69.94,34.97,37,20,2,1,0.05405405405405406,0.05,0.004054054054054054
B0112XNQYU,1800 Bed Sheets,Twin,Tan,69.94,244.09,35,37,2,7,0.05714285714285714,0.1891891891891892,-0.13204633204633207
B08V8YBL7L,1800 Bed Sheets,RV / Short Queen,Royal Blue,69.94,0.0,28,28,2,0,0.07142857142857142,0.0,0.07142857142857142
B07RBZ25P3,1800 Bed Sheets,Twin XL,Laced Sky Blue,69.94,139.88,100,84,2,4,0.02,0.047619047619047616,-0.027619047619047616
B01DK4LZV0,1800 Bed Sheets,Twin XL,Striped White,69.94,69.94,104,92,2,2,0.019230769230769232,0.021739130434782608,-0.0025083612040133763
B01CYLCGFO,1800 Bed Sheets,Twin XL,Paisley Gray,69.94,139.88,55,77,2,4,0.03636363636363636,0.05194805194805195,-0.01558441558441559
B0822Y5XHB,1800 Bedskirt,King,Gray,68.91,91.88,30,18,3,4,0.1,0.2222222222222222,-0.1222222222222222
B0823123JL,1800 Bedskirt,Cal King,Navy Blue,68.91,206.73,31,48,3,9,0.0967741935483871,0.1875,-0.0907258064516129
B0822ZMPN8,1800 Bedskirt,Cal King,Blue Hydrangea,68.91,22.97,18,25,3,1,0.16666666666666666,0.04,0.12666666666666665
B0822Z2JQL,1800 Bedskirt,Cal King,Beige,68.91,137.82,56,61,3,6,0.05357142857142857,0.09836065573770492,-0.04478922716627635
B0822YSHTY,1800 Bedskirt,Cal King,White,68.45,45.94,9,17,3,2,0.3333333333333333,0.11764705882352941,0.2156862745098039
B098PC693H,Velvet Ultrasonic Coverlet,King-California King,Teal,67.97,0.0,36,31,1,0,0.027777777777777776,0.0,0.027777777777777776
B07X1SX66J,Cotton Flannel Sheet Set 180GSM,King,Light Gray Plaid,65.97,65.97,7,12,1,1,0.14285714285714285,0.08333333333333333,0.05952380952380952
B09SQFHBDY,1800 Duvet Cover Set,Full,Sage,65.94,0.0,10,5,2,0,0.2,0.0,0.2
B08D11SYZG,"1800 Fitted Sheet 21"" Deep",Twin XL,Spa Mint,65.91,43.94,12,16,3,2,0.25,0.125,0.125
B0822WXH7Z,"1800 Fitted Sheet 21"" Deep",Twin XL,Light Gray,65.91,43.94,9,20,3,2,0.3333333333333333,0.1,0.2333333333333333
B08NPZFK2H,400TC Cotton Sheet Set,Full,Light Blue,64.97,0.0,3,2,1,0,0.3333333333333333,0.0,0.3333333333333333
B08NPKVCBV,400TC Cotton Sheet Set,Queen,Ivory,64.97,64.97,10,13,1,1,0.1,0.07692307692307693,0.023076923076923078
B01ETTE0EO,1800 Flat Sheet,Twin,Beige,63.879999999999995,0.0,12,13,4,0,0.3333333333333333,0.0,0.3333333333333333
B0822ZSBN1,1800 Bedskirt,Queen,Light Gray,62.91,41.94,80,70,3,2,0.0375,0.02857142857142857,0.008928571428571428
B0822ZP2SL,1800 Bedskirt,Queen,Spa Blue,62.91,41.94,36,59,3,2,0.08333333333333333,0.03389830508474576,0.049435028248587566
B01N7IELX1,Cotton Flannel Sheet Set 160GSM,California King,White,60.97,60.97,9,5,1,1,0.1111111111111111,0.2,-0.0888888888888889
B0CYCPB6JH,1800 Bed Sheet Set 6 PC With DEEP Fitted Sheet,California King,Hazy Lilac,59.97,0.0,4,5,1,0,0.25,0.0,0.25
B0D7JMQPCQ,1800 Bed Sheet Set 6 PC With DEEP Fitted Sheet,California King,Spa Mint,59.97,0.0,7,8,1,0,0.14285714285714285,0.0,0.14285714285714285
B0CYCNYBCJ,1800 Bed Sheet Set 6 PC With DEEP Fitted Sheet,California King,Blue Hydrangea,59.97,0.0,4,2,1,0,0.25,0.0,0.25
B01ES3L5L2,1800 Fitted Sheet,Queen,Beige,59.91,39.94,18,16,3,2,0.16666666666666666,0.125,0.04166666666666666
B08TRQYGNT,1800 Fitted Sheet,Queen,Blush Pink,59.91,59.91,21,25,3,3,0.14285714285714285,0.12,0.022857142857142854
B0B2Q6VD38,1800 Bedskirt,Twin XL,Golden Ivory,59.91,39.94,35,21,3,2,0.08571428571428572,0.09523809523809523,-0.009523809523809518
B08TRPHQSR,1800 Fitted Sheet,Queen,Light Blue,59.91,0.0,21,17,3,0,0.14285714285714285,0.0,0.14285714285714285
B0823115FS,1800 Bedskirt,Full,Light Gray,59.91,19.97,17,16,3,1,0.17647058823529413,0.0625,0.11397058823529413
B0CYCPX4BZ,1800 Bed Sheet Set 6 PC With DEEP Fitted Sheet,King,Brown,58.97,0.0,14,11,1,0,0.07142857142857142,0.0,0.07142857142857142
B07WZP5KZL,Cotton Flannel Sheet Set 180GSM,Queen,Floral Feathers,58.97,0.0,29,35,1,0,0.034482758620689655,0.0,0.034482758620689655
B01NCM49W6,Cotton Flannel Sheet Set 160GSM,King,Sage,58.97,58.97,22,13,1,1,0.045454545454545456,0.07692307692307693,-0.03146853146853147
B0CYCPGS5Q,1800 Bed Sheet Set 6 PC With DEEP Fitted Sheet,King,Ivory,58.97,58.97,23,32,1,1,0.043478260869565216,0.03125,0.012228260869565216
B0CYCSC4DD,1800 Bed Sheet Set 6 PC With DEEP Fitted Sheet,King,Emerald Green,58.97,0.0,10,8,1,0,0.1,0.0,0.1
B0CYCQM958,1800 Bed Sheet Set 6 PC With DEEP Fitted Sheet,King,Lavender,58.97,0.0,7,13,1,0,0.14285714285714285,0.0,0.14285714285714285
B07J3WFHLF,Cotton Flannel Sheet Set 180GSM,Queen,White,58.97,58.97,15,18,1,1,0.06666666666666667,0.05555555555555555,0.011111111111111113
B0BTZ74YXG,1800 Bed Sheet Set 6 PIECE,Split King,Golden Ivory,57.97,0.0,13,8,1,0,0.07692307692307693,0.0,0.07692307692307693
B0BTZ5617B,1800 Bed Sheet Set 6 PIECE,Split King,Navy Blue,57.97,0.0,4,5,1,0,0.25,0.0,0.25
B0CYCQM95B,1800 Bed Sheet Set 6 PC With DEEP Fitted Sheet,California King,White,56.97,113.94,19,22,1,2,0.05263157894736842,0.09090909090909091,-0.038277511961722493
B01ES3MLU6,1800 Fitted Sheet,Twin XL,Gray,56.91,113.82,12,14,3,6,0.25,0.42857142857142855,-0.17857142857142855
B01ES3LAYO,1800 Fitted Sheet,Twin,Navy Blue,56.91,0.0,7,10,3,0,0.42857142857142855,0.0,0.42857142857142855
B0BTZ7MT37,1800 Bed Sheet Set 6 PIECE,California King,Beige,54.97,54.97,9,8,1,1,0.1111111111111111,0.125,-0.013888888888888895
B0BTZ96P6M,1800 Bed Sheet Set 6 PIECE,California King,Golden Ivory,54.97,54.97,10,8,1,1,0.1,0.125,-0.024999999999999994
B0BTZ4QXLJ,1800 Bed Sheet Set 6 PIECE,California King,Navy Blue,54.97,0.0,7,1,1,0,0.14285714285714285,0.0,0.14285714285714285
B0822XNLKD,1800 Pillowcase Set 4 pc,Standard,Navy Blue,54.0,81.0,6,12,2,3,0.3333333333333333,0.25,0.08333333333333331
B0822Y1CB6,1800 Pillowcase Set 4 pc,King,Blue Hydrangea,54.0,27.0,14,11,2,1,0.14285714285714285,0.09090909090909091,0.05194805194805194
B0822WYTFB,1800 Pillowcase Set 4 pc,Standard,Royal Blue,54.0,27.0,9,4,2,1,0.2222222222222222,0.25,-0.02777777777777779
B0822YRCDP,1800 Pillowcase Set 4 pc,Standard,Gray,54.0,108.0,26,28,2,5,0.07692307692307693,0.17857142857142858,-0.10164835164835165
B010LAZW6K,1800 Pillowcase Set 2 pc,Set of 2 Standard Size,Striped Light Blue,53.91,17.97,16,5,3,1,0.1875,0.2,-0.012500000000000011
B0CNS23FJJ,1800 Pillowcase Set 2 pc,Set of 2 Standard Size,Pistachio,53.91,17.97,12,8,3,1,0.25,0.125,0.125
B08TRQ9T7Y,1800 Pillowcase Set 2 pc,Set of 2 King Size,Blush Pink,53.91,35.94,26,16,4,2,0.15384615384615385,0.125,0.028846153846153855
B01DN0B6A6,1800 Pillowcase Set 2 pc,Set of 2 Standard Size,Coral,53.91,53.91,32,26,3,3,0.09375,0.11538461538461539,-0.02163461538461539
B013FJJXBY,1800 Pillowcase Set 2 pc,Set of 2 King Size,Royal Blue,53.91,53.91,22,15,3,3,0.13636363636363635,0.2,-0.06363636363636366
B01DN0BCWS,1800 Pillowcase Set 2 pc,Set of 2 King Size,Coral,53.91,35.94,11,11,3,2,0.2727272727272727,0.18181818181818182,0.09090909090909088
B00RKHXLE8,1800 Pillowcase Set 2 pc,Set of 2 King Size,Brick Red,53.91,17.97,4,4,3,1,0.75,0.25,0.5
B0BTZ6S4QR,1800 Bed Sheet Set 6 PIECE,King,Brown,52.97,52.97,17,17,1,1,0.058823529411764705,0.058823529411764705,0.0
B0BTZ6RFZR,1800 Bed Sheet Set 6 PIECE,King,Black,52.97,0.0,10,23,1,0,0.1,0.0,0.1
B0BTZ7F43V,1800 Bed Sheet Set 6 PIECE,King,Yellow,52.97,0.0,11,16,1,0,0.09090909090909091,0.0,0.09090909090909091
B0822XYVZ7,1800 Bed Sheet Set With DEEP Fitted Sheet,California King,Royal Blue,51.97,0.0,19,29,1,0,0.05263157894736842,0.0,0.05263157894736842
B08BZX7GB9,1800 Bed Sheet Set With DEEP Fitted Sheet,California King,Brown,51.97,0.0,40,35,1,0,0.025,0.0,0.025
B08BZX1V5H,1800 Bed Sheet Set With DEEP Fitted Sheet,California King,Emerald Green,51.97,51.97,32,41,1,1,0.03125,0.024390243902439025,0.006859756097560975
B01N2U4RXO,Cotton Flannel Sheet Set 160GSM,Queen,Blue/Gray Snowflakes,51.97,0.0,12,6,1,0,0.08333333333333333,0.0,0.08333333333333333
B08CZZKK5S,1800 Bed Sheet Set With DEEP Fitted Sheet,California King,Coral,51.97,51.97,13,26,1,1,0.07692307692307693,0.038461538461538464,0.038461538461538464
B0BMW9JMXG,1800 Bed Sheet Set With DEEP Fitted Sheet,California King,Laced Sky Blue,51.97,103.94,61,69,1,2,0.01639344262295082,0.028985507246376812,-0.012592064623425991
B01N9HT5K2,Cotton Flannel Sheet Set 160GSM,Queen,Burgundy,51.97,0.0,27,20,1,0,0.037037037037037035,0.0,0.037037037037037035
B01M292VUS,Cotton Flannel Sheet Set 160GSM,Queen,Navy,51.97,51.97,18,9,1,1,0.05555555555555555,0.1111111111111111,-0.05555555555555555
B0822X2TJD,1800 Bed Sheet Set With DEEP Fitted Sheet,California King,Brick Red,51.97,259.85,17,25,1,5,0.058823529411764705,0.2,-0.1411764705882353
B0822V9PBB,"1800 Fitted Sheet 21"" Deep",King,Beige,51.94,25.97,16,20,2,1,0.125,0.05,0.075
B01ETTGH1S,1800 Flat Sheet,Twin XL,Light Gray,50.91,16.97,5,12,3,1,0.6,0.08333333333333333,0.5166666666666666
B01NGWLXLE,Cotton Flannel Sheet Set 160GSM,Full,Blue,49.97,0.0,19,16,1,0,0.05263157894736842,0.0,0.05263157894736842
B0822X11FD,1800 Bed Sheet Set With DEEP Fitted Sheet,Split King,Navy Blue,49.97,49.97,14,19,1,1,0.07142857142857142,0.05263157894736842,0.018796992481203006
B0CYCP394Q,1800 Bed Sheet Set 6 PC With DEEP Fitted Sheet,Queen,Sage,49.97,99.94,25,28,1,2,0.04,0.07142857142857142,-0.031428571428571424
B07YYCDGFZ,Silk Pillowcase,"Body 20"" X 54""",Black,49.97,0.0,3,4,1,0,0.3333333333333333,0.0,0.3333333333333333
B0CYCPZCSK,1800 Bed Sheet Set 6 PC With DEEP Fitted Sheet,Queen,Aqua,49.97,0.0,11,22,1,0,0.09090909090909091,0.0,0.09090909090909091
B0D7JFX2WC,1800 Bed Sheet Set 6 PC With DEEP Fitted Sheet,Queen,Spa Mint,49.97,49.97,26,48,1,1,0.038461538461538464,0.020833333333333332,0.01762820512820513
B07X2SPGN7,Cotton Flannel Sheet Set 180GSM,Twin XL,Navy,49.97,99.94,6,5,1,2,0.16666666666666666,0.4,-0.23333333333333336
B0822WT7JY,1800 Bed Sheet Set With DEEP Fitted Sheet,Split King,Spa Blue,49.97,149.91,29,49,1,3,0.034482758620689655,0.061224489795918366,-0.02674173117522871
B0822WFM2M,1800 Bed Sheet Set With DEEP Fitted Sheet,Split King,Gray,49.97,49.97,21,31,1,1,0.047619047619047616,0.03225806451612903,0.015360983102918585
B0CYCRLVKL,1800 Bed Sheet Set 6 PC With DEEP Fitted Sheet,Queen,Hazy Lilac,49.97,49.97,21,29,1,1,0.047619047619047616,0.034482758620689655,0.013136288998357962
B0CYCQ212T,1800 Bed Sheet Set 6 PC With DEEP Fitted Sheet,Queen,Spa Blue,49.97,149.91,25,48,1,3,0.04,0.0625,-0.0225
B0822X68ZT,1800 Bed Sheet Set With DEEP Fitted Sheet,Split King,Beige,49.97,249.85,29,40,1,5,0.034482758620689655,0.125,-0.09051724137931035
B08NPRYQZJ,400TC Cotton Sheet Set,Twin,Light Gray,49.97,0.0,4,8,1,0,0.25,0.0,0.25
B08BZW5JLC,1800 Bed Sheet Set With DEEP Fitted Sheet,Split King,Aqua,49.97,149.91,22,38,1,3,0.045454545454545456,0.07894736842105263,-0.03349282296650717
B08BZVWFXT,1800 Bed Sheet Set With DEEP Fitted Sheet,Split King,Brown,49.97,0.0,9,13,1,0,0.1111111111111111,0.0,0.1111111111111111
B0CYCNYNXF,1800 Bed Sheet Set 6 PC With DEEP Fitted Sheet,Queen,Tan,49.97,49.97,18,31,1,1,0.05555555555555555,0.03225806451612903,0.02329749103942652
B08KHCVCMS,1800 Ultrasonic Coverlet,Twin,Rosette Gray,48.97,0.0,59,59,1,0,0.01694915254237288,0.0,0.01694915254237288
B0822W8CWV,"1800 Fitted Sheet 21"" Deep",Queen,White,47.94,167.79,12,39,2,7,0.16666666666666666,0.1794871794871795,-0.01282051282051283
B01ETTELIY,1800 Flat Sheet,Twin,Light Gray,47.910000000000004,0.0,8,0,3,0,0.375,,
B01MY7SKC2,1800 Bed Sheets,Split King,Brown,46.97,0.0,15,19,1,0,0.06666666666666667,0.0,0.06666666666666667
B0CLYCPG5T,1800 Bed Sheets,Split King,Burgundy,46.97,0.0,13,19,1,0,0.07692307692307693,0.0,0.07692307692307693
B0DGQRP22Y,1800 Bed Sheets,Split King,Mineral Gray,46.97,140.91,59,305,1,3,0.01694915254237288,0.009836065573770493,0.007113086968602389
B01MT8MY31,1800 Bed Sheets,Split King,Black,46.97,0.0,15,13,1,0,0.06666666666666667,0.0,0.06666666666666667
B0CLYF44J8,1800 Bed Sheets,Split King,Taupe,46.97,187.88,30,37,1,4,0.03333333333333333,0.10810810810810811,-0.07477477477477479
B0CNS1M85H,1800 Bed Sheets,Split King,Blue Nova,46.97,46.97,26,30,1,1,0.038461538461538464,0.03333333333333333,0.005128205128205131
B01MT8KYHK,1800 Bed Sheets,Split King,Royal Blue,46.97,0.0,19,14,1,0,0.05263157894736842,0.0,0.05263157894736842
B0B5HRJ2NB,1800 Duvet Cover Set,Oversized Queen,Light Gray,45.97,0.0,12,8,1,0,0.08333333333333333,0.0,0.08333333333333333
B0822XDTL3,1800 Bed Sheet Set With DEEP Fitted Sheet,Full,Brick Red,45.97,0.0,25,22,1,0,0.04,0.0,0.04
B08BZWCLY2,1800 Bed Sheet Set With DEEP Fitted Sheet,Full,Lavender,45.97,137.91,52,58,1,3,0.019230769230769232,0.05172413793103448,-0.03249336870026525
B08CZZQMFC,1800 Bed Sheet Set With DEEP Fitted Sheet,Full,Paisley Gray,45.97,275.82,63,77,1,6,0.015873015873015872,0.07792207792207792,-0.06204906204906205
B0822VSKCD,1800 Bed Sheet Set With DEEP Fitted Sheet,Full,Beige,45.97,137.91,54,53,1,3,0.018518518518518517,0.05660377358490566,-0.038085255066387144
B08CZYZCPM,1800 Bed Sheet Set With DEEP Fitted Sheet,Full,Purple,45.97,45.97,30,26,1,1,0.03333333333333333,0.038461538461538464,-0.005128205128205131
B0822YSV5P,1800 Bedskirt,King,Navy Blue,45.94,91.88,115,98,2,4,0.017391304347826087,0.04081632653061224,-0.023425022182786154
B0822Z5KTC,1800 Bedskirt,Cal King,Black,45.94,0.0,13,9,2,0,0.15384615384615385,0.0,0.15384615384615385
B01CYLCUAK,1800 Bed Sheets,California King,Paisley Gray,44.97,178.98,60,67,1,4,0.016666666666666666,0.05970149253731343,-0.04303482587064676
B0CYCP3H4R,1800 Bed Sheet Set 6 PC With DEEP Fitted Sheet,Full,Blue Nova,44.97,44.07,22,21,1,1,0.045454545454545456,0.047619047619047616,-0.0021645021645021606
B08BZVYMKN,1800 Bed Sheet Set With DEEP Fitted Sheet,Twin XL,Emerald Green,44.97,44.97,24,22,1,1,0.041666666666666664,0.045454545454545456,-0.0037878787878787915
B08BZYDJCT,1800 Bed Sheet Set With DEEP Fitted Sheet,Twin XL,Lavender,44.97,0.0,33,48,1,0,0.030303030303030304,0.0,0.030303030303030304
B01DN0B3PY,1800 Bed Sheets,California King,Spa Mint,44.97,134.91,102,114,1,3,0.00980392156862745,0.02631578947368421,-0.016511867905056758
B0CYCNNTMH,1800 Bed Sheet Set 6 PC With DEEP Fitted Sheet,Full,Light Gray,44.97,0.0,3,5,1,0,0.3333333333333333,0.0,0.3333333333333333
B00O35D0YQ,1800 Bed Sheets,California King,Brick Red,44.97,0.0,10,19,1,0,0.1,0.0,0.1
B0BMW8ZDS9,1800 Bed Sheet Set With DEEP Fitted Sheet,Twin XL,Blush Pink,44.97,134.91,8,27,1,3,0.125,0.1111111111111111,0.013888888888888895
B0CYCTK7HP,1800 Bed Sheet Set 6 PC With DEEP Fitted Sheet,Full,Sky Blue,44.97,0.0,16,16,1,0,0.0625,0.0,0.0625
B08BZXC2VF,1800 Bed Sheet Set With DEEP Fitted Sheet,Twin,Aqua,44.97,0.0,23,32,1,0,0.043478260869565216,0.0,0.043478260869565216
B00ZSHJ0TM,1800 Bed Sheets,California King,Striped Gray/Silver,44.97,44.97,34,36,1,1,0.029411764705882353,0.027777777777777776,0.0016339869281045763
B00O35CXRQ,1800 Bed Sheets,California King,Gold,44.97,89.94,44,44,1,2,0.022727272727272728,0.045454545454545456,-0.022727272727272728
B0BMW99MVD,1800 Bed Sheet Set With DEEP Fitted Sheet,Twin,Golden Ivory,44.97,89.94,23,28,1,2,0.043478260869565216,0.07142857142857142,-0.02795031055900621
B0CLYBFG6K,1800 Bed Sheets,California King,Taupe,44.97,44.97,24,16,1,1,0.041666666666666664,0.0625,-0.020833333333333336
B08CZYNG76,1800 Bed Sheet Set With DEEP Fitted Sheet,Twin XL,Spa Mint,44.97,89.94,102,70,1,2,0.00980392156862745,0.02857142857142857,-0.01876750700280112
B0CYCR1VRD,1800 Bed Sheet Set 6 PC With DEEP Fitted Sheet,Full,Sage,44.97,0.0,11,13,1,0,0.09090909090909091,0.0,0.09090909090909091
B0822XD973,1800 Bed Sheet Set With DEEP Fitted Sheet,Twin XL,Beige,44.97,89.94,40,37,1,2,0.025,0.05405405405405406,-0.029054054054054056
B08RZDLTVV,1800 Bed Sheets,California King,Blush Pink,44.97,0.0,62,59,1,0,0.016129032258064516,0.0,0.016129032258064516
B0822X1F1C,1800 Bed Sheet Set With DEEP Fitted Sheet,Twin XL,Spa Blue,44.97,89.94,62,50,1,2,0.016129032258064516,0.04,-0.023870967741935485
B0CNRX2YJB,1800 Bed Sheets,California King,Terracotta,44.97,89.94,32,47,1,2,0.03125,0.0425531914893617,-0.011303191489361701
B0CNRX7KCP,1800 Bed Sheets,California King,Pistachio,44.97,89.94,35,40,1,2,0.02857142857142857,0.05,-0.021428571428571432
B0822TXPDR,1800 Pillow Shams 2 piece,King,Blue Hydrangea,44.910000000000004,164.67000000000002,75,83,3,11,0.04,0.13253012048192772,-0.09253012048192771
B0822TX6QS,1800 Pillow Shams 2 piece,King,White,44.910000000000004,44.910000000000004,22,17,3,3,0.13636363636363635,0.17647058823529413,-0.040106951871657776
B0822W7ZMZ,1800 Pillow Shams 2 piece,Standard,White,44.910000000000004,194.60999999999999,24,28,3,13,0.125,0.4642857142857143,-0.3392857142857143
B01DN0AZEE,1800 Bed Sheets,California King,Coral,44.07,44.97,32,36,1,2,0.03125,0.05555555555555555,-0.024305555555555552
B0BTZ6DTKK,1800 Bed Sheet Set 6 PIECE,Queen,Brick Red,43.97,0.0,20,15,1,0,0.05,0.0,0.05
B0BTZ59997,1800 Bed Sheet Set 6 PIECE,Queen,Blue Hydrangea,43.97,175.88,47,49,1,4,0.02127659574468085,0.08163265306122448,-0.06035605731654363
B01N9HT70M,Cotton Flannel Sheet Set 160GSM,Twin XL,Navy,43.97,0.0,7,7,1,0,0.14285714285714285,0.0,0.14285714285714285
B0BTZ3NBBQ,1800 Bed Sheet Set 6 PIECE,Queen,Purple,43.97,0.0,18,14,1,0,0.05555555555555555,0.0,0.05555555555555555
B0BTZ4Z8X4,1800 Bed Sheet Set 6 PIECE,Queen,Navy Blue,43.97,43.97,19,37,1,1,0.05263157894736842,0.02702702702702703,0.02560455192034139
B08TRRF1JN,1800 Fitted Sheet,King,Golden Ivory,43.94,21.97,18,21,2,1,0.1111111111111111,0.047619047619047616,0.06349206349206349
B01ES3NCYK,1800 Fitted Sheet,King,Black,43.94,0.0,6,8,2,0,0.3333333333333333,0.0,0.3333333333333333
B01ES3N6IW,1800 Fitted Sheet,King,Purple,43.94,0.0,3,4,2,0,0.6666666666666666,0.0,0.6666666666666666
B01ES3MT12,1800 Fitted Sheet,King,Navy Blue,43.94,65.91,11,8,2,3,0.18181818181818182,0.375,-0.19318181818181818
B01ES3NQBO,1800 Fitted Sheet,King,Emerald Green,43.94,0.0,16,15,2,0,0.125,0.0,0.125
B01ES3MQX8,1800 Fitted Sheet,King,Gray,43.94,43.94,19,21,2,2,0.10526315789473684,0.09523809523809523,0.010025062656641603
B0822Z86NL,1800 Bedskirt,Queen,Black,41.94,20.97,24,16,2,1,0.08333333333333333,0.0625,0.02083333333333333
B0BTZ68TRH,1800 Bed Sheet Set 6 PIECE,Split King,Beige,39.98,19.99,38,29,2,1,0.05263157894736842,0.034482758620689655,0.018148820326678763
B098PBW9NV,Velvet Ultrasonic Coverlet,Full-Queen,Teal,39.97,0.0,12,16,1,0,0.08333333333333333,0.0,0.08333333333333333
B01ETTI5CC,1800 Flat Sheet,California King,Lavender,39.94,0.0,6,3,2,0,0.3333333333333333,0.0,0.3333333333333333
B0822Y8J89,1800 Bedskirt,Twin XL,Beige,39.94,159.76,49,27,2,8,0.04081632653061224,0.2962962962962963,-0.25547996976568405
B08TRTM71S,1800 Flat Sheet,King,Teal,39.94,0.0,6,5,2,0,0.3333333333333333,0.0,0.3333333333333333
B01ETTI0UO,1800 Flat Sheet,California King,Light Gray,39.94,99.85,27,34,2,5,0.07407407407407407,0.14705882352941177,-0.0729847494553377
B01ES3LNSC,1800 Fitted Sheet,Queen,Purple,39.94,59.91,7,12,2,3,0.2857142857142857,0.25,0.0357142857142857
B0822ZKZSY,1800 Bedskirt,Full,Gray,39.94,0.0,13,8,2,0,0.15384615384615385,0.0,0.15384615384615385
B01ETTFPRA,1800 Flat Sheet,King,Gray,39.94,59.91,9,10,2,3,0.2222222222222222,0.3,-0.07777777777777778
B0822YHVQ4,1800 Bedskirt,Twin XL,Royal Blue,39.94,19.97,8,4,2,1,0.25,0.25,0.0
B0822ZKT44,1800 Bedskirt,Twin XL,Brick Red,39.94,0.0,9,10,2,0,0.2222222222222222,0.0,0.2222222222222222
B0822XRVC6,1800 Bedskirt,Full,Spa Blue,39.94,0.0,14,16,2,0,0.14285714285714285,0.0,0.14285714285714285
B0822XNZ8M,1800 Bedskirt,Twin XL,Gray,39.94,19.97,26,24,2,1,0.07692307692307693,0.041666666666666664,0.03525641025641026
B0822Y83D3,1800 Bedskirt,Twin,Beige,39.94,79.88,17,23,2,4,0.11764705882352941,0.17391304347826086,-0.056265984654731455
B0892Q7ZKV,1800 Fitted Sheet,Queen,Spa Blue,39.94,19.97,21,15,2,1,0.09523809523809523,0.06666666666666667,0.028571428571428567
B01ETTGNJO,1800 Flat Sheet,King,Blue Hydrangea,39.94,19.97,14,22,2,1,0.14285714285714285,0.045454545454545456,0.0974025974025974
B01ETTI3EC,1800 Flat Sheet,California King,Black,39.94,0.0,22,20,2,0,0.09090909090909091,0.0,0.09090909090909091
B01ETTFMOQ,1800 Flat Sheet,King,Beige,39.94,39.94,13,13,2,2,0.15384615384615385,0.15384615384615385,0.0
B0BTZ2ZK8K,1800 Bed Sheet Set 6 PIECE,Full,Sage,38.97,0.0,8,29,1,0,0.125,0.0,0.125
B0BTZ6HL5H,1800 Bed Sheet Set 6 PIECE,Full,Coral,38.97,0.0,6,6,1,0,0.16666666666666666,0.0,0.16666666666666666
B0BTZ6J8CX,1800 Bed Sheet Set 6 PIECE,Full,Brown,38.97,0.0,6,2,1,0,0.16666666666666666,0.0,0.16666666666666666
B0BTZ85K94,1800 Bed Sheet Set 6 PIECE,Full,Aqua,38.97,0.0,5,7,1,0,0.2,0.0,0.2
B0BTZ7XWCV,1800 Bed Sheet Set 6 PIECE,Full,Purple,38.97,0.0,5,0,1,0,0.2,,
B0BTZ52JKC,1800 Bed Sheet Set 6 PIECE,Full,Brick Red,38.97,0.0,7,2,1,0,0.14285714285714285,0.0,0.14285714285714285
B0BTZ6GX35,1800 Bed Sheet Set 6 PIECE,Twin,Navy Blue,37.97,0.0,9,9,1,0,0.1111111111111111,0.0,0.1111111111111111
B0DGQQY3LX,1800 Bed Sheets,Full,Oxford Stripe Hazy Lilac,37.97,37.97,68,96,1,1,0.014705882352941176,0.010416666666666666,0.00428921568627451
B0BTZ6B7XR,1800 Bed Sheet Set 6 PIECE,Twin XL,Spa Blue,37.97,0.0,11,13,1,0,0.09090909090909091,0.0,0.09090909090909091
B0BTZ64KB1,1800 Bed Sheet Set 6 PIECE,Twin,Spa Blue,37.97,0.0,8,5,1,0,0.125,0.0,0.125
B0BTZ4CCZC,1800 Bed Sheet Set 6 PIECE,Twin XL,Emerald Green,37.97,0.0,11,11,1,0,0.09090909090909091,0.0,0.09090909090909091
B08TRT7MXS,1800 Flat Sheet,Queen,Teal,37.94,0.0,8,3,2,0,0.25,0.0,0.25
B08TRP9PWX,1800 Fitted Sheet,Twin XL,Sage,37.94,0.0,11,15,2,0,0.18181818181818182,0.0,0.18181818181818182
B01ETTEHOC,1800 Flat Sheet,Queen,Black,37.94,0.0,4,13,2,0,0.5,0.0,0.5
B01ES3MYOY,1800 Fitted Sheet,Twin XL,Brown,37.94,0.0,5,5,2,0,0.4,0.0,0.4
B08TRRBN7D,1800 Fitted Sheet,Full,Golden Ivory,37.94,132.79,17,12,2,7,0.11764705882352941,0.5833333333333334,-0.46568627450980393
B08TRP2MBH,1800 Fitted Sheet,Twin XL,Blush Pink,37.94,18.97,13,10,2,1,0.15384615384615385,0.1,0.05384615384615385
B0892NDBPD,1800 Flat Sheet,Queen,Spa Blue,37.94,0.0,6,16,2,0,0.3333333333333333,0.0,0.3333333333333333
B01ES3OZUA,1800 Fitted Sheet,Full,Spa Mint,37.94,37.94,7,8,2,2,0.2857142857142857,0.25,0.0357142857142857
B01ES3MK1Q,1800 Fitted Sheet,Twin XL,Beige,37.94,37.94,12,9,2,2,0.16666666666666666,0.2222222222222222,-0.05555555555555555
B01ES3M4SA,1800 Fitted Sheet,Twin,Coral,37.94,0.0,7,14,2,0,0.2857142857142857,0.0,0.2857142857142857
B01ETTE1S4,1800 Flat Sheet,Queen,Violet,37.94,0.0,9,3,2,0,0.2222222222222222,0.0,0.2222222222222222
B01ETTEEWW,1800 Flat Sheet,Queen,Light Gray,37.94,0.0,14,10,2,0,0.14285714285714285,0.0,0.14285714285714285
B01ES3NZL0,1800 Fitted Sheet,Full,Gray,37.94,18.97,11,8,2,1,0.18181818181818182,0.125,0.05681818181818182
B0BTZ5QTKY,1800 Bed Sheet Set 6 PIECE,Twin,Light Gray,37.21,37.97,4,8,1,1,0.25,0.125,0.125
B09SQDYXCW,1800 Duvet Cover Set,King,Sage,36.97,0.0,28,38,1,0,0.03571428571428571,0.0,0.03571428571428571
B07MS7QWTG,1800 Duvet Cover Set,King,Black,36.97,0.0,22,16,1,0,0.045454545454545456,0.0,0.045454545454545456
B07MHRNH3W,1800 Duvet Cover Set,King,Light Gray,36.97,0.0,39,32,1,0,0.02564102564102564,0.0,0.02564102564102564
B010LAZU9Y,1800 Pillowcase Set 2 pc,Set of 2 Standard Size,Striped Gray/Silver,35.94,53.91,9,14,2,3,0.2222222222222222,0.21428571428571427,0.007936507936507936
B010LAZQW0,1800 Pillowcase Set 2 pc,Set of 2 Standard Size,Striped White,35.94,0.0,10,11,2,0,0.2,0.0,0.2
B01DN0BHR8,1800 Pillowcase Set 2 pc,Set of 2 King Size,Yellow,35.94,17.97,17,15,2,1,0.11764705882352941,0.06666666666666667,0.050980392156862744
B00RKHXDTG,1800 Pillowcase Set 2 pc,Set of 2 King Size,Aqua,35.94,35.94,16,12,2,2,0.125,0.16666666666666666,-0.04166666666666666
B00RKHWYU0,1800 Pillowcase Set 2 pc,Set of 2 Standard Size,Brown,35.94,161.73,19,18,2,9,0.10526315789473684,0.5,-0.39473684210526316
B01ETTHKJG,1800 Flat Sheet,Full,Beige,35.94,0.0,9,5,2,0,0.2222222222222222,0.0,0.2222222222222222
B0CNRX7KDJ,1800 Pillowcase Set 2 pc,Set of 2 King Size,Terracotta,35.94,0.0,9,10,3,0,0.3333333333333333,0.0,0.3333333333333333
B0DGQQR6R8,1800 Bed Sheets,Twin XL,Oxford Stripe Sage,34.97,139.88,42,71,1,4,0.023809523809523808,0.056338028169014086,-0.03252850435949028
B0CNRYJ8QB,1800 Bed Sheets,RV / Short Queen,Terracotta,34.97,69.94,23,29,1,2,0.043478260869565216,0.06896551724137931,-0.025487256371814093
B07MS7NX3D,1800 Duvet Cover Set,Queen,Light Gray,34.97,139.88,36,23,1,4,0.027777777777777776,0.17391304347826086,-0.14613526570048307
B0CNRYNV4P,1800 Bed Sheets,Twin XL,Pistachio,34.97,0.0,52,56,1,0,0.019230769230769232,0.0,0.019230769230769232
B07M6VHK9G,1800 Duvet Cover Set,Queen,Black,34.97,0.0,19,21,1,0,0.05263157894736842,0.0,0.05263157894736842
B07PP4PSBZ,1800 Duvet Cover Set,Queen,Laced Sky Blue,34.97,69.94,46,33,1,2,0.021739130434782608,0.06060606060606061,-0.038866930171278
B08V8T981S,1800 Bed Sheets,RV / Short Queen,Black,34.97,104.91,37,24,1,3,0.02702702702702703,0.125,-0.09797297297297297
B0CNRZ73D8,1800 Bed Sheets,Twin,Poppy Orange,34.97,104.91,30,48,1,3,0.03333333333333333,0.0625,-0.029166666666666667
B0CNRYSD6P,1800 Bed Sheets,RV / Short Queen,Poppy Orange,34.97,34.97,19,25,1,1,0.05263157894736842,0.04,0.012631578947368417
B0DGQR27PJ,1800 Bed Sheets,Twin XL,Oxford Stripe Blue Nova,34.97,69.94,53,49,1,2,0.018867924528301886,0.04081632653061224,-0.021948402002310356
B01DN0A8L4,1800 Bed Sheets,Twin XL,Yellow,34.97,69.94,81,60,1,2,0.012345679012345678,0.03333333333333333,-0.020987654320987655
B0CNS1GMMB,1800 Bed Sheets,Twin,Terracotta,34.97,139.88,27,39,1,4,0.037037037037037035,0.10256410256410256,-0.06552706552706553
B00WAIGUKO,1800 Bed Sheets,Twin,Black,34.97,104.91,40,24,1,3,0.025,0.125,-0.1
B00O35D5PA,1800 Bed Sheets,Twin,Gold,34.97,34.97,20,12,1,1,0.05,0.08333333333333333,-0.033333333333333326
B01ETTFJ5I,1800 Flat Sheet,Twin XL,Beige,33.94,16.97,9,6,2,1,0.2222222222222222,0.16666666666666666,0.05555555555555555
B08L6QYT3L,1800 Pillowcase Set 2 pc,1 Pillowcase Body,Black,29.94,14.97,11,7,2,1,0.18181818181818182,0.14285714285714285,0.038961038961038974
B0822YXD3M,1800 Bedskirt,Twin,Spa Blue,29.94,0.0,10,11,2,0,0.2,0.0,0.2
B0822W37GB,1800 Pillow Shams 2 piece,King,Spa Blue,29.94,29.94,40,30,2,2,0.05,0.06666666666666667,-0.016666666666666663
B09SQF6WDH,1800 Duvet Cover Set,Twin,Sage,27.97,0.0,13,8,1,0,0.07692307692307693,0.0,0.07692307692307693
B07M6VYV8R,1800 Duvet Cover Set,Twin,Light Gray,27.97,0.0,15,12,1,0,0.06666666666666667,0.0,0.06666666666666667
B07PTCBNZX,1800 Duvet Cover Set,Twin,Laced Sky Blue,27.97,0.0,13,13,1,0,0.07692307692307693,0.0,0.07692307692307693
B0822XKZ4F,1800 Pillowcase Set 4 pc,King,Navy Blue,27.0,27.0,5,4,1,1,0.2,0.25,-0.04999999999999999
B0822Y42LB,1800 Pillowcase Set 4 pc,Standard,Spa Blue,27.0,54.0,14,18,1,2,0.07142857142857142,0.1111111111111111,-0.03968253968253968
B0822XGM2X,1800 Pillowcase Set 4 pc,Standard,Black,27.0,54.0,6,8,1,2,0.16666666666666666,0.25,-0.08333333333333334
B0822Z12BH,1800 Pillowcase Set 4 pc,King,Gray,27.0,108.0,12,13,1,4,0.08333333333333333,0.3076923076923077,-0.2243589743589744
B0822WG5HJ,"1800 Fitted Sheet 21"" Deep",California King,Navy Blue,25.97,0.0,3,5,1,0,0.3333333333333333,0.0,0.3333333333333333
B0822VY3C8,"1800 Fitted Sheet 21"" Deep",California King,White,25.97,0.0,34,17,1,0,0.029411764705882353,0.0,0.029411764705882353
B08D12G8VL,"1800 Fitted Sheet 21"" Deep",King,Coral,25.97,0.0,12,20,1,0,0.08333333333333333,0.0,0.08333333333333333
B08CZZDG5Q,"1800 Fitted Sheet 21"" Deep",King,Lavender,25.97,25.97,4,12,1,1,0.25,0.08333333333333333,0.16666666666666669
B0822V4YX9,"1800 Fitted Sheet 21"" Deep",King,Gray,25.97,77.91,20,23,1,3,0.05,0.13043478260869565,-0.08043478260869565
B08D12F1DW,"1800 Fitted Sheet 21"" Deep",King,Spa Mint,25.97,77.91,15,30,1,3,0.06666666666666667,0.1,-0.03333333333333334
B0822WH4Q2,"1800 Fitted Sheet 21"" Deep",California King,Gray,25.97,51.94,10,23,1,2,0.1,0.08695652173913043,0.013043478260869573
B08CZZV6R5,"1800 Fitted Sheet 21"" Deep",Queen,Aqua,23.97,0.0,25,38,1,0,0.04,0.0,0.04
B08D114CF3,"1800 Fitted Sheet 21"" Deep",Queen,Coral,23.97,23.97,11,25,1,1,0.09090909090909091,0.04,0.05090909090909091
B08CZZXTVT,"1800 Fitted Sheet 21"" Deep",Queen,Lavender,23.97,23.97,6,14,1,1,0.16666666666666666,0.07142857142857142,0.09523809523809523
B0822TRHC4,"1800 Fitted Sheet 21"" Deep",Queen,Blue Hydrangea,23.97,47.94,32,53,1,2,0.03125,0.03773584905660377,-0.006485849056603772
B0822Z1N5D,1800 Bedskirt,King,Black,22.97,0.0,14,13,1,0,0.07142857142857142,0.0,0.07142857142857142
B0822YFZ3Y,1800 Bedskirt,King,Brick Red,22.97,0.0,12,15,1,0,0.08333333333333333,0.0,0.08333333333333333
B0822Z37LB,1800 Bedskirt,Cal King,Light Gray,22.97,45.94,19,15,1,2,0.05263157894736842,0.13333333333333333,-0.08070175438596491
B0822YKJGX,1800 Bedskirt,Cal King,Gray,22.97,68.91,7,14,1,3,0.14285714285714285,0.21428571428571427,-0.07142857142857142
B01ES3NN4Y,1800 Fitted Sheet,King,Blue Hydrangea,21.97,65.91,15,22,1,3,0.06666666666666667,0.13636363636363635,-0.06969696969696969
B01ES3O4BK,1800 Fitted Sheet,California King,Gray,21.97,0.0,3,4,1,0,0.3333333333333333,0.0,0.3333333333333333
B08CZZSPDY,"1800 Fitted Sheet 21"" Deep",Full,Spa Mint,21.97,21.97,11,14,1,1,0.09090909090909091,0.07142857142857142,0.019480519480519487
B0822WCRPX,"1800 Fitted Sheet 21"" Deep",Full,White,21.97,0.0,18,16,1,0,0.05555555555555555,0.0,0.05555555555555555
B0822T5GM8,"1800 Fitted Sheet 21"" Deep",Full,Light Gray,21.97,21.97,7,6,1,1,0.14285714285714285,0.16666666666666666,-0.023809523809523808
B08TRPNC1C,1800 Fitted Sheet,King,Teal,21.97,0.0,9,10,1,0,0.1111111111111111,0.0,0.1111111111111111
B08TRQBMZD,1800 Fitted Sheet,California King,Golden Ivory,21.97,0.0,4,3,1,0,0.25,0.0,0.25
B01ES3NOPM,1800 Fitted Sheet,King,Coral,21.97,0.0,8,8,1,0,0.125,0.0,0.125
B08TRR95RM,1800 Fitted Sheet,King,Sage,21.97,0.0,15,20,2,0,0.13333333333333333,0.0,0.13333333333333333
B0822VY3C6,"1800 Fitted Sheet 21"" Deep",Full,Beige,21.97,0.0,16,18,1,0,0.0625,0.0,0.0625
B01ES3OK9G,1800 Fitted Sheet,California King,Light Gray,21.97,0.0,7,5,1,0,0.14285714285714285,0.0,0.14285714285714285
B01ES3NA74,1800 Fitted Sheet,King,Light Gray,21.97,21.97,19,23,1,1,0.05263157894736842,0.043478260869565216,0.009153318077803202
B01ES3MYUS,1800 Fitted Sheet,King,Aqua,21.97,0.0,12,12,1,0,0.08333333333333333,0.0,0.08333333333333333
B01ES3O2HQ,1800 Fitted Sheet,California King,Beige,21.97,0.0,8,6,1,0,0.125,0.0,0.125
B01ES3OAJQ,1800 Fitted Sheet,California King,Aqua,21.97,21.97,4,4,1,1,0.25,0.25,0.0
B0822YQTX5,1800 Bedskirt,Queen,Gray,20.97,20.97,20,18,1,1,0.05,0.05555555555555555,-0.00555555555555555
B01ETTIJO6,1800 Flat Sheet,California King,Coral,19.97,19.97,12,8,1,1,0.08333333333333333,0.125,-0.04166666666666667
B08TRSWRFS,1800 Flat Sheet,California King,Teal,19.97,0.0,4,4,1,0,0.25,0.0,0.25
B01ES3LPWG,1800 Fitted Sheet,Queen,Brick Red,19.97,0.0,18,11,1,0,0.05555555555555555,0.0,0.05555555555555555
B01ETTHTP6,1800 Flat Sheet,California King,Brown,19.97,19.97,3,1,1,1,0.3333333333333333,1.0,-0.6666666666666667
B01ETTHEGU,1800 Flat Sheet,California King,Navy Blue,19.97,0.0,8,2,1,0,0.125,0.0,0.125
B0822YWR51,1800 Bedskirt,Full,Black,19.97,0.0,2,5,1,0,0.5,0.0,0.5
B01ETTFY9O,1800 Flat Sheet,King,Aqua,19.97,19.97,3,8,1,1,0.3333333333333333,0.125,0.20833333333333331
B01ETTILRG,1800 Flat Sheet,California King,Emerald Green,19.97,0.0,6,5,1,0,0.16666666666666666,0.0,0.16666666666666666
B0822Z48C9,1800 Bedskirt,Full,Royal Blue,19.97,19.97,11,6,1,1,0.09090909090909091,0.16666666666666666,-0.07575757575757575
B01ETTHAAA,1800 Flat Sheet,California King,Gray,19.97,0.0,6,7,1,0,0.16666666666666666,0.0,0.16666666666666666
B0822ZGPDG,1800 Bedskirt,Twin XL,Spa Blue,19.97,0.0,11,16,1,0,0.09090909090909091,0.0,0.09090909090909091
B01ETTG7S6,1800 Flat Sheet,King,Purple,19.97,0.0,8,5,1,0,0.125,0.0,0.125
B0822YM74W,1800 Bedskirt,Twin,Black,19.97,19.97,4,8,1,1,0.25,0.125,0.125
B01ETTFS0E,1800 Flat Sheet,King,Navy Blue,19.97,0.0,7,3,1,0,0.14285714285714285,0.0,0.14285714285714285
B01ETTHM8K,1800 Flat Sheet,California King,Aqua,19.97,0.0,9,2,1,0,0.1111111111111111,0.0,0.1111111111111111
B01ES3LL4I,1800 Fitted Sheet,Queen,Brown,19.97,39.94,12,7,1,2,0.08333333333333333,0.2857142857142857,-0.20238095238095238
B01ETTGDOO,1800 Flat Sheet,King,Lavender,19.97,19.97,12,5,1,1,0.08333333333333333,0.2,-0.11666666666666668
B01ETTGAC4,1800 Flat Sheet,King,Light Gray,19.97,19.97,7,14,1,1,0.14285714285714285,0.07142857142857142,0.07142857142857142
B01ES3LXTQ,1800 Fitted Sheet,Queen,Lavender,19.97,0.0,12,23,1,0,0.08333333333333333,0.0,0.08333333333333333
B01ES3L7FG,1800 Fitted Sheet,Queen,Gray,19.97,59.91,23,20,1,3,0.043478260869565216,0.15,-0.10652173913043478
B01ETTGPYC,1800 Flat Sheet,King,Coral,19.97,0.0,5,6,1,0,0.2,0.0,0.2
B08TRRS9DS,1800 Flat Sheet,Queen,Sage,18.97,0.0,11,29,1,0,0.09090909090909091,0.0,0.09090909090909091
B01ES3OCD0,1800 Fitted Sheet,Full,Purple,18.97,0.0,1,3,1,0,1.0,0.0,1.0
B0892NS1YD,1800 Fitted Sheet,Full,Spa Blue,18.97,0.0,6,6,1,0,0.16666666666666666,0.0,0.16666666666666666
B01ES3O5RI,1800 Fitted Sheet,Full,Aqua,18.97,0.0,7,3,1,0,0.14285714285714285,0.0,0.14285714285714285
B01ES3LKR6,1800 Fitted Sheet,Twin,Gold,18.97,0.0,7,7,1,0,0.14285714285714285,0.0,0.14285714285714285
B01ETTEJL8,1800 Flat Sheet,Queen,Lavender,18.97,0.0,7,6,1,0,0.14285714285714285,0.0,0.14285714285714285
B01ES3MCM8,1800 Fitted Sheet,Twin,Pink,18.97,0.0,12,18,1,0,0.08333333333333333,0.0,0.08333333333333333
B01ES3OFDM,1800 Fitted Sheet,Full,Light Gray,18.97,56.91,11,12,1,3,0.09090909090909091,0.25,-0.1590909090909091
B08TRSP8L3,1800 Fitted Sheet,Twin,Sage,18.97,0.0,5,9,1,0,0.2,0.0,0.2
B01ES3O0Y6,1800 Fitted Sheet,Full,Navy Blue,18.97,37.94,7,10,1,3,0.14285714285714285,0.3,-0.15714285714285714
B01ES3L9AO,1800 Fitted Sheet,Twin,Gray,18.97,18.97,10,7,1,1,0.1,0.14285714285714285,-0.042857142857142844
B01ES3LH2Y,1800 Fitted Sheet,Twin,Aqua,18.97,18.97,11,10,1,1,0.09090909090909091,0.1,-0.009090909090909094
B01ETTDZY0,1800 Flat Sheet,Queen,Aqua,18.97,0.0,6,11,1,0,0.16666666666666666,0.0,0.16666666666666666
B01ETTDUK4,1800 Flat Sheet,Queen,Beige,18.97,0.0,7,7,1,0,0.14285714285714285,0.0,0.14285714285714285
B08TRQ3JS8,1800 Fitted Sheet,Twin XL,Golden Ivory,18.97,0.0,12,5,1,0,0.08333333333333333,0.0,0.08333333333333333
B01ES3LMEM,1800 Fitted Sheet,Twin,Brown,18.97,18.97,2,4,1,1,0.5,0.25,0.25
B07YYCT5BS,Silk Pillowcase,"Standard 20"" X 26""","Black, White Piping",18.48,0.0,10,8,1,0,0.1,0.0,0.1
B01ETTIBNK,1800 Flat Sheet,Full,Black,17.97,0.0,8,8,1,0,0.125,0.0,0.125
B00RKHX0LC,1800 Pillowcase Set 2 pc,Set of 2 Standard Size,Purple,17.97,35.94,10,10,1,2,0.1,0.2,-0.1
B010LB03E0,1800 Pillowcase Set 2 pc,Set of 2 King Size,Striped Gray/Silver,17.97,17.97,4,8,1,1,0.25,0.125,0.125
B0892NX26C,1800 Flat Sheet,Full,Spa Blue,17.97,0.0,13,10,1,0,0.07692307692307693,0.0,0.07692307692307693
B0CNRZM2G6,1800 Pillowcase Set 2 pc,Set of 2 King Size,Sky Blue,17.97,35.94,11,13,1,2,0.09090909090909091,0.15384615384615385,-0.06293706293706294
B01ETTIP72,1800 Flat Sheet,Full,Blue Hydrangea,17.97,17.97,16,12,1,1,0.0625,0.08333333333333333,-0.02083333333333333
B0CNWHMBHP,1800 Pillowcase Set 2 pc,Set of 2 Standard Size,Burgundy,17.97,71.88,10,12,1,4,0.1,0.3333333333333333,-0.2333333333333333
B010LAZSLY,1800 Pillowcase Set 2 pc,Set of 2 Standard Size,Striped Beige,17.97,0.0,8,8,1,0,0.125,0.0,0.125
B01DN0BGAG,1800 Pillowcase Set 2 pc,Set of 2 King Size,Pink,17.97,17.97,9,15,1,1,0.1111111111111111,0.06666666666666667,0.04444444444444444
B0CNRYR2PJ,1800 Pillowcase Set 2 pc,Set of 2 Standard Size,Poppy Orange,17.97,71.88,20,16,1,4,0.05,0.25,-0.2
B09SQFZWQ1,1800 Pillowcase Set 2 pc,Set of 2 Standard Size,Madison Blue,17.97,0.0,18,19,1,0,0.05555555555555555,0.0,0.05555555555555555
B01ETTFLPG,1800 Flat Sheet,Twin XL,Gray,16.97,50.91,4,9,1,3,0.25,0.3333333333333333,-0.08333333333333331
B01ETTG2U4,1800 Flat Sheet,Twin XL,Purple,16.97,0.0,6,1,1,0,0.16666666666666666,0.0,0.16666666666666666
B08TRRGL9M,1800 Flat Sheet,Twin XL,Sage,16.97,16.97,5,8,1,1,0.2,0.125,0.07500000000000001
B01ETTF3NQ,1800 Flat Sheet,Twin,Emerald Green,15.97,0.0,4,2,1,0,0.25,0.0,0.25
B08L6SJXTL,1800 Pillowcase Set 2 pc,1 Pillowcase Body,Blue Hydrangea,14.97,14.97,24,14,1,1,0.041666666666666664,0.07142857142857142,-0.02976190476190476
B010LB05D4,1800 Pillowcase Set 2 pc,Set of 2 King Size,Striped Light Blue,13.48,13.48,3,4,1,1,0.3333333333333333,0.25,0.08333333333333331
B01ES3LD14,1800 Fitted Sheet,Twin,Mocha,9.48,0.0,8,9,1,0,0.125,0.0,0.125
B01ES3MUXO,1800 Fitted Sheet,Twin XL,Violet,0.0,18.97,9,5,0,1,0.0,0.2,-0.2
B0BNNZMJCR,Bundles,Queen,Colorful,0.0,0.0,0,1,0,0,,0.0,
B08TRT459D,1800 Flat Sheet,Twin XL,Teal,0.0,33.94,1,6,0,2,0.0,0.3333333333333333,-0.3333333333333333
B08TRTD7SM,1800 Flat Sheet,Full,Golden Ivory,0.0,0.0,1,6,0,0,0.0,0.0,0.0
B01MXYFPYY,Cotton Flannel Sheet Set 160GSM,King,Navy,0.0,0.0,3,7,0,0,0.0,0.0,0.0
B0BXTDKB99,Microfiber Pillow Covers w/zipper,20x20,Coverlet Light Gray,0.0,0.0,1,3,0,0,0.0,0.0,0.0
B07YYCN2R6,Silk Pillowcase,"Queen 20"" X 30""",White,0.0,0.0,14,8,0,0,0.0,0.0,0.0
B01ES3OF78,1800 Fitted Sheet,California King,Brown,0.0,0.0,1,2,0,0,0.0,0.0,0.0
B0CNWG1SXZ,1800 Pillowcase Set 2 pc,Set of 2 King Size,Taupe,0.0,53.91,6,5,0,3,0.0,0.6,-0.6
B0CYCQ94HT,1800 Bed Sheet Set 6 PC With DEEP Fitted Sheet,Full,Black,0.0,0.0,4,2,0,0,0.0,0.0,0.0
B08TRR3MVX,1800 Flat Sheet,Twin XL,Blush Pink,0.0,33.94,15,20,0,2,0.0,0.1,-0.1
B09NQG1H1K,Bundles,BUNDLE,White,0.0,0.0,5,4,0,0,0.0,0.0,0.0
B0822YDZBM,1800 Pillowcase Set 4 pc,King,Brick Red,0.0,0.0,2,4,0,0,0.0,0.0,0.0
B0B9ZV7Z4J,Faux Leather Pillow Cover,18x18 Throw 2 Pack,Brown,0.0,0.0,10,5,0,0,0.0,0.0,0.0
B0CYCQC5JR,1800 Bed Sheet Set 6 PC With DEEP Fitted Sheet,Full,Navy Blue,0.0,0.0,1,9,0,0,0.0,0.0,0.0
B09JB1HWPF,Bundles,BUNDLE,White,0.0,0.0,0,3,0,0,,0.0,
B0CYCPDP31,1800 Bed Sheet Set 6 PC With DEEP Fitted Sheet,California King,Gray,0.0,0.0,2,6,0,0,0.0,0.0,0.0
B0892NN6XL,1800 Flat Sheet,California King,Spa Blue,0.0,0.0,7,1,0,0,0.0,0.0,0.0
B08NPT4KJ4,400TC Cotton Sheet Set,King,Burgundy,0.0,0.0,4,3,0,0,0.0,0.0,0.0
B08TRRBKDT,1800 Flat Sheet,Queen,Golden Ivory,0.0,0.0,4,5,0,0,0.0,0.0,0.0
B098PCK3R7,Velvet Ultrasonic Coverlet,Full-Queen,Blush Pink,0.0,0.0,14,13,0,0,0.0,0.0,0.0
B0CYCQBH77,1800 Bed Sheet Set 6 PC With DEEP Fitted Sheet,King,Sky Blue,0.0,0.0,14,16,0,0,0.0,0.0,0.0
B07YYC671Z,Silk Pillowcase,"Throw 18"" X 18""",Pink,0.0,0.0,3,6,0,0,0.0,0.0,0.0
B0822YMRLF,1800 Bedskirt,Twin,Gray,0.0,39.94,1,3,0,2,0.0,0.6666666666666666,-0.6666666666666666
B0CYCRQ87P,1800 Bed Sheet Set 6 PC With DEEP Fitted Sheet,Full,Spa Blue,0.0,0.0,9,8,0,0,0.0,0.0,0.0
B07X2SKBTX,Cotton Flannel Sheet Set 160GSM,California King,Pink,0.0,0.0,2,2,0,0,0.0,0.0,0.0
B08NPTCFMC,400TC Cotton Sheet Set,Full,Ivory,0.0,0.0,3,8,0,0,0.0,0.0,0.0
B01ES3OIJ8,1800 Fitted Sheet,California King,Brick Red,0.0,0.0,2,4,0,0,0.0,0.0,0.0
B09QL94W51,Bundles,Queen,Gray,0.0,0.0,1,1,0,0,0.0,0.0,0.0
B08D111DYP,"1800 Fitted Sheet 21"" Deep",Twin XL,Brown,0.0,0.0,2,5,0,0,0.0,0.0,0.0
B01ETTFUGQ,1800 Flat Sheet,Twin XL,Aqua,0.0,0.0,4,7,0,0,0.0,0.0,0.0
B0CJ9W1W39,Bundles,Queen,Gray,0.0,0.0,2,3,0,0,0.0,0.0,0.0
B0822X4J7R,1800 Bed Sheet Set With DEEP Fitted Sheet,Split King,Brick Red,0.0,0.0,5,15,0,0,0.0,0.0,0.0
B01N6H23WO,Cotton Flannel Sheet Set 160GSM,Twin,Sage,0.0,43.97,6,9,0,1,0.0,0.1111111111111111,-0.1111111111111111
B01ES3OGYA,1800 Fitted Sheet,California King,Purple,0.0,0.0,2,1,0,0,0.0,0.0,0.0
B07X2SKX7B,Cotton Flannel Sheet Set 160GSM,Full,Light Blue Plaid,0.0,0.0,4,12,0,0,0.0,0.0,0.0
B08NPRB59K,400TC Cotton Sheet Set,Twin XL,Ivory,0.0,0.0,2,2,0,0,0.0,0.0,0.0
B01ES3OWQM,1800 Fitted Sheet,Full,Persimmon,0.0,0.0,7,8,0,0,0.0,0.0,0.0
B08NPNZFWB,400TC Cotton Sheet Set,Twin,Navy,0.0,74.96,7,2,0,2,0.0,1.0,-1.0
B0CYCQPWXR,1800 Bed Sheet Set 6 PC With DEEP Fitted Sheet,California King,Spa Blue,0.0,0.0,6,2,0,0,0.0,0.0,0.0
B01ES3N61Y,1800 Fitted Sheet,Twin XL,Black,0.0,0.0,5,6,0,0,0.0,0.0,0.0
B07YYM3KHM,Cotton Flannel Sheet Set 160GSM,Full,Burgundy,0.0,49.97,19,25,0,1,0.0,0.04,-0.04
B07J3SXSLT,Cotton Flannel Sheet Set 180GSM,King,Gray,0.0,0.0,26,24,0,0,0.0,0.0,0.0
B0GHK4B6LH,Bundles_virtual,Full,White,0.0,0.0,288,264,0,0,0.0,0.0,0.0
B08D11YSHS,"1800 Fitted Sheet 21"" Deep",Queen,Emerald Green,0.0,0.0,10,20,0,0,0.0,0.0,0.0
B0BTZ6DW43,1800 Bed Sheet Set 6 PIECE,Split King,Blue Hydrangea,0.0,57.97,19,12,0,1,0.0,0.08333333333333333,-0.08333333333333333
B09JB6BSCY,Bundles,BUNDLE,Gray,0.0,0.0,0,3,0,0,,0.0,
B0BTZ6FYXD,1800 Bed Sheet Set 6 PIECE,California King,Sage,0.0,54.97,5,3,0,1,0.0,0.3333333333333333,-0.3333333333333333
B01ES3MWTQ,1800 Fitted Sheet,Twin XL,Gold,0.0,0.0,7,5,0,0,0.0,0.0,0.0
B095KKH6MN,1800 Ultrasonic Coverlet,Twin,Paloma Beige,0.0,0.0,51,47,0,0,0.0,0.0,0.0
B09P1VDYCX,Bundles,BUNDLE,White,0.0,0.0,16,14,0,0,0.0,0.0,0.0
B0B5HTGS75,1800 Duvet Cover Set,Oversized Queen,Black,0.0,0.0,4,0,0,0,0.0,,
B016P433QC,1800 Bed Sheets,Twin XL,Royal Blue,0.0,69.94,57,69,0,2,0.0,0.028985507246376812,-0.028985507246376812
B09P1TQHWY,Bundles,BUNDLE,White,0.0,0.0,4,14,0,0,0.0,0.0,0.0
B08V92PDJ4,1800 Bed Sheets,RV / Short Queen,Gray,0.0,69.94,17,36,0,2,0.0,0.05555555555555555,-0.05555555555555555
B0CNRX8QBD,1800 Bed Sheets,Split King,Sky Blue,0.0,46.97,0,33,0,1,,0.030303030303030304,
B0822W781G,"1800 Fitted Sheet 21"" Deep",Twin,Royal Blue,0.0,0.0,27,33,0,0,0.0,0.0,0.0
B01ES3NWY0,1800 Fitted Sheet,King,Spa Mint,0.0,87.88,28,24,0,4,0.0,0.16666666666666666,-0.16666666666666666
B0GGVC7Q3M,Bundles_virtual,Standard,White,0.0,0.0,13,20,0,0,0.0,0.0,0.0
B0CNRXRWGJ,1800 Bed Sheets,RV / Short Queen,Pistachio,0.0,69.94,40,48,0,2,0.0,0.041666666666666664,-0.041666666666666664
B01DN09Z7M,1800 Bed Sheets,Twin,Coral,0.0,244.79,40,61,0,7,0.0,0.11475409836065574,-0.11475409836065574
B08CZZTNBQ,"1800 Fitted Sheet 21"" Deep",Queen,Spa Mint,0.0,23.97,19,36,0,1,0.0,0.027777777777777776,-0.027777777777777776
B08BZVYQ99,1800 Bed Sheet Set With DEEP Fitted Sheet,Split King,Emerald Green,0.0,0.0,23,21,0,0,0.0,0.0,0.0
B0822VYT3Z,1800 Pillow Shams 2 piece,Standard,Beige,0.0,14.97,0,4,0,1,,0.25,
B0BTZ6JY57,1800 Bed Sheet Set 6 PIECE,Full,Golden Ivory,0.0,0.0,13,22,0,0,0.0,0.0,0.0
B07X4WY7QZ,Cotton Flannel Sheet Set 180GSM,Twin,Floral Feathers,0.0,0.0,32,38,0,0,0.0,0.0,0.0
B07YYLQFGB,Cotton Flannel Sheet Set 160GSM,California King,Blue,0.0,121.94,8,19,0,2,0.0,0.10526315789473684,-0.10526315789473684
B0BTZ5X2MF,1800 Bed Sheet Set 6 PIECE,King,Blush Pink,0.0,0.0,20,25,0,0,0.0,0.0,0.0
B01MQ4LRDY,Cotton Flannel Sheet Set 160GSM,Queen,Gray,0.0,0.0,14,18,0,0,0.0,0.0,0.0
B08NPTZDTJ,400TC Cotton Sheet Set,Twin,Denim Blue,0.0,49.97,11,6,0,1,0.0,0.16666666666666666,-0.16666666666666666
B0822XTZ9H,1800 Bed Sheet Set With DEEP Fitted Sheet,Full,Royal Blue,0.0,91.94,23,30,0,2,0.0,0.06666666666666667,-0.06666666666666667
B01ES3OIE8,1800 Fitted Sheet,Full,Lavender,0.0,0.0,7,11,0,0,0.0,0.0,0.0
B08NPN1ZQR,400TC Cotton Sheet Set,Queen,Gray,0.0,0.0,6,10,0,0,0.0,0.0,0.0
B01ES3N286,1800 Fitted Sheet,Twin XL,Brick Red,0.0,0.0,8,5,0,0,0.0,0.0,0.0
B01ETTETZE,1800 Flat Sheet,Queen,Blue Hydrangea,0.0,18.97,14,45,0,1,0.0,0.022222222222222223,-0.022222222222222223
B0BTZ2SYMM,1800 Bed Sheet Set 6 PIECE,Full,Lavender,0.0,0.0,17,9,0,0,0.0,0.0,0.0
B07WZP1ZLN,Cotton Flannel Sheet Set 160GSM,Full,Pink,0.0,49.97,5,7,0,1,0.0,0.14285714285714285,-0.14285714285714285
B010LB01OM,1800 Pillowcase Set 2 pc,Set of 2 King Size,Striped Beige,0.0,0.0,2,6,0,0,0.0,0.0,0.0
B01NCLWHO4,Cotton Flannel Sheet Set 160GSM,California King,Navy,0.0,0.0,5,6,0,0,0.0,0.0,0.0
B07YY9Z2JF,Silk Pillowcase,"Standard 20"" X 26""",Pink,0.0,0.0,6,7,0,0,0.0,0.0,0.0
B0BNNZKFVC,Bundles,Twin XL,Colorful,0.0,0.0,0,1,0,0,,0.0,
B0822V9KTM,"1800 Fitted Sheet 21"" Deep",California King,Light Gray,0.0,0.0,8,4,0,0,0.0,0.0,0.0
B0CLYBGP2S,1800 Bed Sheets,Twin,Taupe,0.0,69.94,20,15,0,2,0.0,0.13333333333333333,-0.13333333333333333
B097YX3GR4,Cotton Flannel Sheet Set 180GSM,Twin XL,Gray Animal,0.0,0.0,4,11,0,0,0.0,0.0,0.0
B08NPY95PW,400TC Cotton Sheet Set,California King,Green,0.0,0.0,0,4,0,0,,0.0,
B0DGQTCZ9Q,1800 Bed Sheets,Split King,Charcoal,0.0,0.0,6,1,0,0,0.0,0.0,0.0
B08TRSQYPJ,1800 Flat Sheet,Twin,Golden Ivory,0.0,0.0,10,15,0,0,0.0,0.0,0.0
B08NPRPVTT,400TC Cotton Sheet Set,Twin XL,Navy,0.0,0.0,0,2,0,0,,0.0,
B01ETTED6E,1800 Flat Sheet,Queen,Brick Red,0.0,0.0,7,5,0,0,0.0,0.0,0.0
B0822W9Z31,1800 Pillow Shams 2 piece,King,Black,0.0,0.0,5,7,0,0,0.0,0.0,0.0
B0BTZ3PP1J,1800 Bed Sheet Set 6 PIECE,Split King,Emerald Green,0.0,0.0,6,7,0,0,0.0,0.0,0.0
B0BTZ4YX76,1800 Bed Sheet Set 6 PIECE,Twin XL,Aqua,0.0,0.0,15,8,0,0,0.0,0.0,0.0
B08NPKCWCT,400TC Cotton Sheet Set,California King,Light Blue,0.0,0.0,4,7,0,0,0.0,0.0,0.0
B09PBQYRGB,Bundles,BUNDLE,Gray,0.0,0.0,0,1,0,0,,0.0,
B08NPZPH8L,400TC Cotton Sheet Set,Twin,Gray,0.0,0.0,5,2,0,0,0.0,0.0,0.0
B01ES3OAN2,1800 Fitted Sheet,Full,Brown,0.0,0.0,3,2,0,0,0.0,0.0,0.0
B08TRRBZSQ,1800 Fitted Sheet,Twin,Blush Pink,0.0,37.94,10,14,0,2,0.0,0.14285714285714285,-0.14285714285714285
B08L432CN1,Silk Pillowcase,"King 20"" X 36""",Peacock Blue,0.0,0.0,3,5,0,0,0.0,0.0,0.0
B08CZZFFVX,"1800 Fitted Sheet 21"" Deep",King,Emerald Green,0.0,0.0,5,14,0,0,0.0,0.0,0.0
B01ES3LOBI,1800 Fitted Sheet,Twin,Purple,0.0,0.0,2,1,0,0,0.0,0.0,0.0
B07YYC3R65,Silk Pillowcase,"Throw 18"" X 18""",Gold,0.0,0.0,6,7,0,0,0.0,0.0,0.0
B07WZNZTMM,Cotton Flannel Sheet Set 160GSM,King,Light Blue Plaid,0.0,0.0,14,5,0,0,0.0,0.0,0.0
B0BTZ86L2X,1800 Bed Sheet Set 6 PIECE,Twin XL,Gray,0.0,37.97,10,6,0,1,0.0,0.16666666666666666,-0.16666666666666666
B08TRQ3PGB,1800 Fitted Sheet,Twin,Teal,0.0,18.97,3,6,0,1,0.0,0.16666666666666666,-0.16666666666666666
B01ETTGSFI,1800 Flat Sheet,King,Emerald Green,0.0,199.7,6,11,0,14,0.0,1.2727272727272727,-1.2727272727272727
B01ES3M318,1800 Fitted Sheet,Twin,Blue Hydrangea,0.0,0.0,10,13,0,0,0.0,0.0,0.0
B08NPKL1TC,400TC Cotton Sheet Set,Queen,Green,0.0,0.0,4,6,0,0,0.0,0.0,0.0
B07J3XBXCW,Cotton Flannel Sheet Set 180GSM,Full,White,0.0,0.0,6,4,0,0,0.0,0.0,0.0
B0CNWH9YHL,1800 Pillowcase Set 2 pc,Set of 2 Standard Size,Taupe,0.0,35.94,2,6,0,2,0.0,0.3333333333333333,-0.3333333333333333
B0BTZ7KXB3,1800 Bed Sheet Set 6 PIECE,Twin,Aqua,0.0,0.0,4,3,0,0,0.0,0.0,0.0
B09K7NWF3H,Bundles,BUNDLE,Light Gray,0.0,0.0,2,2,0,0,0.0,0.0,0.0
B0BNNZW4BT,Bundles,Queen,Colorful,0.0,0.0,0,2,0,0,,0.0,
B0BMWHNQVN,Bundles,Full,Lavender/White,0.0,0.0,3,1,0,0,0.0,0.0,0.0
B08NPP9P15,400TC Cotton Sheet Set,Twin XL,White,0.0,0.0,5,3,0,0,0.0,0.0,0.0
B0BNP1CLD6,Bundles,Twin,Colorful,0.0,0.0,1,0,0,0,0.0,,
B0822W17N1,1800 Pillow Shams 2 piece,Standard,Black,0.0,0.0,2,6,0,0,0.0,0.0,0.0
B09ZPYV1KB,Bundles,Queen,Black,0.0,0.0,0,1,0,0,,0.0,
B01ES3L76K,1800 Fitted Sheet,Twin,Beige,0.0,18.97,0,1,0,1,,1.0,
B0DN2G9G7L,Bundles,King,Gray,0.0,0.0,2,0,0,0,0.0,,
B0D35SS1FB,Unmapped,—,—,0.0,0.0,1,0,0,0,0.0,,
B0H8DHC5NK,Unmapped,—,—,0.0,0.0,1,0,0,0,0.0,,
B0BTZ6C597,1800 Bed Sheet Set 6 PIECE,Queen,Emerald Green,0.0,131.91,20,23,0,3,0.0,0.13043478260869565,-0.13043478260869565
B0CCJYK3VX,Unmapped,—,—,0.0,0.0,2,0,0,0,0.0,,
B081K6V8GD,Cotton Flannel Sheet Set 160GSM,California King,Sage,0.0,60.97,7,5,0,1,0.0,0.2,-0.2
B07WZP4STM,Cotton Flannel Sheet Set 180GSM,Queen,Navy,0.0,235.88,30,49,0,4,0.0,0.08163265306122448,-0.08163265306122448
B0B9YRWFGJ,Faux Leather Pillow Cover,18x18 Throw 1 Pack,Brown,0.0,0.0,4,1,0,0,0.0,0.0,0.0
B0822XCR7V,1800 Pillowcase Set 4 pc,Standard,Brick Red,0.0,0.0,0,6,0,0,,0.0,
B01ETTI9UA,1800 Flat Sheet,Full,Light Gray,0.0,17.97,6,6,0,1,0.0,0.16666666666666666,-0.16666666666666666
B0BTZ5617G,1800 Bed Sheet Set 6 PIECE,Queen,Blush Pink,0.0,131.91,44,47,0,3,0.0,0.06382978723404255,-0.06382978723404255
B0CYCS32SP,1800 Bed Sheet Set 6 PC With DEEP Fitted Sheet,King,Spa Blue,0.0,176.91,22,17,0,3,0.0,0.17647058823529413,-0.17647058823529413
B0D7J7G354,1800 Bed Sheet Set 6 PC With DEEP Fitted Sheet,California King,Beige,0.0,0.0,4,10,0,0,0.0,0.0,0.0
B08CZYQC9Y,1800 Bed Sheet Set With DEEP Fitted Sheet,California King,Purple,0.0,207.88,18,20,0,4,0.0,0.2,-0.2
B08TRQQR3C,1800 Fitted Sheet,Twin,Golden Ivory,0.0,0.0,8,6,0,1,0.0,0.16666666666666666,-0.16666666666666666
B0DGQPH1CB,1800 Bed Sheets,Split King,Oxford Stripe Blue Nova,0.0,93.94,26,30,0,2,0.0,0.06666666666666667,-0.06666666666666667
B08NPRNYVK,400TC Cotton Sheet Set,King,Beige,0.0,0.0,7,2,0,0,0.0,0.0,0.0
B01N4E72H6,Cotton Flannel Sheet Set 160GSM,California King,Blue/Gray Snowflakes,0.0,0.0,6,3,0,0,0.0,0.0,0.0
B0822X5BGN,1800 Bed Sheet Set With DEEP Fitted Sheet,California King,Navy Blue,0.0,51.97,19,30,0,1,0.0,0.03333333333333333,-0.03333333333333333
B0BTZ7DKCD,1800 Bed Sheet Set 6 PIECE,Split King,Yellow,0.0,0.0,5,5,0,0,0.0,0.0,0.0
B0BNP232MY,Bundles,California King,Colorful,0.0,0.0,0,1,0,0,,0.0,
B0BTZ6993F,1800 Bed Sheet Set 6 PIECE,Twin,Yellow,0.0,0.0,3,2,0,0,0.0,0.0,0.0
B01N2U4UA3,Cotton Flannel Sheet Set 160GSM,King,Burgundy,0.0,58.97,10,8,0,1,0.0,0.125,-0.125
B07J3TFC6H,Cotton Flannel Sheet Set 180GSM,California King,White,0.0,69.97,0,10,0,1,,0.1,
B08NPQFHBK,400TC Cotton Sheet Set,Twin XL,Gray,0.0,0.0,6,3,0,0,0.0,0.0,0.0
B07J3QQ1QR,Cotton Flannel Sheet Set 180GSM,Full,Gray,0.0,52.97,8,5,0,1,0.0,0.2,-0.2
B0CYCPFWQL,1800 Bed Sheet Set 6 PC With DEEP Fitted Sheet,King,Blue Hydrangea,0.0,0.0,13,12,0,0,0.0,0.0,0.0
B0CNRYSG8F,1800 Pillowcase Set 2 pc,Set of 2 Standard Size,Terracotta,0.0,35.94,15,14,0,2,0.0,0.14285714285714285,-0.14285714285714285
B0CYCP8Q5H,1800 Bed Sheet Set 6 PC With DEEP Fitted Sheet,Full,Ivory,0.0,0.0,17,14,0,0,0.0,0.0,0.0
B0822YRN5P,1800 Pillowcase Set 4 pc,King,Beige,0.0,0.0,11,7,0,0,0.0,0.0,0.0
B08NPT2QQ4,400TC Cotton Sheet Set,Twin,Light Blue,0.0,0.0,5,6,0,0,0.0,0.0,0.0
B08NPV51XW,400TC Cotton Sheet Set,California King,Navy,0.0,0.0,1,2,0,0,0.0,0.0,0.0
B01ES3N0M4,1800 Fitted Sheet,King,Violet,0.0,0.0,4,2,0,0,0.0,0.0,0.0
B07YYL62HZ,Cotton Flannel Sheet Set 160GSM,Twin,Gray,0.0,131.91,6,9,0,3,0.0,0.3333333333333333,-0.3333333333333333
B08D119XFS,"1800 Fitted Sheet 21"" Deep",King,Aqua,0.0,77.91,9,19,0,3,0.0,0.15789473684210525,-0.15789473684210525
B0BTZ6FX8J,1800 Bed Sheet Set 6 PIECE,California King,Coral,0.0,0.0,3,6,0,0,0.0,0.0,0.0
B0CJ9WJCQW,Bundles,King,White,0.0,0.0,1,6,0,0,0.0,0.0,0.0
B07WZP1HM4,Cotton Flannel Sheet Set 160GSM,Twin,Pink,0.0,0.0,5,9,0,0,0.0,0.0,0.0
B0BTZ5JV9H,1800 Bed Sheet Set 6 PIECE,California King,Aqua,0.0,54.97,3,3,0,1,0.0,0.3333333333333333,-0.3333333333333333
B08NPSG4YB,400TC Cotton Sheet Set,Queen,Light Blue,0.0,0.0,2,1,0,0,0.0,0.0,0.0
B0H6XN2CRL,Unmapped,—,—,0.0,0.0,1,4,0,0,0.0,0.0,0.0
B08D11NY4C,"1800 Fitted Sheet 21"" Deep",Queen,Brown,0.0,0.0,31,77,0,0,0.0,0.0,0.0
B0CYCPMZ75,1800 Bed Sheet Set 6 PC With DEEP Fitted Sheet,Queen,Emerald Green,0.0,0.0,9,26,0,0,0.0,0.0,0.0
B0BTZ6XJMT,1800 Bed Sheet Set 6 PIECE,Queen,Lavender,0.0,131.91,34,47,0,3,0.0,0.06382978723404255,-0.06382978723404255
B01ES3N9GQ,1800 Fitted Sheet,Twin XL,Tan,0.0,0.0,9,12,0,0,0.0,0.0,0.0
B01ES3NGTQ,1800 Fitted Sheet,Twin XL,Blue Hydrangea,0.0,0.0,2,13,0,0,0.0,0.0,0.0
B0822TWJ26,1800 Pillow Shams 2 piece,King,Gray,0.0,0.0,11,10,0,0,0.0,0.0,0.0
B01ES3ORXU,1800 Fitted Sheet,Full,Coral,0.0,18.97,3,6,0,1,0.0,0.16666666666666666,-0.16666666666666666
B01ES3NEQQ,1800 Fitted Sheet,King,Lavender,0.0,0.0,9,9,0,0,0.0,0.0,0.0
B0BTZ4Q11V,1800 Bed Sheet Set 6 PIECE,Twin,Coral,0.0,0.0,7,5,0,0,0.0,0.0,0.0
B0822VQ53G,1800 Pillow Shams 2 piece,King,Navy Blue,0.0,0.0,3,11,0,0,0.0,0.0,0.0
B01ES3MA0W,1800 Fitted Sheet,Queen,Coral,0.0,0.0,8,8,0,0,0.0,0.0,0.0
B0822WX2RK,1800 Bed Sheet Set With DEEP Fitted Sheet,Twin,Navy Blue,0.0,0.0,0,1,0,0,,0.0,
B0BTZ8LHTX,1800 Bed Sheet Set 6 PIECE,Split King,Black,0.0,0.0,2,4,0,0,0.0,0.0,0.0
B0B2Q4BMD1,1800 Bedskirt,Twin,Golden Ivory,0.0,0.0,8,10,0,0,0.0,0.0,0.0
B0CYCPQ54K,1800 Bed Sheet Set 6 PC With DEEP Fitted Sheet,Full,Aqua,0.0,0.0,3,3,0,0,0.0,0.0,0.0
B0BBMTWX36,Unmapped,—,—,0.0,0.0,1,1,0,0,0.0,0.0,0.0
B096MTK6H5,Duvet Cover Set Faux Fur,Queen,Faux Fur - Black,0.0,0.0,5,1,0,0,0.0,0.0,0.0
B0CYCPCC58,1800 Bed Sheet Set 6 PC With DEEP Fitted Sheet,California King,Tan,0.0,0.0,8,7,0,0,0.0,0.0,0.0
B0CYCR3DK3,1800 Bed Sheet Set 6 PC With DEEP Fitted Sheet,California King,Brown,0.0,0.0,5,2,0,0,0.0,0.0,0.0
B08CZYSCZ9,1800 Bed Sheet Set With DEEP Fitted Sheet,Twin,Coral,0.0,0.0,9,12,0,0,0.0,0.0,0.0
B01ES3P14Y,1800 Fitted Sheet,California King,Persimmon,0.0,0.0,4,4,0,0,0.0,0.0,0.0
B08D12145H,"1800 Fitted Sheet 21"" Deep",Twin XL,Aqua,0.0,0.0,23,19,0,0,0.0,0.0,0.0
B09QLB2PF1,Bundles,Queen,White,0.0,0.0,1,0,0,0,0.0,,
B08NPYXYHY,400TC Cotton Sheet Set,King,Light Blue,0.0,0.0,4,2,0,0,0.0,0.0,0.0
B01ETTED3M,1800 Flat Sheet,Twin,Gold,0.0,0.0,3,2,0,0,0.0,0.0,0.0
B08NPQ82QL,400TC Cotton Sheet Set,California King,Beige,0.0,0.0,0,1,0,0,,0.0,
B0BTZ96P6Q,1800 Bed Sheet Set 6 PIECE,Split King,Aqua,0.0,0.0,3,4,0,0,0.0,0.0,0.0
B0BMW5R2H2,Bundles,King,Lavender/White,0.0,0.0,0,2,0,0,,0.0,
B01MU0UYAQ,Cotton Flannel Sheet Set 160GSM,California King,Burgundy,0.0,0.0,3,2,0,0,0.0,0.0,0.0
B0CYCRC9TK,1800 Bed Sheet Set 6 PC With DEEP Fitted Sheet,California King,Blush Pink,0.0,0.0,3,4,0,0,0.0,0.0,0.0
B0BTZ5KZ8G,1800 Bed Sheet Set 6 PIECE,Split King,Gray,0.0,0.0,6,3,0,0,0.0,0.0,0.0
B07X3WN9MY,Cotton Flannel Sheet Set 180GSM,King,Navy,0.0,0.0,5,6,0,0,0.0,0.0,0.0
B01N4E6W8F,Cotton Flannel Sheet Set 160GSM,Full,White,0.0,0.0,5,4,0,0,0.0,0.0,0.0
B08NPRM8MG,400TC Cotton Sheet Set,California King,Light Gray,0.0,0.0,1,2,0,0,0.0,0.0,0.0
B08CZZWN9N,"1800 Fitted Sheet 21"" Deep",California King,Emerald Green,0.0,51.94,9,10,0,2,0.0,0.2,-0.2
B0BTZ5LJPR,1800 Bed Sheet Set 6 PIECE,Full,Beige,0.0,38.97,14,12,0,1,0.0,0.08333333333333333,-0.08333333333333333
B0BTZ6VF2T,1800 Bed Sheet Set 6 PIECE,Twin,Black,0.0,0.0,7,3,0,0,0.0,0.0,0.0
B08TRTB2DF,1800 Flat Sheet,Twin,Sage,0.0,0.0,7,6,0,0,0.0,0.0,0.0
B0CYCR7QZZ,1800 Bed Sheet Set 6 PC With DEEP Fitted Sheet,Full,Hazy Lilac,0.0,0.0,10,8,0,0,0.0,0.0,0.0
B08TRPRMH9,1800 Fitted Sheet,Queen,Teal,0.0,39.94,7,13,0,2,0.0,0.15384615384615385,-0.15384615384615385
B07J3T82SR,Cotton Flannel Sheet Set 180GSM,Twin,White,0.0,49.97,2,8,0,1,0.0,0.125,-0.125
B01ETTEBI4,1800 Flat Sheet,Queen,Purple,0.0,0.0,10,14,0,0,0.0,0.0,0.0
B099SF56G7,1800 Duvet Cover Set,Full,Black,0.0,32.97,10,6,0,1,0.0,0.16666666666666666,-0.16666666666666666
B01ES3N0BA,1800 Fitted Sheet,Twin XL,Purple,0.0,0.0,1,1,0,0,0.0,0.0,0.0
B01ETTH15O,1800 Flat Sheet,King,Spa Mint,0.0,0.0,8,9,0,0,0.0,0.0,0.0
B09PBTQ3ML,Bundles,BUNDLE,Light Gray,0.0,0.0,2,2,0,0,0.0,0.0,0.0
B08TRQ44QX,1800 Flat Sheet,California King,Blush Pink,0.0,0.0,4,3,0,0,0.0,0.0,0.0
B08D11B5DC,"1800 Fitted Sheet 21"" Deep",California King,Coral,0.0,25.97,5,8,0,1,0.0,0.125,-0.125
B01ES3OTME,1800 Fitted Sheet,Full,Emerald Green,0.0,0.0,6,11,0,0,0.0,0.0,0.0
B01ES3NNP8,1800 Fitted Sheet,Twin XL,Persimmon,0.0,0.0,3,2,0,0,0.0,0.0,0.0
B0822Z1P7N,1800 Bedskirt,Twin,Navy Blue,0.0,0.0,5,5,0,0,0.0,0.0,0.0
B0CYCQQLY9,1800 Bed Sheet Set 6 PC With DEEP Fitted Sheet,Queen,Black,0.0,0.0,2,13,0,0,0.0,0.0,0.0
B07X3VMFKQ,Cotton Flannel Sheet Set 180GSM,Full,Floral Feathers,0.0,0.0,9,5,0,0,0.0,0.0,0.0
B01ETTG60A,1800 Flat Sheet,King,Brown,0.0,0.0,5,0,0,0,0.0,,
B09P3ZMW7C,Bundles,BUNDLE,White,0.0,0.0,2,0,0,0,0.0,,
B08YP8XH4F,Ruffle Skirt Bedspread Solid,Queen,Solid Ivory,0.0,0.0,3,6,0,0,0.0,0.0,0.0
B08NPVN1G9,400TC Cotton Sheet Set,King,Gray,0.0,74.97,8,5,0,1,0.0,0.2,-0.2
B0822W3F74,1800 Bed Sheet Set With DEEP Fitted Sheet,Split King,Black,0.0,0.0,19,21,0,0,0.0,0.0,0.0
B0BTZ6C2CX,1800 Bed Sheet Set 6 PIECE,Split King,Coral,0.0,0.0,4,1,0,0,0.0,0.0,0.0
B01ETTI5LI,1800 Flat Sheet,Full,Purple,0.0,35.94,5,9,0,2,0.0,0.2222222222222222,-0.2222222222222222
B0CYCPRX95,1800 Bed Sheet Set 6 PC With DEEP Fitted Sheet,Full,Gray,0.0,44.97,5,4,0,1,0.0,0.25,-0.25
B0CYCQC3PH,1800 Bed Sheet Set 6 PC With DEEP Fitted Sheet,California King,Ivory,0.0,59.97,8,8,0,1,0.0,0.125,-0.125
B0BXTPG1HY,Microfiber Pillow Covers w/zipper,16x16,Coverlet Black,0.0,0.0,4,5,0,0,0.0,0.0,0.0
B01ETTHPUA,1800 Flat Sheet,California King,Violet,0.0,0.0,4,1,0,0,0.0,0.0,0.0
B01NCMALG3,Cotton Flannel Sheet Set 160GSM,Twin,Blue,0.0,0.0,2,13,0,0,0.0,0.0,0.0
B08TRSR2QF,1800 Flat Sheet,Queen,Blush Pink,0.0,0.0,7,8,0,0,0.0,0.0,0.0
B07J3TWWST,Cotton Flannel Sheet Set 180GSM,Twin,Gray,0.0,0.0,3,3,0,0,0.0,0.0,0.0
B0BTZ3TTFC,1800 Bed Sheet Set 6 PIECE,King,Brick Red,0.0,0.0,7,16,0,0,0.0,0.0,0.0
B01ETTIDMY,1800 Flat Sheet,Full,Lavender,0.0,17.97,7,7,0,1,0.0,0.14285714285714285,-0.14285714285714285
B0BTZ48312,1800 Bed Sheet Set 6 PIECE,California King,Blue Hydrangea,0.0,54.97,4,6,0,1,0.0,0.16666666666666666,-0.16666666666666666
B0DN2851R7,Bundles,Queen,Gray,0.0,0.0,1,1,0,0,0.0,0.0,0.0
B08XMY6LHV,1800 Duvet Cover Set Velvet Stripe,Twin,Gray,0.0,0.0,2,2,0,0,0.0,0.0,0.0
B07X1SS7N7,Cotton Flannel Sheet Set 160GSM,King,Pink,0.0,0.0,9,4,0,0,0.0,0.0,0.0
B0892PJN9C,1800 Flat Sheet,King,Spa Blue,0.0,0.0,9,6,0,0,0.0,0.0,0.0
B08NPW1N2Y,400TC Cotton Sheet Set,Full,Navy,0.0,0.0,1,0,0,0,0.0,,
B08TRSK3WJ,1800 Fitted Sheet,Twin XL,Teal,0.0,0.0,3,4,0,0,0.0,0.0,0.0
B0BMW4YJ1T,Bundles,Twin,Lavender/White,0.0,0.0,1,1,0,0,0.0,0.0,0.0
B0CYCQXPNV,1800 Bed Sheet Set 6 PC With DEEP Fitted Sheet,King,Hazy Lilac,0.0,0.0,9,13,0,0,0.0,0.0,0.0
B09PBT33DL,Bundles,BUNDLE,White,0.0,0.0,1,0,0,0,0.0,,
B07X4WRZVN,Cotton Flannel Sheet Set 180GSM,Full,Light Gray Plaid,0.0,0.0,4,7,0,0,0.0,0.0,0.0
B0CYCTJ5M7,1800 Bed Sheet Set 6 PC With DEEP Fitted Sheet,Full,Tan,0.0,0.0,8,8,0,0,0.0,0.0,0.0
B01ES3NKDS,1800 Fitted Sheet,Twin XL,Emerald Green,0.0,75.88,12,8,0,4,0.0,0.5,-0.5
B0822ZFNGJ,1800 Bedskirt,Twin XL,Light Gray,0.0,39.94,21,19,0,2,0.0,0.10526315789473684,-0.10526315789473684
B0BTZ6L68K,1800 Bed Sheet Set 6 PIECE,Split King,Brick Red,0.0,0.0,1,3,0,0,0.0,0.0,0.0
B01ES3OWTE,1800 Fitted Sheet,California King,Coral,0.0,0.0,2,1,0,0,0.0,0.0,0.0
B0DN27LTYB,Bundles,Queen,White,0.0,0.0,4,7,0,0,0.0,0.0,0.0
B0CYCQWVVL,1800 Bed Sheet Set 6 PC With DEEP Fitted Sheet,California King,Emerald Green,0.0,0.0,1,2,0,0,0.0,0.0,0.0
B01ES3MBEM,1800 Fitted Sheet,Queen,Emerald Green,0.0,19.97,14,19,0,1,0.0,0.05263157894736842,-0.05263157894736842
B01ETTE95O,1800 Flat Sheet,Twin,Aqua,0.0,0.0,7,10,0,0,0.0,0.0,0.0
B0B5HSBY5X,1800 Duvet Cover Set,Oversized King,Light Gray,0.0,95.94,11,16,0,2,0.0,0.125,-0.125
B08D12L3HQ,"1800 Fitted Sheet 21"" Deep",California King,Tan,0.0,0.0,5,5,0,0,0.0,0.0,0.0
B097YXVHZS,Duvet Cover Set Flannel,King-California King,Sage,0.0,0.0,5,4,0,0,0.0,0.0,0.0
B0822VJLK9,1800 Pillow Shams 2 piece,Standard,Brick Red,0.0,14.97,21,21,0,1,0.0,0.047619047619047616,-0.047619047619047616
B08CJ3SRSZ,1800 Ultrasonic Coverlet,Twin,Spa Mint,0.0,0.0,84,64,0,0,0.0,0.0,0.0
B0822WKWYQ,1800 Bed Sheet Set With DEEP Fitted Sheet,Twin,Gray,0.0,44.97,20,25,0,1,0.0,0.04,-0.04
B0822TSDVW,"1800 Fitted Sheet 21"" Deep",Twin XL,Gray,0.0,131.82,16,23,0,6,0.0,0.2608695652173913,-0.2608695652173913
B0CNRVZBRR,1800 Bed Sheets,Twin XL,Hazy Lilac,0.0,69.94,32,53,0,2,0.0,0.03773584905660377,-0.03773584905660377
B0822XLS97,1800 Bed Sheet Set With DEEP Fitted Sheet,Split King,Blue Hydrangea,0.0,248.85,36,49,0,5,0.0,0.10204081632653061,-0.10204081632653061
B0CYCRPGBJ,1800 Bed Sheet Set 6 PC With DEEP Fitted Sheet,California King,Sage,0.0,0.0,15,25,0,0,0.0,0.0,0.0
B01ETTDVSK,1800 Flat Sheet,Queen,Navy Blue,0.0,56.91,10,13,0,3,0.0,0.23076923076923078,-0.23076923076923078
B01MT8NVMQ,1800 Bed Sheets,Split King,Brick Red,0.0,93.94,13,26,0,2,0.0,0.07692307692307693,-0.07692307692307693
B08D112MZC,"1800 Fitted Sheet 21"" Deep",King,Tan,0.0,0.0,17,29,0,0,0.0,0.0,0.0
B07X3TY5P2,Cotton Flannel Sheet Set 180GSM,California King,Light Gray Plaid,0.0,0.0,0,17,0,0,,0.0,
B08CZZWCJ5,"1800 Fitted Sheet 21"" Deep",Queen,Purple,0.0,0.0,15,36,0,0,0.0,0.0,0.0
B0BTZ8K6K4,1800 Bed Sheet Set 6 PIECE,King,Aqua,0.0,105.94,18,24,0,2,0.0,0.08333333333333333,-0.08333333333333333
B0BTZ5L4DM,1800 Bed Sheet Set 6 PIECE,King,Coral,0.0,52.97,13,26,0,1,0.0,0.038461538461538464,-0.038461538461538464
B0BTZ7QPLJ,1800 Bed Sheet Set 6 PIECE,King,Emerald Green,0.0,105.94,25,21,0,2,0.0,0.09523809523809523,-0.09523809523809523
B08NPRQW9J,400TC Cotton Sheet Set,Queen,Light Gray,0.0,64.97,10,12,0,1,0.0,0.08333333333333333,-0.08333333333333333
B01MYZYRHV,Cotton Flannel Sheet Set 160GSM,Twin,Blue/Gray Snowflakes,0.0,0.0,1,4,0,0,0.0,0.0,0.0
B01ETTF6I8,1800 Flat Sheet,Queen,Emerald Green,0.0,0.0,4,6,0,0,0.0,0.0,0.0
B01ES3LRXI,1800 Fitted Sheet,Twin,Light Gray,0.0,0.0,7,7,0,0,0.0,0.0,0.0
B08NPN3JZX,400TC Cotton Sheet Set,Queen,Navy,0.0,0.0,8,8,0,0,0.0,0.0,0.0
B08NPNP2WT,400TC Cotton Sheet Set,Full,Green,0.0,0.0,4,2,0,0,0.0,0.0,0.0
B0B2Q5M6KH,1800 Bedskirt,Full,Golden Ivory,0.0,39.94,23,21,0,2,0.0,0.09523809523809523,-0.09523809523809523
B08D11KZP7,1800 Bed Sheet Set With DEEP Fitted Sheet,Full,Coral,0.0,45.97,29,22,0,1,0.0,0.045454545454545456,-0.045454545454545456
B01ETTHPD2,1800 Flat Sheet,Full,Navy Blue,0.0,0.0,4,8,0,0,0.0,0.0,0.0
B08NPT1SYZ,400TC Cotton Sheet Set,Twin XL,Light Blue,0.0,0.0,3,0,0,0,0.0,,
B0822WVBNY,"1800 Fitted Sheet 21"" Deep",Twin XL,White,0.0,65.91,11,28,0,3,0.0,0.10714285714285714,-0.10714285714285714
B08D115YXL,"1800 Fitted Sheet 21"" Deep",Queen,Tan,0.0,0.0,13,26,0,0,0.0,0.0,0.0
B0BTZ6Q3QW,1800 Bed Sheet Set 6 PIECE,Queen,Yellow,0.0,0.0,26,33,0,0,0.0,0.0,0.0
B0DGQRXZ43,1800 Bed Sheets,California King,Charcoal,0.0,89.94,12,14,0,2,0.0,0.14285714285714285,-0.14285714285714285
B01ETTHW7G,1800 Flat Sheet,California King,Purple,0.0,0.0,9,2,0,0,0.0,0.0,0.0
B0822XPVC9,1800 Bedskirt,Queen,Royal Blue,0.0,0.0,6,13,0,0,0.0,0.0,0.0
B0CYCNWF94,1800 Bed Sheet Set 6 PC With DEEP Fitted Sheet,King,Taupe,0.0,0.0,16,9,0,0,0.0,0.0,0.0
B08NPKNG2B,400TC Cotton Sheet Set,Queen,Burgundy,0.0,0.0,2,1,0,0,0.0,0.0,0.0
B01ES3LVXE,1800 Fitted Sheet,Twin,Tan,0.0,0.0,5,4,0,0,0.0,0.0,0.0
B0822YXV1M,1800 Bedskirt,Twin,Light Gray,0.0,0.0,3,5,0,0,0.0,0.0,0.0
B0BTZ64RRN,1800 Bed Sheet Set 6 PIECE,California King,Brown,0.0,0.0,3,3,0,0,0.0,0.0,0.0
B08NPPD8V9,400TC Cotton Sheet Set,California King,White,0.0,0.0,2,4,0,0,0.0,0.0,0.0
B07X4Y39HF,Cotton Flannel Sheet Set 180GSM,Twin,Light Gray Plaid,0.0,0.0,7,5,0,0,0.0,0.0,0.0
B08TRRD9T6,1800 Flat Sheet,King,Golden Ivory,0.0,0.0,14,7,0,0,0.0,0.0,0.0
B08TRSXLRN,1800 Flat Sheet,California King,Golden Ivory,0.0,19.97,5,8,0,1,0.0,0.125,-0.125
B0DN21G3VN,Bundles,Queen,Light Gray,0.0,0.0,1,2,0,0,0.0,0.0,0.0
B0CYCQ4MC3,1800 Bed Sheet Set 6 PC With DEEP Fitted Sheet,Full,Blush Pink,0.0,0.0,6,8,0,0,0.0,0.0,0.0
B0DGQQNZWS,1800 Bed Sheets,California King,Oxford Stripe Hazy Lilac,0.0,44.97,25,22,0,1,0.0,0.045454545454545456,-0.045454545454545456
B08RZG1KTW,1800 Bed Sheets,Split King,Golden Ivory,0.0,140.91,71,81,0,3,0.0,0.037037037037037035,-0.037037037037037035
B06XYWHZHN,Toddler 1800 Fitted Sheet,"2 Fitted Sheets 28"" x 52""",Animal Print and Pink,0.0,0.0,2,2,0,0,0.0,0.0,0.0
B07WZP5QXR,Cotton Flannel Sheet Set 180GSM,King,Floral Feathers,0.0,0.0,8,13,0,0,0.0,0.0,0.0
B01NBKTF3M,Cotton Flannel Sheet Set 160GSM,Full,Blue/Gray Snowflakes,0.0,0.0,2,5,0,0,0.0,0.0,0.0
B0CYCPYDS6,1800 Bed Sheet Set 6 PC With DEEP Fitted Sheet,Full,Taupe,0.0,44.97,9,8,0,1,0.0,0.125,-0.125
B0DGQQC5ZT,1800 Bed Sheets,Twin XL,Oxford Stripe Hazy Lilac,0.0,0.0,31,27,0,0,0.0,0.0,0.0
B0BTZ6P63N,1800 Bed Sheet Set 6 PIECE,Twin XL,Purple,0.0,0.0,2,3,0,0,0.0,0.0,0.0
B0DG5L6SPK,Unmapped,—,—,0.0,0.0,1,0,0,0,0.0,,
B0DTKQH91T,Unmapped,—,—,0.0,0.0,2,0,0,0,0.0,,
B0BNNY4XFM,Bundles,Twin XL,Colorful,0.0,0.0,0,1,0,0,,0.0,
B0B986CFZ8,Bundles,King,White,0.0,0.0,0,3,0,0,,0.0,
B08YPBNF54,Ruffle Skirt Bedspread Ruffle,Full,Ruffle Gray,0.0,0.0,5,2,0,0,0.0,0.0,0.0
B0CJ9YC7Q8,Bundles,Queen,Light Gray,0.0,0.0,2,0,0,0,0.0,,
B01MS71I4Z,1800 Bed Sheets,Split King,Tan,0.0,139.97,39,52,0,3,0.0,0.057692307692307696,-0.057692307692307696
B01ES3LFHQ,1800 Fitted Sheet,Queen,Aqua,0.0,19.97,15,19,0,1,0.0,0.05263157894736842,-0.05263157894736842
B0CLYC255G,1800 Bed Sheets,Full,Taupe,0.0,0.0,50,15,0,0,0.0,0.0,0.0
B0GGVCX2G1,Bundles_virtual,King,White,0.0,0.0,19,19,0,0,0.0,0.0,0.0
B07YYCK27R,Silk Pillowcase,"Standard 20"" X 26""",Black,0.0,0.0,7,9,0,0,0.0,0.0,0.0
B0DGQPGP7Q,1800 Bed Sheets,Split King,Oxford Stripe Sage,0.0,46.97,31,49,0,1,0.0,0.02040816326530612,-0.02040816326530612
B00O35D8NY,1800 Bed Sheets,Twin,Purple,0.0,34.97,32,23,0,1,0.0,0.043478260869565216,-0.043478260869565216
B08NPRQW9G,400TC Cotton Sheet Set,Twin XL,Light Gray,0.0,0.0,6,2,0,0,0.0,0.0,0.0
B07YYD9QFN,Silk Pillowcase,"Standard 20"" X 26""","White, Black Piping",0.0,0.0,1,5,0,0,0.0,0.0,0.0
B07YYBH2T9,Silk Pillowcase,"Throw 18"" X 18""","White, Black Piping",0.0,0.0,5,5,0,0,0.0,0.0,0.0
B07YYKZTKW,Cotton Flannel Sheet Set 160GSM,Twin XL,Burgundy,0.0,43.97,5,5,0,1,0.0,0.2,-0.2
B0BMW8WYMQ,1800 Bed Sheet Set With DEEP Fitted Sheet,Twin,Laced Sky Blue,0.0,44.97,26,22,0,1,0.0,0.045454545454545456,-0.045454545454545456
B0822WCBNG,"1800 Fitted Sheet 21"" Deep",Twin XL,Navy Blue,0.0,21.97,3,10,0,1,0.0,0.1,-0.1
B0822YLVJG,1800 Bedskirt,Twin,Blue Hydrangea,0.0,19.97,13,19,0,1,0.0,0.05263157894736842,-0.05263157894736842
B0CYCQLNLX,1800 Bed Sheet Set 6 PC With DEEP Fitted Sheet,Full,Emerald Green,0.0,0.0,3,3,0,0,0.0,0.0,0.0
B0892MH6N9,1800 Fitted Sheet,Twin XL,Spa Blue,0.0,18.97,3,12,0,1,0.0,0.08333333333333333,-0.08333333333333333
B0CLYF6S8G,1800 Bed Sheets,Twin,Burgundy,0.0,0.0,11,11,0,0,0.0,0.0,0.0
B07X5T8LSS,Cotton Flannel Sheet Set 160GSM,Queen,Pink,0.0,0.0,10,11,0,0,0.0,0.0,0.0
B01ES3ME9Y,1800 Fitted Sheet,Twin,Spa Mint,0.0,37.94,6,5,0,2,0.0,0.4,-0.4
B08TRPK4KV,1800 Fitted Sheet,Full,Teal,0.0,18.97,7,3,0,1,0.0,0.3333333333333333,-0.3333333333333333
B0BTZ3TJ85,1800 Bed Sheet Set 6 PIECE,Full,Yellow,0.0,0.0,11,4,0,0,0.0,0.0,0.0
B0822Z6C7P,1800 Bedskirt,Twin,Royal Blue,0.0,0.0,2,2,0,0,0.0,0.0,0.0
B09PBTJ5NG,Bundles,BUNDLE,White,0.0,0.0,2,0,0,0,0.0,,
B0GGVY4RSF,Bundles_virtual,Twin XL,White,0.0,0.0,591,562,0,0,0.0,0.0,0.0
B0BMWD2HRD,1800 Bed Sheet Set With DEEP Fitted Sheet,California King,Blush Pink,0.0,51.97,51,65,0,1,0.0,0.015384615384615385,-0.015384615384615385
B08V8ZVGQ6,1800 Bed Sheets,RV / Short Queen,Brick Red,0.0,0.0,17,23,0,0,0.0,0.0,0.0
B0D7J4XVRX,1800 Bed Sheet Set 6 PC With DEEP Fitted Sheet,Full,Spa Mint,0.0,0.0,10,8,0,0,0.0,0.0,0.0
B08L429KSS,Silk Pillowcase,"King 20"" X 36""",Lilac,0.0,0.0,4,9,0,0,0.0,0.0,0.0
B08TRR3SNS,1800 Flat Sheet,King,Blush Pink,0.0,0.0,23,16,0,0,0.0,0.0,0.0
B01ES3MA7A,1800 Fitted Sheet,Twin,Persimmon,0.0,0.0,3,3,0,0,0.0,0.0,0.0
B0892N55VZ,1800 Fitted Sheet,Twin,Spa Blue,0.0,56.91,5,17,0,3,0.0,0.17647058823529413,-0.17647058823529413
B0CYCQ2TNH,1800 Bed Sheet Set 6 PC With DEEP Fitted Sheet,Queen,Taupe,0.0,49.97,16,23,0,1,0.0,0.043478260869565216,-0.043478260869565216
B0CKTW1KMN,Bundles,King,Spa Blue,0.0,0.0,7,7,0,0,0.0,0.0,0.0
B01ETTISKG,1800 Flat Sheet,California King,Spa Mint,0.0,0.0,7,5,0,0,0.0,0.0,0.0
B01ETTG970,1800 Flat Sheet,King,Brick Red,0.0,0.0,6,9,0,0,0.0,0.0,0.0
B0BTZ62W7M,1800 Bed Sheet Set 6 PIECE,California King,Spa Blue,0.0,0.0,2,2,0,0,0.0,0.0,0.0
B0CYCNR9XQ,1800 Bed Sheet Set 6 PC With DEEP Fitted Sheet,California King,Blue Nova,0.0,0.0,4,6,0,0,0.0,0.0,0.0
B08L6S7RMB,1800 Pillowcase Set 2 pc,1 Pillowcase Body,White,0.0,44.910000000000004,0,16,0,4,,0.25,
B0BTZ356YF,1800 Bed Sheet Set 6 PIECE,Full,Navy Blue,0.0,77.94,4,11,0,2,0.0,0.18181818181818182,-0.18181818181818182
B08TRRY8RX,1800 Fitted Sheet,Twin XL,Dark Taupe,0.0,0.0,9,13,1,0,0.1111111111111111,0.0,0.1111111111111111
B0CYCQXH5L,1800 Bed Sheet Set 6 PC With DEEP Fitted Sheet,King,Black,0.0,0.0,5,7,0,0,0.0,0.0,0.0
B08BZX8G3H,1800 Bed Sheet Set With DEEP Fitted Sheet,Twin XL,Brown,0.0,0.0,21,18,0,0,0.0,0.0,0.0
B01ETTE20Q,1800 Flat Sheet,Twin,Gray,0.0,15.97,2,8,0,1,0.0,0.125,-0.125
B08TRPF6X4,1800 Fitted Sheet,California King,Dark Taupe,0.0,0.0,9,8,0,0,0.0,0.0,0.0
B01ES3OMTY,1800 Fitted Sheet,California King,Lavender,0.0,21.97,0,3,0,1,,0.3333333333333333,
B09K7NY44N,Bundles,BUNDLE,Light Gray,0.0,0.0,3,4,0,0,0.0,0.0,0.0
B0CYCNPNLC,1800 Bed Sheet Set 6 PC With DEEP Fitted Sheet,California King,Light Gray,0.0,0.0,7,6,0,0,0.0,0.0,0.0
B0BTZ4S1BW,1800 Bed Sheet Set 6 PIECE,Full,Emerald Green,0.0,0.0,1,1,0,0,0.0,0.0,0.0
B0DN24S1Z1,Bundles,Queen,Light Gray,0.0,0.0,2,5,0,0,0.0,0.0,0.0
B07YYLTXKZ,Cotton Flannel Sheet Set 160GSM,Twin,Burgundy,0.0,0.0,2,2,0,0,0.0,0.0,0.0
B096MX1T2H,Duvet Cover Set Faux Fur,King,Faux Fur - Black,0.0,0.0,5,7,0,0,0.0,0.0,0.0
B09ZPX77BV,Bundles,Queen,Light Gray,0.0,0.0,1,0,0,0,0.0,,
B0BTZ6GPMT,1800 Bed Sheet Set 6 PIECE,Twin XL,Brown,0.0,37.97,4,5,1,1,0.25,0.2,0.04999999999999999
B0CKTWCPV1,Bundles,King,Navy,0.0,0.0,4,2,0,0,0.0,0.0,0.0
B08NQSRPB9,400TC Cotton Sheet Set,California King,Gray,0.0,0.0,1,3,0,0,0.0,0.0,0.0
B0BNP4G464,Bundles,Queen,Colorful,0.0,0.0,1,1,0,0,0.0,0.0,0.0
B0BTZ5CZGC,1800 Bed Sheet Set 6 PIECE,California King,Blush Pink,0.0,0.0,5,4,0,0,0.0,0.0,0.0
B0822VSLCW,1800 Pillow Shams 2 piece,King,Light Gray,0.0,0.0,4,0,0,0,0.0,,
B08YP4GVZ7,Ruffle Skirt Bedspread Solid,King,Solid Gray,0.0,0.0,9,12,0,0,0.0,0.0,0.0
B01N0R133G,Cotton Flannel Sheet Set 160GSM,Twin XL,Blue,0.0,43.97,7,9,0,1,0.0,0.1111111111111111,-0.1111111111111111
B0DN268KX6,Bundles,King,White,0.0,0.0,2,3,0,0,0.0,0.0,0.0
B07YYDGZ59,Silk Pillowcase,"Queen 20"" X 30""","White, Black Piping",0.0,0.0,7,4,0,0,0.0,0.0,0.0
B0822T9KTD,1800 Pillow Shams 2 piece,Standard,Gray,0.0,29.94,21,12,0,2,0.0,0.16666666666666666,-0.16666666666666666
B08CHPM1CK,1800 Ultrasonic Coverlet,Twin,Gray,0.0,0.0,44,29,0,0,0.0,0.0,0.0
B0CYCR2SC7,1800 Bed Sheet Set 6 PC With DEEP Fitted Sheet,California King,Taupe,0.0,0.0,4,3,0,0,0.0,0.0,0.0
B08L3ZBPQ3,Silk Pillowcase,"King 20"" X 36""",Light Green,0.0,0.0,4,5,0,0,0.0,0.0,0.0
B0DN236S12,Bundles,King,Gray,0.0,0.0,3,2,0,0,0.0,0.0,0.0
B08XMXCVGJ,1800 Duvet Cover Set Velvet Stripe,Queen,White,0.0,0.0,8,9,0,0,0.0,0.0,0.0
B08NPTYVK7,400TC Cotton Sheet Set,California King,Denim Blue,0.0,0.0,3,4,0,0,0.0,0.0,0.0
B01ETTE3O6,1800 Flat Sheet,Twin,Navy Blue,0.0,0.0,7,3,0,0,0.0,0.0,0.0
B0D7J7269X,1800 Bed Sheet Set 6 PC With DEEP Fitted Sheet,Full,Beige,0.0,0.0,9,8,0,0,0.0,0.0,0.0
B0BTZ5W5H8,1800 Bed Sheet Set 6 PIECE,Full,Black,0.0,38.97,3,2,0,1,0.0,0.5,-0.5
B097YXCRQF,Cotton Flannel Sheet Set 180GSM,Twin,Ivory,0.0,99.94,5,9,0,2,0.0,0.2222222222222222,-0.2222222222222222
B0CYCPVH5D,1800 Bed Sheet Set 6 PC With DEEP Fitted Sheet,Full,Lavender,0.0,44.97,5,7,0,1,0.0,0.14285714285714285,-0.14285714285714285
B08NPQ6FPY,400TC Cotton Sheet Set,Full,Burgundy,0.0,0.0,2,4,0,0,0.0,0.0,0.0
B08V91NK5W,1800 Bed Sheets,RV / Short Queen,Navy Blue,0.0,244.79,36,32,0,7,0.0,0.21875,-0.21875
B0822XZ4VD,1800 Bedskirt,Queen,Brick Red,0.0,41.94,13,21,0,2,0.0,0.09523809523809523,-0.09523809523809523
B01ETTGC04,1800 Flat Sheet,King,Black,0.0,0.0,5,4,0,0,0.0,0.0,0.0
B0BTZ4FMZ1,1800 Bed Sheet Set 6 PIECE,California King,Emerald Green,0.0,0.0,2,2,0,0,0.0,0.0,0.0
B0BTZ623WS,1800 Bed Sheet Set 6 PIECE,California King,Black,0.0,0.0,5,2,0,0,0.0,0.0,0.0
B0822XD5NV,"1800 Fitted Sheet 21"" Deep",Twin XL,Beige,0.0,30.76,9,15,0,2,0.0,0.13333333333333333,-0.13333333333333333
B0BTZ6PZJB,1800 Bed Sheet Set 6 PIECE,Split King,Light Gray,0.0,0.0,7,4,0,0,0.0,0.0,0.0
B08NPY5B1H,400TC Cotton Sheet Set,Queen,Denim Blue,0.0,0.0,7,9,0,0,0.0,0.0,0.0
B01ES3N7Q8,1800 Fitted Sheet,Twin XL,Lavender,0.0,0.0,12,7,0,0,0.0,0.0,0.0
B01ETTEJIQ,1800 Flat Sheet,Twin,Brick Red,0.0,0.0,5,7,0,0,0.0,0.0,0.0
B0CYCN8T3Y,1800 Bed Sheet Set 6 PC With DEEP Fitted Sheet,California King,Lavender,0.0,59.97,4,7,0,1,0.0,0.14285714285714285,-0.14285714285714285
B08TRTG6SJ,1800 Flat Sheet,Twin,Teal,0.0,0.0,2,9,0,0,0.0,0.0,0.0
B01N6H24DP,Cotton Flannel Sheet Set 160GSM,King,Gray,0.0,58.97,8,12,0,1,0.0,0.08333333333333333,-0.08333333333333333
B0822ZVWFK,1800 Pillowcase Set 4 pc,King,Light Gray,0.0,108.0,10,14,0,4,0.0,0.2857142857142857,-0.2857142857142857
B00RKHXFNK,1800 Pillowcase Set 2 pc,Set of 2 King Size,Violet,0.0,71.88,6,12,0,4,0.0,0.3333333333333333,-0.3333333333333333
B01N7IE9TA,Cotton Flannel Sheet Set 160GSM,Full,Navy,0.0,0.0,4,6,0,0,0.0,0.0,0.0
B0B5HSDTJP,1800 Duvet Cover Set,Oversized Queen,White,0.0,45.97,36,28,0,1,0.0,0.03571428571428571,-0.03571428571428571
B01ES3O5V4,1800 Fitted Sheet,California King,Navy Blue,0.0,0.0,5,2,0,0,0.0,0.0,0.0
B0BTZ7F43W,1800 Bed Sheet Set 6 PIECE,Twin,Lavender,0.0,0.0,1,6,0,0,0.0,0.0,0.0
B0BTZ6B7XL,1800 Bed Sheet Set 6 PIECE,Twin,Brown,0.0,0.0,2,1,0,0,0.0,0.0,0.0
B01ES3OD98,1800 Fitted Sheet,California King,Gold,0.0,0.0,3,2,0,0,0.0,0.0,0.0
B0DN22Z3MF,Bundles,King,White,0.0,0.0,2,2,0,0,0.0,0.0,0.0
B0822XSX2L,1800 Bedskirt,King,Royal Blue,0.0,22.97,12,16,0,1,0.0,0.0625,-0.0625
B01ES3LTUO,1800 Fitted Sheet,Twin,Black,0.0,37.94,4,4,0,2,0.0,0.5,-0.5
B0CYCPL4PN,1800 Bed Sheet Set 6 PC With DEEP Fitted Sheet,Queen,Light Gray,0.0,149.91,15,27,0,3,0.0,0.1111111111111111,-0.1111111111111111
B01ETTEBIO,1800 Flat Sheet,Twin,Violet,0.0,31.94,22,44,0,2,0.0,0.045454545454545456,-0.045454545454545456
B0BTZ7XLK4,1800 Bed Sheet Set 6 PIECE,Full,Spa Blue,0.0,0.0,6,11,0,0,0.0,0.0,0.0
B08CJ7YZ2D,1800 Ultrasonic Coverlet,Twin,Spa Blue,0.0,0.0,0,0,0,0,,,
B0BTZ4XGNW,1800 Bed Sheet Set 6 PIECE,Full,Blue Hydrangea,0.0,77.94,6,10,0,2,0.0,0.2,-0.2
B01ES3OLY0,1800 Fitted Sheet,Full,Royal Blue,0.0,0.0,11,7,0,0,0.0,0.0,0.0
B0GGW7VNBM,Bundles_virtual,Queen,White,0.0,0.0,2,13,0,0,0.0,0.0,0.0
B07X1SSD9W,Cotton Flannel Sheet Set 160GSM,Twin,Light Blue Plaid,0.0,0.0,5,8,0,0,0.0,0.0,0.0
B08L6RD8TT,1800 Pillowcase Set 2 pc,1 Pillowcase Body,Brick Red,0.0,0.0,3,7,0,0,0.0,0.0,0.0
B0CYCQGKGP,1800 Bed Sheet Set 6 PC With DEEP Fitted Sheet,California King,Sky Blue,0.0,0.0,6,5,0,0,0.0,0.0,0.0
B01NCLXDWJ,Cotton Flannel Sheet Set 160GSM,Twin XL,Blue/Gray Snowflakes,0.0,0.0,5,9,0,0,0.0,0.0,0.0
B01ES3N4M0,1800 Fitted Sheet,King,Brown,0.0,0.0,9,7,0,0,0.0,0.0,0.0
B08BZVT9FJ,1800 Bed Sheet Set With DEEP Fitted Sheet,Full,Brown,0.0,45.97,33,22,0,1,0.0,0.045454545454545456,-0.045454545454545456
B01ES3N8F8,1800 Fitted Sheet,King,Brick Red,0.0,21.97,4,8,0,1,0.0,0.125,-0.125
B0822WYDZD,1800 Bed Sheet Set With DEEP Fitted Sheet,Twin,Light Gray,0.0,44.07,47,41,0,1,0.0,0.024390243902439025,-0.024390243902439025
B0DGQQHL23,1800 Bed Sheets,California King,Oxford Stripe Sage,0.0,44.97,44,50,0,1,0.0,0.02,-0.02
B08BZX5BKY,1800 Bed Sheet Set With DEEP Fitted Sheet,California King,Lavender,0.0,0.0,38,53,0,0,0.0,0.0,0.0
B0D7F2CRMR,1800 Bed Sheet Set 6 PC With DEEP Fitted Sheet,Queen,Golden Ivory,0.0,49.97,28,42,0,1,0.0,0.023809523809523808,-0.023809523809523808
B0CYCPRDLR,1800 Bed Sheet Set 6 PC With DEEP Fitted Sheet,Queen,Ivory,0.0,99.94,27,52,0,2,0.0,0.038461538461538464,-0.038461538461538464
B0BTZ47QWS,1800 Bed Sheet Set 6 PIECE,Twin XL,Black,0.0,0.0,12,7,0,0,0.0,0.0,0.0
B0CYCP3D24,1800 Bed Sheet Set 6 PC With DEEP Fitted Sheet,King,Tan,0.0,58.97,21,26,0,1,0.0,0.038461538461538464,-0.038461538461538464
B0CJ9WGVM1,Bundles,Queen,White,0.0,0.0,2,17,0,0,0.0,0.0,0.0
B01ES3P3YW,1800 Fitted Sheet,California King,Spa Mint,0.0,0.0,28,18,0,0,0.0,0.0,0.0
B0822WHSF5,1800 Bed Sheet Set With DEEP Fitted Sheet,Twin,Spa Blue,0.0,134.91,22,18,0,3,0.0,0.16666666666666666,-0.16666666666666666
B0CNRYT6RJ,1800 Pillowcase Set 2 pc,Set of 2 King Size,Poppy Orange,0.0,35.94,0,5,0,2,,0.4,
B01ETTIHJS,1800 Flat Sheet,California King,Blue Hydrangea,0.0,0.0,6,9,0,0,0.0,0.0,0.0
B01ES3M7U0,1800 Fitted Sheet,Queen,Blue Hydrangea,0.0,59.91,17,18,0,3,0.0,0.16666666666666666,-0.16666666666666666
B0822XR323,1800 Bed Sheet Set With DEEP Fitted Sheet,Twin,Royal Blue,0.0,134.91,15,17,0,3,0.0,0.17647058823529413,-0.17647058823529413
B00RKHXK80,1800 Pillowcase Set 2 pc,Set of 2 King Size,Purple,0.0,17.97,9,6,0,1,0.0,0.16666666666666666,-0.16666666666666666
B08NPRQKN6,400TC Cotton Sheet Set,Queen,Beige,0.0,0.0,11,9,0,0,0.0,0.0,0.0
B0BTZ5T52H,1800 Bed Sheet Set 6 PIECE,Split King,Sage,0.0,0.0,10,13,0,0,0.0,0.0,0.0
B01ES3NWXQ,1800 Fitted Sheet,Full,Beige,0.0,0.0,11,4,0,0,0.0,0.0,0.0
B0DGQRMQ24,1800 Bed Sheets,California King,Oxford Stripe Blue Nova,0.0,89.94,19,31,0,2,0.0,0.06451612903225806,-0.06451612903225806
B0CNRYSBM1,1800 Bed Sheets,Split King,Poppy Orange,0.0,46.97,12,16,0,1,0.0,0.0625,-0.0625
B08NPPSR1F,400TC Cotton Sheet Set,King,Green,0.0,0.0,3,3,0,0,0.0,0.0,0.0
B01ETTH8FW,1800 Flat Sheet,Twin XL,Persimmon,0.0,16.97,9,11,0,1,0.0,0.09090909090909091,-0.09090909090909091
B0CYCR9GW5,1800 Bed Sheet Set 6 PC With DEEP Fitted Sheet,Queen,Brown,0.0,0.0,7,12,0,0,0.0,0.0,0.0
B0822WL4Z5,1800 Bed Sheet Set With DEEP Fitted Sheet,Twin,Blue Hydrangea,0.0,89.94,41,39,0,2,0.0,0.05128205128205128,-0.05128205128205128
B08NPRNCSJ,400TC Cotton Sheet Set,King,Navy,0.0,0.0,4,4,0,0,0.0,0.0,0.0
B0822YL1GF,1800 Pillowcase Set 4 pc,King,Spa Blue,0.0,27.0,7,12,0,1,0.0,0.08333333333333333,-0.08333333333333333
B08CZYSHDW,1800 Bed Sheet Set With DEEP Fitted Sheet,Twin,Paisley Gray,0.0,44.97,21,21,0,1,0.0,0.047619047619047616,-0.047619047619047616
B0CJ9WSNK1,Bundles,King,Gray,0.0,0.0,2,1,0,0,0.0,0.0,0.0
B0BXTCFZ3K,Microfiber Pillow Covers w/zipper,18x18,Coverlet Black,0.0,0.0,2,1,0,0,0.0,0.0,0.0
B08CZYFXCC,"1800 Fitted Sheet 21"" Deep",Full,Emerald Green,0.0,21.97,6,10,0,1,0.0,0.1,-0.1
B09NC6DWPT,Mattress Pads Waterproof,"California King 21""",White,0.0,0.0,5,3,0,0,0.0,0.0,0.0
B01ES3LXCI,1800 Fitted Sheet,Twin,Royal Blue,0.0,0.0,6,3,0,0,0.0,0.0,0.0
B01ES3NISA,1800 Fitted Sheet,Twin XL,Coral,0.0,0.0,2,4,0,0,0.0,0.0,0.0
B01ES3O7HG,1800 Fitted Sheet,Full,Violet,0.0,0.0,6,10,0,0,0.0,0.0,0.0
B01DN0B7S2,1800 Pillowcase Set 2 pc,Set of 2 Standard Size,Hot Pink,0.0,0.0,12,15,0,0,0.0,0.0,0.0
B0892N7BGH,1800 Fitted Sheet,King,Spa Blue,0.0,43.94,9,21,0,2,0.0,0.09523809523809523,-0.09523809523809523
B08NPXQTF4,400TC Cotton Sheet Set,Twin,White,0.0,0.0,17,16,0,0,0.0,0.0,0.0
B0892P6Z53,1800 Flat Sheet,Twin XL,Spa Blue,0.0,0.0,3,6,0,0,0.0,0.0,0.0
B0BTZ45V1H,1800 Bed Sheet Set 6 PIECE,Twin XL,Lavender,0.0,37.97,5,7,0,1,0.0,0.14285714285714285,-0.14285714285714285
B0BTZ5LZSN,1800 Bed Sheet Set 6 PIECE,Split King,Blush Pink,0.0,0.0,7,1,0,0,0.0,0.0,0.0
B07X4YQGYN,Cotton Flannel Sheet Set 180GSM,Twin,Burgundy Plaid,0.0,0.0,3,5,0,0,0.0,0.0,0.0
B0B5HTK9GV,1800 Duvet Cover Set,Oversized King,Black,0.0,47.97,7,9,0,1,0.0,0.1111111111111111,-0.1111111111111111
B01ETTFFJI,1800 Flat Sheet,Queen,Spa Mint,0.0,0.0,9,22,0,0,0.0,0.0,0.0
B07YYBX99F,Silk Pillowcase,"King 20"" X 36""","White, Black Piping",0.0,0.0,7,5,0,0,0.0,0.0,0.0
B01ES3MSYK,1800 Fitted Sheet,Twin XL,Aqua,0.0,37.94,8,7,0,2,0.0,0.2857142857142857,-0.2857142857142857
B0DN22LDSC,Bundles,Queen,White,0.0,0.0,6,11,0,0,0.0,0.0,0.0
B01MQW83B5,Cotton Flannel Sheet Set 160GSM,King,Blue,0.0,0.0,12,14,0,0,0.0,0.0,0.0
B0BTZ6Q4ZS,1800 Bed Sheet Set 6 PIECE,Twin,Brick Red,0.0,0.0,5,4,0,0,0.0,0.0,0.0
B07YYLQ8SD,Cotton Flannel Sheet Set 160GSM,Twin,White,0.0,0.0,8,10,0,0,0.0,0.0,0.0
B01ES3M6OW,1800 Fitted Sheet,Twin,Emerald Green,0.0,37.94,7,6,0,2,0.0,0.3333333333333333,-0.3333333333333333
B01N9HT80N,Cotton Flannel Sheet Set 160GSM,Twin,Beige,0.0,0.0,16,14,0,0,0.0,0.0,0.0
B016P42QTC,1800 Bed Sheets,Twin XL,Brown,0.0,139.88,17,18,0,4,0.0,0.2222222222222222,-0.2222222222222222
B0BXTDFJ3S,Microfiber Pillow Covers w/zipper,16x16,Coverlet Olive Green,0.0,0.0,1,4,0,0,0.0,0.0,0.0
B01ES3O0TG,1800 Fitted Sheet,California King,White,0.0,0.0,10,11,0,0,0.0,0.0,0.0
B0BTZ6CSJQ,1800 Bed Sheet Set 6 PIECE,California King,Light Gray,0.0,54.97,2,2,0,1,0.0,0.5,-0.5
B01ES3OYHY,1800 Fitted Sheet,California King,Emerald Green,0.0,0.0,1,5,0,0,0.0,0.0,0.0
B01ETTGYQG,1800 Flat Sheet,Twin XL,Blue Hydrangea,0.0,33.94,7,6,0,2,0.0,0.3333333333333333,-0.3333333333333333
B08NPTZ9V4,400TC Cotton Sheet Set,Full,Light Gray,0.0,64.97,3,6,0,1,0.0,0.16666666666666666,-0.16666666666666666
B0CYCQ7NHL,1800 Bed Sheet Set 6 PC With DEEP Fitted Sheet,King,Blush Pink,0.0,0.0,6,8,0,0,0.0,0.0,0.0
B0BTZ7K3HN,1800 Bed Sheet Set 6 PIECE,Split King,Purple,0.0,0.0,3,5,0,0,0.0,0.0,0.0
B01ETTIRC0,1800 Flat Sheet,Full,Coral,0.0,0.0,7,15,0,0,0.0,0.0,0.0
B0CYCP9R6B,1800 Bed Sheet Set 6 PC With DEEP Fitted Sheet,California King,Navy Blue,0.0,0.0,4,5,0,0,0.0,0.0,0.0
B01ES3MNCM,1800 Fitted Sheet,Twin XL,Navy Blue,0.0,0.0,4,7,0,0,0.0,0.0,0.0
B0BTZ7KY66,1800 Bed Sheet Set 6 PIECE,Split King,Spa Blue,0.0,0.0,9,7,0,0,0.0,0.0,0.0
B0CNRX854V,1800 Bed Sheets,California King,Poppy Orange,0.0,0.0,20,22,0,0,0.0,0.0,0.0
B0822VXJ3F,"1800 Fitted Sheet 21"" Deep",Full,Navy Blue,0.0,0.0,4,13,1,0,0.25,0.0,0.25
B0CYCQ8LZ1,1800 Bed Sheet Set 6 PC With DEEP Fitted Sheet,California King,Aqua,0.0,0.0,6,7,0,0,0.0,0.0,0.0
B01NCLTDAE,Cotton Flannel Sheet Set 160GSM,California King,Gray,0.0,0.0,4,3,0,0,0.0,0.0,0.0
B08TRRPSM9,1800 Fitted Sheet,California King,Teal,0.0,0.0,1,2,0,0,0.0,0.0,0.0
B0BTZ4JTHW,1800 Bed Sheet Set 6 PIECE,Split King,Brown,0.0,0.0,10,5,0,0,0.0,0.0,0.0
B0CNRYT4DL,1800 Bed Sheets,Split King,Terracotta,0.0,46.97,14,24,0,1,0.0,0.041666666666666664,-0.041666666666666664
B07X3VKLPV,Cotton Flannel Sheet Set 180GSM,Twin,Navy,0.0,0.0,3,3,0,0,0.0,0.0,0.0
B0822W5CW8,"1800 Fitted Sheet 21"" Deep",Queen,Navy Blue,0.0,0.0,11,14,0,0,0.0,0.0,0.0
B07YYCMGJH,Silk Pillowcase,"Body 20"" X 54""",Dark Gray,0.0,0.0,5,6,0,0,0.0,0.0,0.0
B0DN227Q1P,Bundles,Queen,Gray,0.0,0.0,2,1,0,0,0.0,0.0,0.0
B0CYCQ4MC5,1800 Bed Sheet Set 6 PC With DEEP Fitted Sheet,Full,Blue Hydrangea,0.0,0.0,9,7,0,0,0.0,0.0,0.0
B0CYCPVH5H,1800 Bed Sheet Set 6 PC With DEEP Fitted Sheet,Full,Brown,0.0,0.0,5,6,0,0,0.0,0.0,0.0
B0CYCPT2FR,1800 Bed Sheet Set 6 PC With DEEP Fitted Sheet,Queen,Blue Hydrangea,0.0,0.0,18,31,0,0,0.0,0.0,0.0
B08NPR4NG7,400TC Cotton Sheet Set,Full,Gray,0.0,0.0,6,8,0,0,0.0,0.0,0.0
B01ETTDUW2,1800 Flat Sheet,Queen,Gray,0.0,37.94,7,4,0,2,0.0,0.5,-0.5
B01ES3OQEA,1800 Fitted Sheet,Full,Blue Hydrangea,0.0,37.94,7,5,0,2,0.0,0.4,-0.4
B0822YC6GS,1800 Pillowcase Set 4 pc,Standard,Beige,0.0,0.0,12,19,0,0,0.0,0.0,0.0
B01ETTHN7U,1800 Flat Sheet,Full,Gray,0.0,0.0,15,13,0,0,0.0,0.0,0.0
B0822VNB18,"1800 Fitted Sheet 21"" Deep",Full,Black,0.0,21.97,10,10,0,1,0.0,0.1,-0.1
B01ETTFWN2,1800 Flat Sheet,Twin XL,Violet,0.0,0.0,4,9,0,0,0.0,0.0,0.0
B0CNRXX15B,1800 Bed Sheets,Twin XL,Poppy Orange,0.0,34.97,28,37,0,1,0.0,0.02702702702702703,-0.02702702702702703
B0BTZ85LRT,1800 Bed Sheet Set 6 PIECE,California King,Gray,0.0,0.0,7,7,0,0,0.0,0.0,0.0
B0BTZ4TM7G,1800 Bed Sheet Set 6 PIECE,California King,Yellow,0.0,0.0,6,2,0,0,0.0,0.0,0.0
B0BTZ5WPV4,1800 Bed Sheet Set 6 PIECE,California King,Lavender,0.0,0.0,4,4,0,0,0.0,0.0,0.0
B0BTZ5SDV8,1800 Bed Sheet Set 6 PIECE,Twin XL,Beige,0.0,0.0,21,14,0,0,0.0,0.0,0.0
B09PBYHJC7,Bundles,BUNDLE,Gray,0.0,0.0,0,2,0,0,,0.0,
B08NPTGRG6,400TC Cotton Sheet Set,King,Denim Blue,0.0,0.0,4,5,0,0,0.0,0.0,0.0
B0CJ9XVJPF,Bundles,Full,White,0.0,0.0,0,4,0,0,,0.0,
B08NPRBV33,400TC Cotton Sheet Set,King,Ivory,0.0,0.0,7,7,0,0,0.0,0.0,0.0
B01ETTH802,1800 Flat Sheet,California King,Beige,0.0,59.91,7,7,0,3,0.0,0.42857142857142855,-0.42857142857142855
B0DGQQD2WB,1800 Bed Sheets,Twin,Charcoal,0.0,34.97,7,15,0,1,0.0,0.06666666666666667,-0.06666666666666667
B07J3SKJMZ,Cotton Flannel Sheet Set 180GSM,California King,Gray,0.0,138.54,4,14,0,2,0.0,0.14285714285714285,-0.14285714285714285
B09ZPYSWZ1,Bundles,Queen,White,0.0,0.0,1,6,0,0,0.0,0.0,0.0
B0822XFQ7J,1800 Pillowcase Set 2 pc,Set of 2 King Size,Chevron Gray,0.0,0.0,9,9,0,0,0.0,0.0,0.0
B0CYCPB6JF,1800 Bed Sheet Set 6 PC With DEEP Fitted Sheet,California King,Black,0.0,0.0,3,5,0,0,0.0,0.0,0.0
B0BTZ6R4FW,1800 Bed Sheet Set 6 PIECE,Split King,Lavender,0.0,0.0,5,3,0,0,0.0,0.0,0.0
B0822VYWK3,1800 Pillow Shams 2 piece,Standard,Royal Blue,0.0,29.94,13,23,0,2,0.0,0.08695652173913043,-0.08695652173913043
B0BMW5QLB2,Bundles,Queen,Lavender/White,0.0,0.0,2,5,0,0,0.0,0.0,0.0
B08D137JFR,"1800 Fitted Sheet 21"" Deep",Twin XL,Lavender,0.0,21.97,7,12,0,1,0.0,0.08333333333333333,-0.08333333333333333
B08NPSNLSV,400TC Cotton Sheet Set,Full,Beige,0.0,0.0,6,4,0,0,0.0,0.0,0.0
B07WZP1R3Q,Cotton Flannel Sheet Set 160GSM,Twin XL,Pink,0.0,0.0,0,0,0,0,,,
B01ES3OLKY,1800 Fitted Sheet,California King,Black,0.0,65.91,2,2,0,3,0.0,1.5,-1.5
B0BNNYGL7M,Bundles,Full,Colorful,0.0,0.0,0,1,0,0,,0.0,
B08YP663VF,Ruffle Skirt Bedspread Ruffle,King,Ruffle White,0.0,0.0,0,3,0,0,,0.0,
B09PBTLVSG,Bundles,BUNDLE,Gray,0.0,0.0,1,0,0,0,0.0,,
B09ZPWGR9B,Bundles,Full,White,0.0,0.0,4,0,0,0,0.0,,
B0DN235229,Bundles,King,Light Gray,0.0,0.0,1,0,0,0,0.0,,
B0BTZ4LLWL,1800 Bed Sheet Set 6 PIECE,King,Lavender,0.0,0.0,0,0,0,0,,,
B07PSK5GG2,1800 Duvet Cover Set,King,Laced Sky Blue,0.0,36.97,32,65,0,1,0.0,0.015384615384615385,-0.015384615384615385
