asin,collection,size,color,sales,prior_sales,sessions,prior_sessions,units,prior_units,conversion,prior_conversion,conversion_change_pp,sales_delta,sales_wow
B00NLLUMOE,1800 Bed Sheets,Queen,White,50217.009999999995,56010.17,21487,23226,1367,1524,0.0636198631730814,0.06561611986566779,-0.001996256692586393,-5793.1600000000035,-0.10343050199633394
B00NQDGAP2,1800 Bed Sheets,King,White,34505.7,37914.38,16972,7221,851,933,0.05014140938015555,0.129206481096801,-0.07906507171664545,-3408.6800000000003,-0.08990467469071103
B00O35DAL4,1800 Bed Sheets,Full,White,17734.71,16338.48,3156,3250,507,467,0.16064638783269963,0.1436923076923077,0.01695408014039193,1396.2299999999996,0.08545654185701483
B0822X1VP7,1800 Bed Sheet Set With DEEP Fitted Sheet,King,White,9982.98,8453.880000000001,2379,2282,196,166,0.08238755779739386,0.07274320771253287,0.00964435008486099,1529.0999999999985,0.18087552697696185
B00O35CWQ8,1800 Bed Sheets,Twin,White,9646.82,8354.3,1487,1376,276,240,0.18560860793544048,0.1744186046511628,0.011190003284277689,1292.5200000000004,0.15471314173539383
B016P42ARU,1800 Bed Sheets,Twin XL,White,9077.8,5548.47,1647,1585,274,168,0.16636308439587127,0.10599369085173502,0.06036939354413626,3529.329999999999,0.6360906700405695
B0822X4TLW,1800 Bed Sheet Set With DEEP Fitted Sheet,Queen,White,7089.65,7089.650000000001,2456,1993,151,152,0.061482084690553745,0.07626693426994481,-0.014784849579391066,-9.094947017729282e-13,-1.2828485211158917e-16
B00SBZJ8NG,1800 Bed Sheets,Queen,Light Gray,6151.379999999999,6834.07,2184,2604,155,171,0.07097069597069597,0.06566820276497695,0.005302493205719017,-682.6900000000005,-0.0998950844811365
B0BTZ5HGMB,1800 Bed Sheet Set 6 PIECE,Queen,White,4816.25,2888.37,673,616,120,71,0.17830609212481427,0.11525974025974026,0.06304635186507401,1927.88,0.6674629635399898
B0CLYC7B2G,1800 Bed Sheets,Queen,Ivory,4794.8,5514.26,2435,2556,121,139,0.04969199178644764,0.05438184663536776,-0.004689854848920122,-719.46,-0.1304726291469753
B08RZDBZZJ,1800 Bed Sheets,Queen,Golden Ivory,4196.849999999999,4914.71,2059,2197,105,123,0.05099562894609033,0.05598543468365953,-0.0049898057375692,-717.8600000000006,-0.14606355207123117
B00NLLUP4G,1800 Bed Sheets,Queen,Gray,3993.0,4626.61,1506,1879,100,119,0.06640106241699867,0.0633315593400745,0.0030695030769241627,-633.6099999999997,-0.13694908367033307
B0CLYDPTWV,1800 Bed Sheets,King,Ivory,3650.73,3735.81,1899,1667,85,87,0.04476040021063718,0.052189562087582485,-0.007429161876945305,-85.07999999999993,-0.02277417748761311
B00NQDGCW8,1800 Bed Sheets,King,Gray,3522.6499999999996,1460.98,664,569,83,34,0.125,0.05975395430579965,0.06524604569420035,2061.6699999999996,1.4111555257429942
B01DN0AJXQ,1800 Bed Sheets,Queen,Blue Hydrangea,3475.79,3834.7200000000003,1338,1272,88,96,0.06576980568011959,0.07547169811320754,-0.009701892433087958,-358.9300000000003,-0.09360005424124845
B08RZBVSZR,1800 Bed Sheets,Queen,Blush Pink,3474.19,2956.98,1554,1491,87,74,0.055984555984555984,0.04963112005365526,0.006353435930900722,517.21,0.17491156517798565
B0BTZ24S9W,1800 Bed Sheet Set 6 PIECE,King,White,3419.0699999999997,1147.31,310,305,81,23,0.26129032258064516,0.07540983606557378,0.18588048651507139,2271.7599999999998,1.980075132265909
B00SU0QSZ8,1800 Bed Sheets,King,Light Gray,3299.23,2621.17,1223,1224,77,62,0.06295993458708095,0.05065359477124183,0.012306339815839118,678.06,0.25868600663062674
B08RZCYC5X,1800 Bed Sheets,King,Golden Ivory,3092.98,2749.2200000000003,1603,1230,72,64,0.044915782907049284,0.05203252032520325,-0.007116737418153968,343.75999999999976,0.12503910199983986
B00NLLUNSE,1800 Bed Sheets,Queen,Beige,2913.81,3714.01,1835,1309,74,93,0.040326975476839236,0.07104660045836517,-0.03071962498152593,-800.2000000000003,-0.21545445488838216
B08RZFVS95,1800 Bed Sheets,Queen,Sage,2636.42,3189.6,1291,1268,66,82,0.05112316034082107,0.06466876971608833,-0.013545609375267262,-553.1799999999998,-0.17343240531728113
B01DN0AOW2,1800 Bed Sheets,Queen,Spa Mint,2597.25,2317.46,1620,1587,66,58,0.040740740740740744,0.036546943919344675,0.004193796821396069,279.78999999999996,0.1207313179083997
B07R5VP98P,1800 Bed Sheets,Queen,Pinstripe Gray,2477.34,2237.52,834,812,62,56,0.07434052757793765,0.06896551724137931,0.005375010336558336,239.82000000000016,0.10718116486109629
B00O35DNS4,1800 Bed Sheets,California King,White,2425.6800000000003,2244.9,477,478,54,50,0.11320754716981132,0.10460251046025104,0.008605036709560282,180.7800000000002,0.08052919951890962
B0822WVF4H,1800 Bed Sheet Set With DEEP Fitted Sheet,Queen,Gray,2298.62,1149.31,314,306,46,23,0.1464968152866242,0.07516339869281045,0.07133341659381374,1149.31,1.0
B0CNRZBCFQ,1800 Bed Sheets,Queen,Sky Blue,2198.35,2717.96,1235,968,55,69,0.044534412955465584,0.07128099173553719,-0.026746578780071605,-519.6100000000001,-0.19117647058823534
B016P42X2W,1800 Bed Sheets,Twin XL,Light Gray,2168.14,1677.1599999999999,443,473,62,48,0.1399548532731377,0.1014799154334038,0.038474937839733894,490.98,0.2927448782465597
B0822X9LJN,1800 Bed Sheet Set With DEEP Fitted Sheet,King,Light Gray,2078.8,2026.8300000000002,400,416,41,39,0.1025,0.09375,0.008749999999999994,51.97000000000003,0.025641025641025654
B00NLNDRUI,1800 Bed Sheets,Queen,Brown,2078.44,879.3399999999999,442,390,52,22,0.11764705882352941,0.05641025641025641,0.061236802413273,1199.1000000000001,1.363636363636364
B08RZDCWPX,1800 Bed Sheets,Queen,Teal,2038.4699999999998,1319.01,709,649,51,33,0.07193229901269393,0.05084745762711865,0.021084841385575287,719.4599999999998,0.5454545454545453
B00RKHWJ1O,1800 Pillowcase Set 2 pc,Set of 2 Standard Size,White,2023.1900000000003,3562.5,483,1223,113,204,0.23395445134575568,0.1668029435813573,0.06715150776439838,-1539.3099999999997,-0.4320870175438596
B0112XNCS0,1800 Bed Sheets,King,Tan,2014.43,1029.56,421,369,47,24,0.11163895486935867,0.06504065040650407,0.046598304462854595,984.8700000000001,0.9565931077353435
B00NQDGBTC,1800 Bed Sheets,King,Beige,1974.9,2232.7200000000003,685,637,46,52,0.06715328467153285,0.08163265306122448,-0.014479368389691633,-257.82000000000016,-0.11547350317102016
B01DN0AW8I,1800 Bed Sheets,King,Spa Mint,1932.79,1847.7099999999998,1103,893,46,43,0.04170444242973708,0.048152295632698766,-0.006447853202961686,85.08000000000015,0.046046186901624264
B0BMW9MMY9,1800 Bed Sheet Set With DEEP Fitted Sheet,King,Golden Ivory,1922.8899999999999,1972.3600000000001,461,463,37,39,0.08026030368763558,0.08423326133909287,-0.00397295765145729,-49.470000000000255,-0.02508162810034692
B01DN0AQN4,1800 Bed Sheets,King,Blue Hydrangea,1847.71,2406.32,865,714,43,56,0.04971098265895954,0.0784313725490196,-0.028720389890060066,-558.6100000000001,-0.23214285714285718
B07BKP98B7,1800 Bed Sheets,King,Spa Blue,1846.85,1374.1800000000003,814,691,43,32,0.052825552825552825,0.04630969609261939,0.006515856732933437,472.6699999999996,0.3439651282946918
B08RZDH679,1800 Bed Sheets,King,Sage,1804.74,1974.8999999999999,870,767,42,46,0.04827586206896552,0.05997392438070404,-0.011698062311738526,-170.15999999999985,-0.08616132462403153
B0822Y7786,1800 Bed Sheet Set With DEEP Fitted Sheet,Full,White,1790.99,1195.22,695,605,40,26,0.05755395683453238,0.04297520661157025,0.01457875022296213,595.77,0.4984605344622747
B00ZSGWAHC,1800 Bed Sheets,Queen,Striped White,1678.7400000000002,1554.0300000000002,595,649,42,39,0.07058823529411765,0.060092449922958396,0.01049578537115925,124.71000000000004,0.0802494160344395
B07R8X7VXT,1800 Bed Sheets,Full,Pinstripe Gray,1663.08,987.22,648,628,85,26,0.13117283950617284,0.041401273885350316,0.08977156562082253,675.8599999999999,0.6846093069427279
B0822XQ9DZ,1800 Bed Sheet Set With DEEP Fitted Sheet,California King,White,1662.0,1558.06,616,551,33,32,0.05357142857142857,0.05807622504537205,-0.00450479647394348,103.94000000000005,0.06671116645058603
B08RZDLLP7,1800 Bed Sheets,King,Blush Pink,1589.03,1160.19,751,535,37,27,0.0492676431424767,0.05046728971962617,-0.0011996465771494727,428.8399999999999,0.36962911247295693
B08BZY7QCJ,1800 Bed Sheet Set With DEEP Fitted Sheet,King,Tan,1559.1,1299.25,304,283,30,25,0.09868421052631579,0.08833922261484099,0.010344987911474798,259.8499999999999,0.19999999999999993
B01CYLCQEK,1800 Bed Sheets,Queen,Paisley Gray,1558.83,1917.7600000000002,1220,1269,39,49,0.031967213114754096,0.038613081166272656,-0.0066458680515185595,-358.9300000000003,-0.18716106290672463
B00O384OYI,1800 Bed Sheets,Full,Gray,1556.77,1176.31,315,296,41,31,0.13015873015873017,0.10472972972972973,0.02542900042900044,380.46000000000004,0.3234351488978246
B0CLY99SL5,1800 Bed Sheets,Full,Ivory,1556.01,1442.8600000000001,659,609,41,38,0.0622154779969651,0.06239737274220033,-0.00018189474523522958,113.14999999999986,0.07842063679081814
B0CNRXJ7ZB,1800 Bed Sheets,King,Sky Blue,1545.2,1074.25,584,509,36,25,0.06164383561643835,0.04911591355599214,0.012527922060446214,470.95000000000005,0.4383988829415872
B0DGQSDWFD,1800 Bed Sheets,Queen,Mineral Gray,1518.86,2516.5099999999998,1173,1147,38,63,0.03239556692242114,0.05492589363557106,-0.022530326713149917,-997.6499999999999,-0.3964418977075394
B00SUF39K0,1800 Bed Sheets,Full,Light Gray,1516.52,1632.71,438,389,41,43,0.09360730593607305,0.11053984575835475,-0.016932539822281698,-116.19000000000005,-0.07116389315922611
B0CNRZ4Y1C,1800 Bed Sheets,Queen,Blue Nova,1512.06,919.31,607,557,39,23,0.0642504118616145,0.04129263913824058,0.022957772723373918,592.75,0.6447770610566621
B08CZZ4SYJ,1800 Bed Sheet Set With DEEP Fitted Sheet,King,Spa Mint,1507.13,1403.19,456,449,29,27,0.06359649122807018,0.060133630289532294,0.0034628609385378845,103.94000000000005,0.07407407407407411
B0BMW6K3FD,1800 Bed Sheet Set With DEEP Fitted Sheet,King,Sage,1507.1299999999999,1195.31,354,293,29,23,0.08192090395480225,0.07849829351535836,0.0034226104394438905,311.81999999999994,0.26086956521739124
B08RZCP48J,1800 Bed Sheets,Full,Golden Ivory,1480.0700000000002,1063.16,502,433,39,28,0.07768924302788845,0.06466512702078522,0.013024116007103223,416.9100000000001,0.3921422927875391
B07BKMXCYF,1800 Bed Sheets,Queen,Spa Blue,1478.8899999999999,1956.9299999999998,1041,1020,37,49,0.03554274735830932,0.04803921568627451,-0.012496468327965193,-478.03999999999996,-0.24428058234070713
B0112XPNDW,1800 Bed Sheets,Queen,Tan,1438.9199999999998,1554.8299999999997,511,465,36,39,0.07045009784735812,0.08387096774193549,-0.013420869894577372,-115.90999999999985,-0.07454834290565521
B08RZF62QM,1800 Bed Sheets,Full,Blush Pink,1404.1299999999999,1480.83,612,521,37,39,0.06045751633986928,0.07485604606525911,-0.014398529725389832,-76.70000000000005,-0.051795276973048934
B00NLNDP1Y,1800 Bed Sheets,Queen,Aqua,1396.55,1597.9999999999998,1080,1065,35,40,0.032407407407407406,0.03755868544600939,-0.005151278038601985,-201.44999999999982,-0.12606382978723393
B07RBZ1MYN,1800 Bed Sheets,King,Pinstripe Gray,1375.04,1502.2299999999998,505,487,32,36,0.06336633663366337,0.07392197125256673,-0.010555634618903367,-127.18999999999983,-0.0846674610412519
B0822W82LP,1800 Bed Sheet Set With DEEP Fitted Sheet,King,Blue Hydrangea,1351.22,1247.28,331,331,26,24,0.07854984894259819,0.07250755287009064,0.006042296072507544,103.94000000000005,0.08333333333333338
B0BMWCNGW8,1800 Bed Sheet Set With DEEP Fitted Sheet,Queen,Golden Ivory,1349.19,1098.34,401,332,28,22,0.06982543640897755,0.06626506024096386,0.0035603761680136903,250.85000000000014,0.22839011599322628
B0822WBGD9,1800 Bed Sheet Set With DEEP Fitted Sheet,King,Beige,1299.25,1351.2199999999998,391,358,25,26,0.0639386189258312,0.07262569832402235,-0.008687079398191147,-51.9699999999998,-0.03846153846153832
B0822WT3R6,1800 Bed Sheet Set With DEEP Fitted Sheet,King,Gray,1298.21,1401.1100000000001,280,285,25,27,0.08928571428571429,0.09473684210526316,-0.005451127819548873,-102.90000000000009,-0.0734417711671461
B00NQDGK3O,1800 Bed Sheets,King,Brown,1288.24,1160.19,513,382,30,27,0.05847953216374269,0.07068062827225131,-0.012201096108508627,128.04999999999995,0.11036985321369772
B01DN0ALM0,1800 Bed Sheets,Queen,Emerald Green,1279.0400000000002,1594.0,696,637,32,40,0.04597701149425287,0.06279434850863422,-0.016817337014381345,-314.9599999999998,-0.19759096612296098
B07RC2W7Q8,1800 Bed Sheets,Queen,Laced Sky Blue,1279.04,1558.0299999999997,513,480,32,40,0.06237816764132553,0.08333333333333333,-0.020955165692007796,-278.9899999999998,-0.17906587164560364
B07R5VPFDK,1800 Bed Sheets,King,Laced Sky Blue,1245.27,773.4599999999999,423,327,29,18,0.06855791962174941,0.05504587155963303,0.01351204806211638,471.81000000000006,0.6099992242649912
B00RKHX3E6,1800 Pillowcase Set 2 pc,Set of 2 King Size,White,1220.88,1752.83,220,219,69,99,0.31363636363636366,0.4520547945205479,-0.13841843088418426,-531.9499999999998,-0.3034806569946885
B0822ZZJLL,1800 Bedskirt,Queen,White,1216.2599999999998,1258.1999999999998,969,637,60,60,0.06191950464396285,0.09419152276295134,-0.03227201811898849,-41.940000000000055,-0.03333333333333338
B00ZSGVJE2,1800 Bed Sheets,King,Striped White,1201.44,1417.15,512,897,28,33,0.0546875,0.03678929765886288,0.01789820234113712,-215.71000000000004,-0.15221395053452352
B01CYLCRO4,1800 Bed Sheets,King,Paisley Gray,1199.72,859.4,489,432,28,20,0.05725971370143149,0.046296296296296294,0.0109634174051352,340.32000000000005,0.39599720735396793
B0822WHPQZ,1800 Bed Sheet Set With DEEP Fitted Sheet,Queen,Blue Hydrangea,1198.28,1199.28,360,318,24,25,0.06666666666666667,0.07861635220125786,-0.011949685534591192,-1.0,-0.0008338336335134414
B0822X1KV9,1800 Bed Sheet Set With DEEP Fitted Sheet,Queen,Beige,1198.28,949.43,291,265,24,19,0.08247422680412371,0.07169811320754717,0.010776113596576542,248.85000000000002,0.2621046311997725
B0822XGGJ6,1800 Bed Sheet Set With DEEP Fitted Sheet,Queen,Light Gray,1198.2799999999997,1545.07,422,371,24,31,0.05687203791469194,0.08355795148247978,-0.026685913567787843,-346.7900000000002,-0.22444937769809795
B0DGQPSZVY,1800 Bed Sheets,King,Mineral Gray,1160.1899999999998,558.61,796,601,27,13,0.03391959798994975,0.021630615640599003,0.012288982349350747,601.5799999999998,1.0769230769230766
B00WAIH2TM,1800 Bed Sheets,Queen,Lavender,1159.1299999999999,1159.1299999999999,1032,945,29,31,0.02810077519379845,0.0328042328042328,-0.00470345761043435,0.0,0.0
B00NLNDO6K,1800 Bed Sheets,Queen,Navy Blue,1156.73,1238.27,311,241,29,31,0.0932475884244373,0.12863070539419086,-0.03538311696975356,-81.53999999999996,-0.06584993579752393
B0822YMKR5,1800 Bedskirt,King,White,1148.5,803.95,683,603,50,35,0.07320644216691069,0.05804311774461028,0.015163324422300409,344.54999999999995,0.4285714285714285
B0CNRZQ14K,1800 Bed Sheets,King,Hazy Lilac,1117.2199999999998,773.4599999999999,472,400,26,18,0.05508474576271186,0.045,0.010084745762711865,343.7599999999999,0.4444444444444443
B0CNRZDPG2,1800 Bed Sheets,Queen,Hazy Lilac,1079.19,1038.42,775,782,28,26,0.03612903225806452,0.03324808184143223,0.0028809504166322913,40.76999999999998,0.039261570462818494
B01DN0APS0,1800 Bed Sheets,Queen,Yellow,1078.3899999999999,719.4599999999999,706,686,27,18,0.03824362606232295,0.026239067055393587,0.012004559006929361,358.92999999999995,0.4988880549300864
B0CNRWYNDF,1800 Bed Sheets,Queen,Terracotta,1039.2199999999998,759.4300000000001,463,444,26,19,0.056155507559395246,0.04279279279279279,0.013362714766602453,279.78999999999974,0.3684210526315786
B013FJJOCM,1800 Bed Sheets,Queen,Royal Blue,1036.82,478.84000000000003,358,336,26,12,0.07262569832402235,0.03571428571428571,0.03691141260973664,557.9799999999999,1.165274413165149
B0822X3C9M,1800 Bed Sheet Set With DEEP Fitted Sheet,Twin,White,1034.31,539.64,238,206,24,12,0.10084033613445378,0.05825242718446602,0.04258790894998776,494.66999999999996,0.9166666666666666
B0CNRXVPC8,1800 Bed Sheets,King,Blue Nova,1031.28,686.6600000000001,352,272,24,16,0.06818181818181818,0.058823529411764705,0.009358288770053472,344.6199999999999,0.5018786590161067
B00NLNDSZW,1800 Bed Sheets,Queen,Purple,999.2499999999999,799.4,311,314,25,20,0.08038585209003216,0.06369426751592357,0.01669158457410859,199.8499999999999,0.2499999999999999
B08CZZCRQS,1800 Bed Sheet Set With DEEP Fitted Sheet,Queen,Paisley Gray,998.4,299.82,304,260,20,6,0.06578947368421052,0.023076923076923078,0.042712550607287444,698.5799999999999,2.3299979987992794
B0822WWZJQ,1800 Bed Sheet Set With DEEP Fitted Sheet,Twin XL,White,989.34,1933.7099999999998,316,474,22,43,0.06962025316455696,0.09071729957805907,-0.021097046413502116,-944.3699999999998,-0.48837209302325574
B00NQDGDYA,1800 Bed Sheets,King,Navy Blue,988.31,558.61,184,138,23,13,0.125,0.09420289855072464,0.03079710144927536,429.69999999999993,0.769230769230769
B0822WXPVG,1800 Bed Sheet Set With DEEP Fitted Sheet,King,Spa Blue,987.4300000000001,935.4599999999999,283,285,19,18,0.06713780918727916,0.06315789473684211,0.00397991445043705,51.97000000000014,0.05555555555555571
B0CNS16FHR,1800 Bed Sheets,Full,Sky Blue,987.22,1063.16,395,325,26,28,0.06582278481012659,0.08615384615384615,-0.020331061343719564,-75.94000000000005,-0.07142857142857148
B0DGQRH24Q,1800 Bed Sheets,Full,Mineral Gray,985.7,493.61,308,266,26,13,0.08441558441558442,0.04887218045112782,0.0355434039644566,492.09000000000003,0.9969206458540143
B01DN0A9IQ,1800 Bed Sheets,Full,Blue Hydrangea,985.6999999999999,872.5500000000001,349,330,26,23,0.07449856733524356,0.0696969696969697,0.004801597638273855,113.14999999999986,0.12967738238496346
B08RZBT9K8,1800 Bed Sheets,King,Teal,941.9399999999999,763.26,362,330,22,18,0.06077348066298342,0.05454545454545454,0.00622802611752888,178.67999999999995,0.2341010926813929
B0822YG3V8,1800 Pillowcase Set 4 pc,Standard,White,937.98,1016.28,145,122,35,38,0.2413793103448276,0.3114754098360656,-0.07009609949123799,-78.29999999999995,-0.0770456960680127
B016P42E9E,1800 Bed Sheets,Twin XL,Gray,907.8199999999999,663.7299999999999,246,249,26,19,0.10569105691056911,0.07630522088353414,0.02938583602703497,244.09000000000003,0.36775496060144947
B08CZZZVYR,1800 Bed Sheet Set With DEEP Fitted Sheet,King,Paisley Gray,882.45,883.49,329,333,17,17,0.05167173252279635,0.05105105105105105,0.0006206814717453005,-1.0399999999999636,-0.0011771497130697163
B00WAIH1FW,1800 Bed Sheets,Queen,Black,877.74,1238.2699999999998,353,314,22,32,0.06232294617563739,0.10191082802547771,-0.03958788184984032,-360.52999999999975,-0.2911562098734523
B08RZDW2H2,1800 Bed Sheets,Twin,Blush Pink,874.25,629.46,295,260,26,18,0.08813559322033898,0.06923076923076923,0.018904823989569747,244.78999999999996,0.3888888888888888
B00O35DBNG,1800 Bed Sheets,Full,Beige,873.31,948.4899999999999,206,158,23,25,0.11165048543689321,0.15822784810126583,-0.046577362664372624,-75.17999999999995,-0.07926282828495815
B00WAIH5ZI,1800 Bed Sheets,King,Lavender,859.4,644.5500000000001,408,350,20,16,0.049019607843137254,0.045714285714285714,0.00330532212885154,214.8499999999999,0.33333333333333315
B01DN0ASH8,1800 Bed Sheets,King,Emerald Green,816.43,730.4899999999999,473,414,19,17,0.040169133192389,0.04106280193236715,-0.0008936687399781484,85.94000000000005,0.11764705882352951
B0CNRZ5KZH,1800 Bed Sheets,King,Terracotta,816.43,557.75,307,203,19,13,0.06188925081433225,0.06403940886699508,-0.0021501580526628317,258.67999999999995,0.4637920215150156
B0BMWBX14R,1800 Bed Sheet Set With DEEP Fitted Sheet,Queen,Blush Pink,799.52,849.49,324,274,16,17,0.04938271604938271,0.06204379562043796,-0.012661079571055243,-49.97000000000003,-0.05882352941176474
B08C1C46DQ,1800 Bed Sheet Set With DEEP Fitted Sheet,King,Aqua,779.5500000000001,727.58,236,242,15,14,0.0635593220338983,0.05785123966942149,0.005708082364476813,51.97000000000003,0.07142857142857147
B00NQDGHDC,1800 Bed Sheets,King,Aqua,773.46,1074.25,568,487,18,25,0.03169014084507042,0.0513347022587269,-0.019644561413656475,-300.78999999999996,-0.27999999999999997
B01DN0A328,1800 Bed Sheets,Twin XL,Blue Hydrangea,769.3399999999999,593.79,207,230,22,17,0.10628019323671498,0.07391304347826087,0.0323671497584541,175.54999999999995,0.29564324087640403
B08CZXP1GF,1800 Bed Sheet Set With DEEP Fitted Sheet,Queen,Spa Mint,749.55,646.61,356,303,15,13,0.042134831460674156,0.0429042904290429,-0.0007694589683687469,102.93999999999994,0.15919951748349073
B079YXK5SN,1800 Duvet Cover Set,Queen,White,731.5699999999999,800.81,172,169,21,23,0.12209302325581395,0.13609467455621302,-0.01400165130039907,-69.24000000000001,-0.08646245676252796
B00WAIH49U,1800 Bed Sheets,King,Black,729.6300000000001,644.5500000000001,132,120,17,15,0.12878787878787878,0.125,0.0037878787878787845,85.08000000000004,0.13199906911798934
B0CLYD6CZX,1800 Bed Sheets,California King,Ivory,719.52,627.78,197,196,17,14,0.08629441624365482,0.07142857142857142,0.014865844815083393,91.74000000000001,0.14613399598585494
B0CYCRBWJS,1800 Bed Sheet Set 6 PC With DEEP Fitted Sheet,Queen,White,699.5799999999999,399.76,74,88,14,8,0.1891891891891892,0.09090909090909091,0.09828009828009829,299.81999999999994,0.7499999999999999
B0822X88ND,1800 Bed Sheet Set With DEEP Fitted Sheet,Queen,Spa Blue,699.5799999999999,199.88,245,235,15,4,0.061224489795918366,0.01702127659574468,0.04420321320017369,499.69999999999993,2.4999999999999996
B0822WFPWY,1800 Bed Sheet Set With DEEP Fitted Sheet,Queen,Navy Blue,699.5799999999999,498.7,162,149,14,10,0.08641975308641975,0.06711409395973154,0.019305659126688204,200.87999999999994,0.40280729897734097
B01DN09YTG,1800 Bed Sheets,Twin,Blue Hydrangea,699.4,559.52,134,137,20,16,0.14925373134328357,0.11678832116788321,0.03246541017540036,139.88,0.25
B00ZSGVP8W,1800 Bed Sheets,Full,Striped White,683.4599999999999,340.96999999999997,225,190,18,9,0.08,0.04736842105263158,0.03263157894736842,342.48999999999995,1.0044578701938587
B00ZSGV3E8,1800 Bed Sheets,Twin,Striped White,664.43,276.96000000000004,69,55,19,8,0.2753623188405797,0.14545454545454545,0.12990777338603426,387.4699999999999,1.3990106874638932
B0BMW72PRP,1800 Bed Sheet Set With DEEP Fitted Sheet,Queen,Sage,649.6099999999999,949.43,260,262,14,19,0.05384615384615385,0.07251908396946564,-0.018672930123311796,-299.82000000000005,-0.3157894736842106
B08RZD3PN6,1800 Bed Sheets,Full,Sage,645.49,911.2800000000001,295,281,17,24,0.0576271186440678,0.08540925266903915,-0.02778213402497135,-265.7900000000001,-0.29166666666666674
B00ZSGV5LY,1800 Bed Sheets,Queen,Striped Gray/Silver,639.52,279.78999999999996,338,331,16,7,0.047337278106508875,0.021148036253776436,0.02618924185273244,359.73,1.285714285714286
B016P42FZW,1800 Bed Sheets,Twin XL,Navy Blue,629.46,419.64,76,89,19,13,0.25,0.14606741573033707,0.10393258426966293,209.82000000000005,0.5000000000000001
B0822Y1V11,1800 Pillowcase Set 4 pc,King,White,617.22,527.04,42,54,24,20,0.5714285714285714,0.37037037037037035,0.20105820105820105,90.18000000000006,0.1711065573770493
B0CYCRHZR1,1800 Bed Sheet Set 6 PC With DEEP Fitted Sheet,King,White,615.6700000000001,951.49,150,122,12,17,0.08,0.13934426229508196,-0.059344262295081954,-335.81999999999994,-0.35294117647058815
B0CNRXLLCS,1800 Bed Sheets,Full,Blue Nova,607.52,721.4299999999998,187,173,16,19,0.0855614973262032,0.10982658959537572,-0.02426509226917252,-113.90999999999985,-0.1578947368421051
B00WAIGZYK,1800 Bed Sheets,Full,Lavender,607.52,340.97,235,227,16,9,0.06808510638297872,0.039647577092511016,0.02843752929046771,266.54999999999995,0.7817403290612075
B08BZWJ6QK,1800 Bed Sheet Set With DEEP Fitted Sheet,Queen,Tan,599.64,699.58,203,163,12,14,0.059113300492610835,0.08588957055214724,-0.02677627005953641,-99.94000000000005,-0.14285714285714293
B00NLNDU00,1800 Bed Sheets,Queen,Brick Red,598.75,399.7,385,364,15,10,0.03896103896103896,0.027472527472527472,0.011488511488511488,199.05,0.49799849887415565
B00SUF34LO,1800 Bed Sheets,Twin,Light Gray,591.69,489.58000000000004,154,134,17,14,0.11038961038961038,0.1044776119402985,0.005911998449311881,102.11000000000001,0.20856652641039258
B0BMW6YBL4,1800 Bed Sheet Set With DEEP Fitted Sheet,King,Pinstripe Gray,571.6700000000001,779.5500000000002,300,259,11,15,0.03666666666666667,0.05791505791505792,-0.02124839124839125,-207.8800000000001,-0.2666666666666667
B0822XT63Y,1800 Bed Sheet Set With DEEP Fitted Sheet,King,Navy Blue,571.67,519.6999999999999,132,114,11,10,0.08333333333333333,0.08771929824561403,-0.0043859649122807015,51.97000000000003,0.10000000000000006
B08RZDX3PY,1800 Bed Sheets,California King,Golden Ivory,538.74,314.78999999999996,145,121,12,7,0.08275862068965517,0.05785123966942149,0.024907381020233682,223.95000000000005,0.7114266653959785
B00O35DIC0,1800 Bed Sheets,Full,Brown,531.5799999999999,265.03,183,205,14,7,0.07650273224043716,0.03414634146341464,0.04235639077702252,266.54999999999995,1.0057351997887032
B0DGQQMQNK,1800 Bed Sheets,Twin XL,Mineral Gray,524.5500000000001,384.67,192,206,15,11,0.078125,0.05339805825242718,0.02472694174757282,139.88000000000005,0.36363636363636376
B0BMW6NBFV,1800 Bed Sheet Set With DEEP Fitted Sheet,King,Laced Sky Blue,519.7,415.76,307,261,10,8,0.03257328990228013,0.03065134099616858,0.00192194890611155,103.94000000000005,0.2500000000000001
B01DN0AKSK,1800 Bed Sheets,Queen,Coral,518.81,678.6899999999999,431,412,13,17,0.030162412993039442,0.0412621359223301,-0.011099722929290658,-159.88,-0.23557146856444033
B08RZCW5QJ,1800 Bed Sheets,California King,Sage,494.66999999999996,89.94,137,95,11,2,0.08029197080291971,0.021052631578947368,0.05923933922397234,404.72999999999996,4.5
B01N10ETBD,1800 Bed Sheets,Split King,White,494.66999999999996,224.85,270,216,11,5,0.040740740740740744,0.023148148148148147,0.017592592592592597,269.81999999999994,1.1999999999999997
B07R924M7Y,1800 Bed Sheets,Full,Laced Sky Blue,493.61,339.37,503,371,13,9,0.02584493041749503,0.02425876010781671,0.001586170309678319,154.24,0.4544892005775408
B00O35DFRI,1800 Bed Sheets,Full,Aqua,493.60999999999996,531.58,322,291,13,14,0.040372670807453416,0.048109965635738834,-0.007737294828285418,-37.970000000000084,-0.07142857142857158
B013FJJJC2,1800 Bed Sheets,Full,Royal Blue,492.09,379.69999999999993,133,124,13,10,0.09774436090225563,0.08064516129032258,0.017099199611933055,112.39000000000004,0.2959968396102188
B0CLYCSPZB,1800 Bed Sheets,Twin XL,Ivory,489.58000000000004,523.8499999999999,177,240,14,15,0.07909604519774012,0.0625,0.01659604519774012,-34.26999999999987,-0.065419490312112
B00O35CXSK,1800 Bed Sheets,Twin,Beige,489.58000000000004,244.79,58,61,19,7,0.3275862068965517,0.11475409836065574,0.21283210853589596,244.79000000000005,1.0000000000000002
B016P42YS0,1800 Bed Sheets,Twin XL,Black,488.88,419.64,64,49,14,12,0.21875,0.24489795918367346,-0.026147959183673464,69.24000000000001,0.1649985702030312
B0DGQQ6JJ1,1800 Bed Sheets,Queen,Oxford Stripe Sage,479.64,599.55,359,373,12,16,0.033426183844011144,0.04289544235924933,-0.009469258515238187,-119.90999999999997,-0.19999999999999996
B01ES3L33W,1800 Fitted Sheet,Queen,White,479.28,499.25,162,175,24,25,0.14814814814814814,0.14285714285714285,0.005291005291005291,-19.970000000000027,-0.040000000000000056
B0CLYC7DLL,1800 Bed Sheets,King,Burgundy,472.66999999999996,343.76,93,77,11,8,0.11827956989247312,0.1038961038961039,0.014383465996369221,128.90999999999997,0.37499999999999994
B01DN0ARJM,1800 Bed Sheets,King,Coral,472.66999999999996,254.42,285,237,11,6,0.03859649122807018,0.02531645569620253,0.013280035531867646,218.24999999999997,0.8578335036553729
B00ZSGVRE4,1800 Bed Sheets,King,Striped Gray/Silver,471.81000000000006,730.49,264,217,11,17,0.041666666666666664,0.07834101382488479,-0.03667434715821812,-258.67999999999995,-0.3541184684253035
B08TRRPSQN,1800 Pillowcase Set 2 pc,Set of 2 Standard Size,Golden Ivory,467.21999999999997,341.42999999999995,77,80,26,19,0.33766233766233766,0.2375,0.10016233766233767,125.79000000000002,0.36842105263157904
B0BMWBCR3Y,1800 Bed Sheet Set With DEEP Fitted Sheet,Full,Pinstripe Gray,459.7,0.0,84,75,10,0,0.11904761904761904,0.0,0.11904761904761904,459.7,
B0BMW9NHP1,1800 Bed Sheet Set With DEEP Fitted Sheet,Full,Blush Pink,458.78,505.67,128,123,10,11,0.078125,0.08943089430894309,-0.01130589430894309,-46.89000000000004,-0.09272845927185722
B00O35DD2U,1800 Bed Sheets,Full,Navy Blue,455.64,341.73,104,106,12,9,0.11538461538461539,0.08490566037735849,0.030478955007256905,113.90999999999997,0.3333333333333332
B07BKQ9YK9,1800 Bed Sheets,Full,Spa Blue,455.64,417.66999999999996,243,232,12,11,0.04938271604938271,0.04741379310344827,0.00196892294593444,37.97000000000003,0.09090909090909098
B01DN0AEXQ,1800 Bed Sheets,Full,Spa Mint,454.88,683.4599999999999,358,345,12,18,0.0335195530726257,0.05217391304347826,-0.01865435997085256,-228.57999999999993,-0.3344453223304948
B00O35CYQG,1800 Bed Sheets,Twin,Gray,453.90999999999997,349.7,109,100,13,10,0.11926605504587157,0.1,0.01926605504587156,104.20999999999998,0.29799828424363733
B08BZYCY47,1800 Bed Sheet Set With DEEP Fitted Sheet,Queen,Aqua,449.73,699.58,229,223,9,14,0.039301310043668124,0.06278026905829596,-0.02347895901462784,-249.85000000000002,-0.35714285714285715
B0822WFRNV,1800 Bed Sheet Set With DEEP Fitted Sheet,Queen,Brick Red,449.73,49.97,105,78,9,1,0.08571428571428572,0.01282051282051282,0.0728937728937729,399.76,8.0
B0822Z3PLW,1800 Bed Sheet Set With DEEP Fitted Sheet,Twin XL,Gray,449.7,449.7,104,99,10,10,0.09615384615384616,0.10101010101010101,-0.004856254856254849,0.0,0.0
B00O35DPN2,1800 Bed Sheets,California King,Gray,449.7,674.55,114,112,10,15,0.08771929824561403,0.13392857142857142,-0.046209273182957394,-224.84999999999997,-0.3333333333333333
B014MVUDWM,1800 Pillowcase Set 2 pc,Set of 2 Standard Size,Light Gray,449.25,341.42999999999995,87,85,25,19,0.28735632183908044,0.2235294117647059,0.06382691007437455,107.82000000000005,0.31578947368421073
B0BMW7CQ51,1800 Bed Sheet Set With DEEP Fitted Sheet,Queen,Laced Sky Blue,448.73,549.67,262,212,9,11,0.03435114503816794,0.05188679245283019,-0.01753564741466225,-100.93999999999994,-0.18363745520039287
B08CZZ5HLF,1800 Bed Sheet Set With DEEP Fitted Sheet,Queen,Purple,448.73,549.67,118,84,9,11,0.07627118644067797,0.13095238095238096,-0.05468119451170299,-100.93999999999994,-0.18363745520039287
B00NLNDR30,1800 Bed Sheets,Queen,Gold,439.66999999999996,478.84,420,661,11,12,0.02619047619047619,0.018154311649016642,0.00803616454145955,-39.170000000000016,-0.08180185448166406
B0CLY98MH3,1800 Bed Sheets,Queen,Burgundy,439.66999999999996,718.6600000000001,157,175,11,18,0.07006369426751592,0.10285714285714286,-0.03279344858962693,-278.9900000000001,-0.388208610469485
B0822YLBZP,1800 Bedskirt,Twin XL,White,439.34000000000003,379.43,313,255,22,19,0.07028753993610223,0.07450980392156863,-0.004222263985466393,59.910000000000025,0.15789473684210534
B00NQDGLTW,1800 Bed Sheets,King,Brick Red,429.7,171.88,208,139,10,4,0.04807692307692308,0.02877697841726619,0.01929994465965689,257.82,1.5
B0CLYB7V8V,1800 Bed Sheets,King,Taupe,429.7,300.78999999999996,149,127,10,7,0.06711409395973154,0.05511811023622047,0.011995983723511072,128.91000000000003,0.4285714285714287
B08RZDZZHJ,1800 Bed Sheets,Twin,Golden Ivory,419.64000000000004,944.1899999999999,216,251,12,28,0.05555555555555555,0.11155378486055777,-0.055998229305002215,-524.55,-0.5555555555555556
B016P42LGU,1800 Bed Sheets,Twin XL,Aqua,419.64,559.52,134,138,12,16,0.08955223880597014,0.11594202898550725,-0.026389790179537104,-139.88,-0.25
B08RZC21CJ,1800 Bed Sheets,Twin XL,Golden Ivory,419.64,454.61,191,211,12,13,0.06282722513089005,0.061611374407582936,0.001215850723307113,-34.97000000000003,-0.07692307692307698
B01DK4LZV0,1800 Bed Sheets,Twin XL,Striped White,419.64,279.76,119,112,12,8,0.10084033613445378,0.07142857142857142,0.02941176470588236,139.88,0.5
B08BZXJS3M,1800 Bed Sheet Set With DEEP Fitted Sheet,King,Brown,415.76,207.88,137,125,8,4,0.058394160583941604,0.032,0.026394160583941603,207.88,1.0
B0822WMBHV,1800 Bed Sheet Set With DEEP Fitted Sheet,Full,Gray,413.72999999999996,459.7,99,74,9,10,0.09090909090909091,0.13513513513513514,-0.04422604422604423,-45.97000000000003,-0.10000000000000006
B0BMW7914Q,1800 Bed Sheet Set With DEEP Fitted Sheet,Twin XL,Golden Ivory,404.73,134.91,124,110,9,3,0.07258064516129033,0.02727272727272727,0.04530791788856306,269.82000000000005,2.0000000000000004
B0BMW9DRC4,1800 Bed Sheet Set With DEEP Fitted Sheet,Twin XL,Pinstripe Gray,404.73,179.88,74,79,9,4,0.12162162162162163,0.05063291139240506,0.07098871022921657,224.85000000000002,1.2500000000000002
B0822W3JSL,1800 Bed Sheet Set With DEEP Fitted Sheet,Twin XL,Navy Blue,404.73,269.82,43,53,9,6,0.20930232558139536,0.11320754716981132,0.09609477841158404,134.91000000000003,0.5000000000000001
B0822WYDZD,1800 Bed Sheet Set With DEEP Fitted Sheet,Twin,Light Gray,404.73,134.91,55,48,9,3,0.16363636363636364,0.0625,0.10113636363636364,269.82000000000005,2.0000000000000004
B08CZY1XL7,1800 Bed Sheet Set With DEEP Fitted Sheet,Queen,Coral,399.76,249.85,103,98,8,5,0.07766990291262135,0.05102040816326531,0.026649494749356045,149.91,0.6
B0BTZ4CFWV,1800 Bed Sheet Set 6 PIECE,Queen,Light Gray,395.72999999999996,175.88,62,44,9,4,0.14516129032258066,0.09090909090909091,0.05425219941348974,219.84999999999997,1.2499999999999998
B01ES3MMYG,1800 Fitted Sheet,King,White,395.46,593.19,81,93,18,28,0.2222222222222222,0.3010752688172043,-0.0788530465949821,-197.73000000000008,-0.3333333333333334
B0DGQRDZLP,1800 Bed Sheets,King,Oxford Stripe Sage,386.73,558.6099999999999,397,388,9,13,0.022670025188916875,0.03350515463917526,-0.010835129450258382,-171.87999999999988,-0.30769230769230754
B01DN0AX4G,1800 Bed Sheets,King,Yellow,386.73,515.64,417,310,9,12,0.02158273381294964,0.03870967741935484,-0.0171269436064052,-128.90999999999997,-0.24999999999999994
B0DGQR5Q2K,1800 Bed Sheets,King,Charcoal,385.87,213.13,93,45,9,5,0.0967741935483871,0.1111111111111111,-0.01433691756272401,172.74,0.8104912494721532
B08RZCQN3D,1800 Bed Sheets,Twin XL,Sage,384.66999999999996,244.79,103,118,11,7,0.10679611650485436,0.059322033898305086,0.04747408260654928,139.87999999999997,0.5714285714285713
B08V93R9LN,1800 Bed Sheets,RV / Short Queen,Light Gray,384.66999999999996,559.52,86,91,11,16,0.12790697674418605,0.17582417582417584,-0.047917199079989786,-174.85000000000002,-0.31250000000000006
B016P42CLE,1800 Bed Sheets,Twin XL,Beige,384.66999999999996,279.76,112,114,11,8,0.09821428571428571,0.07017543859649122,0.028038847117794488,104.90999999999997,0.3749999999999999
B07BKPDKCN,1800 Bed Sheets,Twin XL,Spa Blue,383.97,349.7,151,142,11,10,0.0728476821192053,0.07042253521126761,0.0024251469079376864,34.27000000000004,0.09799828424363752
B0DGQRFYH8,1800 Bed Sheets,Twin,Mineral Gray,381.87,174.85,97,98,11,5,0.1134020618556701,0.05102040816326531,0.062381653692404795,207.02,1.1839862739490994
B0BTZ7JCPL,1800 Bed Sheet Set 6 PIECE,Twin XL,White,379.7,1362.3600000000001,174,147,10,36,0.05747126436781609,0.24489795918367346,-0.1874266948158574,-982.6600000000001,-0.721292463078775
B0822YRCDP,1800 Pillowcase Set 4 pc,Standard,Gray,378.0,162.0,31,22,14,7,0.45161290322580644,0.3181818181818182,0.13343108504398826,216.0,1.3333333333333333
B08TRRF39C,1800 Pillowcase Set 2 pc,Set of 2 Standard Size,Sage,377.37,215.64,73,51,21,12,0.2876712328767123,0.23529411764705882,0.05237711522965349,161.73000000000002,0.7500000000000001
B08RZCXTG7,1800 Bed Sheets,Full,Teal,377.34,455.63999999999993,163,151,10,12,0.06134969325153374,0.07947019867549669,-0.01812050542396295,-78.29999999999995,-0.17184619436397147
B07GQ38TP8,1800 Duvet Cover Set,King,White,369.7,442.15999999999997,200,209,10,12,0.05,0.05741626794258373,-0.0074162679425837305,-72.45999999999998,-0.16387732947349373
B0822XTD1X,1800 Bed Sheet Set With DEEP Fitted Sheet,Full,Light Gray,367.76,597.61,102,93,8,13,0.0784313725490196,0.13978494623655913,-0.06135357368753952,-229.85000000000002,-0.38461538461538464
B0822X28WM,1800 Bed Sheet Set With DEEP Fitted Sheet,King,Black,363.78999999999996,467.73,129,92,7,9,0.05426356589147287,0.09782608695652174,-0.043562521065048876,-103.94000000000005,-0.22222222222222232
B08CZY4RXL,1800 Bed Sheet Set With DEEP Fitted Sheet,King,Purple,363.78999999999996,311.82000000000005,90,83,7,6,0.07777777777777778,0.07228915662650602,0.005488621151271758,51.969999999999914,0.16666666666666635
B08BZXVCB5,1800 Bed Sheet Set With DEEP Fitted Sheet,King,Emerald Green,363.78999999999996,467.73,200,154,7,9,0.035,0.05844155844155844,-0.023441558441558437,-103.94000000000005,-0.22222222222222232
B0BMW6QWW7,1800 Bed Sheet Set With DEEP Fitted Sheet,California King,Golden Ivory,363.78999999999996,103.94,101,93,7,2,0.06930693069306931,0.021505376344086023,0.04780155434898329,259.84999999999997,2.4999999999999996
B0822WGD4S,"1800 Fitted Sheet 21"" Deep",King,White,363.5799999999999,129.85,147,105,14,5,0.09523809523809523,0.047619047619047616,0.047619047619047616,233.72999999999993,1.7999999999999996
B0CNRYFVFL,1800 Bed Sheets,Queen,Pistachio,359.73,279.78999999999996,529,526,9,7,0.017013232514177693,0.013307984790874524,0.003705247723303169,79.94000000000005,0.2857142857142859
B0CNRYGRBQ,1800 Bed Sheets,Queen,Poppy Orange,359.73,439.6700000000001,264,267,9,11,0.03409090909090909,0.04119850187265917,-0.007107592781750084,-79.94000000000005,-0.1818181818181819
B08BZVYQ96,1800 Bed Sheet Set With DEEP Fitted Sheet,Queen,Emerald Green,349.78999999999996,299.82,153,173,7,6,0.0457516339869281,0.03468208092485549,0.011069553062072614,49.96999999999997,0.16666666666666657
B08BZWL45V,1800 Bed Sheet Set With DEEP Fitted Sheet,Queen,Lavender,349.78999999999996,499.7,198,193,7,10,0.03535353535353535,0.05181347150259067,-0.016459936149055318,-149.91000000000003,-0.30000000000000004
B0CNRXT6D9,1800 Bed Sheets,Twin,Sky Blue,349.7,559.52,146,152,10,16,0.0684931506849315,0.10526315789473684,-0.03677000720980533,-209.82,-0.375
B07R5VNM7R,1800 Bed Sheets,Twin,Pinstripe Gray,349.7,279.76,91,63,10,8,0.10989010989010989,0.12698412698412698,-0.01709401709401709,69.94,0.25
B00NQDGJ8A,1800 Bed Sheets,King,Gold,343.76,300.78999999999996,122,121,8,7,0.06557377049180328,0.05785123966942149,0.007722530822381793,42.97000000000003,0.14285714285714296
B00NQDGKZC,1800 Bed Sheets,King,Purple,343.76,128.91,137,111,8,3,0.058394160583941604,0.02702702702702703,0.031367133556914575,214.85,1.6666666666666667
B01DN0AAO4,1800 Bed Sheets,Full,Coral,341.73,265.78999999999996,154,168,9,7,0.05844155844155844,0.041666666666666664,0.016774891774891776,75.94000000000005,0.285714285714286
B00O35DKHS,1800 Bed Sheets,Full,Purple,341.73,113.91,151,105,9,3,0.059602649006622516,0.02857142857142857,0.031031220435193945,227.82000000000002,2.0000000000000004
B01DN0B5JS,1800 Pillowcase Set 2 pc,Set of 2 Standard Size,Blue Hydrangea,341.42999999999995,377.36999999999995,69,84,19,21,0.2753623188405797,0.25,0.025362318840579712,-35.94,-0.09523809523809525
B00RKHWN74,1800 Pillowcase Set 2 pc,Set of 2 Standard Size,Gray,323.46,215.64,59,64,18,12,0.3050847457627119,0.1875,0.11758474576271188,107.82,0.5
B0822YZKLZ,1800 Bed Sheet Set With DEEP Fitted Sheet,Full,Blue Hydrangea,321.78999999999996,137.91,88,70,7,3,0.07954545454545454,0.04285714285714286,0.03668831168831169,183.87999999999997,1.333333333333333
B0DGQRDPMP,1800 Bed Sheets,Queen,Oxford Stripe Blue Nova,319.76,519.61,268,279,8,13,0.029850746268656716,0.04659498207885305,-0.016744235810196333,-199.85000000000002,-0.38461538461538464
B0BTZ5HKPM,1800 Bed Sheet Set 6 PIECE,King,Beige,317.82,317.82,52,61,6,6,0.11538461538461539,0.09836065573770492,0.017023959646910475,0.0,0.0
B08CZYNG76,1800 Bed Sheet Set With DEEP Fitted Sheet,Twin XL,Spa Mint,314.78999999999996,44.97,67,73,7,1,0.1044776119402985,0.0136986301369863,0.0907789818033122,269.81999999999994,5.999999999999999
B0822XJFYY,1800 Bed Sheet Set With DEEP Fitted Sheet,Twin XL,Blue Hydrangea,314.78999999999996,89.94,85,83,7,2,0.08235294117647059,0.024096385542168676,0.05825655563430191,224.84999999999997,2.4999999999999996
B00O35D38Y,1800 Bed Sheets,Twin,Aqua,314.73,314.73,121,118,9,9,0.0743801652892562,0.07627118644067797,-0.0018910211514217706,0.0,0.0
B08RZCP48K,1800 Bed Sheets,Twin,Sage,314.73,622.46,109,110,9,18,0.08256880733944955,0.16363636363636364,-0.08106755629691409,-307.73,-0.49437714873244865
B0822W5J5M,1800 Bed Sheet Set With DEEP Fitted Sheet,California King,Gray,311.82,467.73000000000013,69,79,6,9,0.08695652173913043,0.11392405063291139,-0.026967528893780957,-155.91000000000014,-0.33333333333333354
B0BTZ4KPTZ,1800 Bed Sheet Set 6 PIECE,Full,White,310.98,233.82,94,97,8,6,0.0851063829787234,0.061855670103092786,0.023250712875630616,77.16000000000003,0.32999743392353104
B016P433QC,1800 Bed Sheets,Twin XL,Royal Blue,310.53,34.97,70,70,9,1,0.12857142857142856,0.014285714285714285,0.11428571428571427,275.55999999999995,7.879897054618243
B013FJJQPM,1800 Bed Sheets,King,Royal Blue,300.78999999999996,214.85,207,172,7,5,0.033816425120772944,0.029069767441860465,0.00474665767891248,85.93999999999997,0.39999999999999986
B0822VQDHR,1800 Bed Sheet Set With DEEP Fitted Sheet,Queen,Black,299.82,199.88,81,93,6,4,0.07407407407407407,0.043010752688172046,0.031063321385902024,99.94,0.5
B01DN0B6A6,1800 Pillowcase Set 2 pc,Set of 2 Standard Size,Coral,287.52,197.67,46,37,16,11,0.34782608695652173,0.2972972972972973,0.050528789659224416,89.85,0.45454545454545453
B00RKHWL1M,1800 Pillowcase Set 2 pc,Set of 2 Standard Size,Beige,287.52,377.37,47,50,16,21,0.3404255319148936,0.42,-0.07957446808510638,-89.85000000000002,-0.23809523809523817
B0B5HQFYDR,1800 Duvet Cover Set,Oversized King,White,283.98,47.97,36,37,6,1,0.16666666666666666,0.02702702702702703,0.13963963963963963,236.01000000000002,4.919949968730457
B00WAIGW9S,1800 Bed Sheets,Twin,Lavender,279.76,244.79,94,117,8,7,0.0851063829787234,0.05982905982905983,0.02527732314966357,34.97,0.14285714285714285
B0CNRYNKYC,1800 Bed Sheets,Twin XL,Blue Nova,279.76,384.66999999999996,110,134,8,11,0.07272727272727272,0.08208955223880597,-0.009362279511533247,-104.90999999999997,-0.27272727272727265
B0822XRHJV,1800 Bedskirt,Twin XL,Navy Blue,279.58,139.79,51,59,14,7,0.27450980392156865,0.11864406779661017,0.15586573612495846,139.79,1.0
B08CZZMK9Q,1800 Bed Sheet Set With DEEP Fitted Sheet,Full,Spa Mint,275.82,137.91,89,93,6,3,0.06741573033707865,0.03225806451612903,0.03515766582094962,137.91,1.0
B00WAIH7V0,1800 Bed Sheets,California King,Black,269.82,89.94,32,19,6,2,0.1875,0.10526315789473684,0.08223684210526316,179.88,2.0
B014MVUI36,1800 Pillowcase Set 2 pc,Set of 2 King Size,Light Gray,269.19,215.64,36,47,15,12,0.4166666666666667,0.2553191489361702,0.1613475177304965,53.55000000000001,0.24833055091819706
B00RKHWWTI,1800 Pillowcase Set 2 pc,Set of 2 Standard Size,Gold,269.18999999999994,215.64,79,79,15,12,0.189873417721519,0.1518987341772152,0.037974683544303806,53.549999999999955,0.2483305509181968
B0112XOJJQ,1800 Bed Sheets,California King,Tan,268.91999999999996,179.88,73,48,6,4,0.0821917808219178,0.08333333333333333,-0.001141552511415525,89.03999999999996,0.4949966644429618
B00SU0QUUQ,1800 Bed Sheets,California King,Light Gray,268.91999999999996,448.80000000000007,106,92,6,10,0.05660377358490566,0.10869565217391304,-0.05209187858900738,-179.8800000000001,-0.40080213903743334
B01DN0ABHU,1800 Bed Sheets,Full,Emerald Green,265.78999999999996,379.7,230,181,7,10,0.030434782608695653,0.055248618784530384,-0.02481383617583473,-113.91000000000003,-0.3000000000000001
B0BTZ5891D,1800 Bed Sheet Set 6 PIECE,King,Blue Hydrangea,264.85,211.88,39,35,5,4,0.1282051282051282,0.11428571428571428,0.013919413919413912,52.97000000000003,0.2500000000000001
B0BTZ6R86Q,1800 Bed Sheet Set 6 PIECE,King,Light Gray,264.85,105.94,43,29,5,2,0.11627906976744186,0.06896551724137931,0.04731355252606255,158.91000000000003,1.5000000000000002
B099SBTBPD,1800 Duvet Cover Set,Full,White,263.76,32.97,39,23,8,1,0.20512820512820512,0.043478260869565216,0.1616499442586399,230.79,7.0
B08BZX1V5H,1800 Bed Sheet Set With DEEP Fitted Sheet,California King,Emerald Green,259.85,0.0,52,52,5,0,0.09615384615384616,0.0,0.09615384615384616,259.85,
B0822YSF4H,1800 Bed Sheet Set With DEEP Fitted Sheet,California King,Blue Hydrangea,259.85,259.85,71,59,5,5,0.07042253521126761,0.0847457627118644,-0.014323227500596794,0.0,0.0
B0822X6C25,1800 Bed Sheet Set With DEEP Fitted Sheet,California King,Beige,259.85,467.73,88,86,5,9,0.056818181818181816,0.10465116279069768,-0.047832980972515864,-207.88,-0.4444444444444444
B0822VPJB6,1800 Pillow Shams 2 piece,King,Beige,254.19,239.22,180,163,17,17,0.09444444444444444,0.10429447852760736,-0.009850034083162915,14.969999999999999,0.06257837973413594
B0CYCP394Q,1800 Bed Sheet Set 6 PC With DEEP Fitted Sheet,Queen,Sage,249.85,0.0,29,20,5,0,0.1724137931034483,0.0,0.1724137931034483,249.85,
B0822VN7VK,1800 Bed Sheet Set With DEEP Fitted Sheet,Split King,White,249.85,349.78999999999996,176,140,6,7,0.03409090909090909,0.05,-0.015909090909090914,-99.93999999999997,-0.28571428571428564
B08BZWSVC8,1800 Bed Sheet Set With DEEP Fitted Sheet,Queen,Brown,249.85,299.82,118,87,5,6,0.0423728813559322,0.06896551724137931,-0.026592635885447108,-49.97,-0.16666666666666666
B0BMW8JKMX,1800 Bed Sheet Set With DEEP Fitted Sheet,Queen,Pinstripe Gray,249.85,899.46,240,236,5,19,0.020833333333333332,0.08050847457627118,-0.05967514124293785,-649.61,-0.7222222222222222
B07RBZ25P3,1800 Bed Sheets,Twin XL,Laced Sky Blue,244.79,0.0,102,98,7,0,0.06862745098039216,0.0,0.06862745098039216,244.79,
B01DN0A7MY,1800 Bed Sheets,Twin XL,Spa Mint,244.79,384.66999999999996,185,196,7,11,0.03783783783783784,0.05612244897959184,-0.018284611141753997,-139.87999999999997,-0.3636363636363636
B07R5VQK5V,1800 Bed Sheets,Twin XL,Pinstripe Gray,244.79,524.55,102,210,7,15,0.06862745098039216,0.07142857142857142,-0.0028011204481792618,-279.76,-0.5333333333333333
B016P430CY,1800 Bed Sheets,Twin XL,Lavender,244.79,209.82,93,102,7,6,0.07526881720430108,0.058823529411764705,0.016445287792536373,34.97,0.16666666666666666
B01DN0A1PM,1800 Bed Sheets,Twin,Spa Mint,244.79,69.94,113,130,7,2,0.061946902654867256,0.015384615384615385,0.04656228727025187,174.85,2.5
B0DGQQ52Z7,1800 Bed Sheets,Queen,Oxford Stripe Hazy Lilac,239.01999999999998,199.85,173,188,6,5,0.03468208092485549,0.026595744680851064,0.008086336244004424,39.16999999999999,0.19599699774831117
B01MY7SCEE,1800 Bed Sheets,Split King,Gray,234.85,187.88,72,38,5,4,0.06944444444444445,0.10526315789473684,-0.03581871345029239,46.97,0.25
B07M5MCW2R,1800 Pillowcase Set 2 pc,Set of 2 Standard Size,Spa Blue,233.60999999999999,287.52,69,76,13,16,0.18840579710144928,0.21052631578947367,-0.022120518688024393,-53.91,-0.1875
B00RKHX5CQ,1800 Pillowcase Set 2 pc,Set of 2 King Size,Beige,233.60999999999999,107.82,40,34,13,6,0.325,0.17647058823529413,0.14852941176470588,125.78999999999999,1.1666666666666667
B0822VSKCD,1800 Bed Sheet Set With DEEP Fitted Sheet,Full,Beige,229.85,91.94,60,67,5,2,0.08333333333333333,0.029850746268656716,0.05348258706467661,137.91,1.5
B0822Z2JQL,1800 Bedskirt,Cal King,Beige,229.7,114.85,105,64,10,5,0.09523809523809523,0.078125,0.017113095238095233,114.85,1.0
B01DN0AFSU,1800 Bed Sheets,Full,Yellow,227.82,189.09,196,155,6,5,0.030612244897959183,0.03225806451612903,-0.0016458196181698484,38.72999999999999,0.20482310011105817
B0CLY95T5V,1800 Bed Sheets,Full,Burgundy,227.82,189.85,63,56,6,5,0.09523809523809523,0.08928571428571429,0.005952380952380945,37.97,0.2
B0DGQQYPRL,1800 Bed Sheets,Full,Oxford Stripe Sage,227.82,189.09,133,106,6,5,0.045112781954887216,0.04716981132075472,-0.002057029365867505,38.72999999999999,0.20482310011105817
B0112XOOZ0,1800 Bed Sheets,Full,Tan,227.82,493.61,119,93,6,13,0.05042016806722689,0.13978494623655913,-0.08936477816933223,-265.79,-0.5384615384615384
B00ZSGVXS4,1800 Bed Sheets,Full,Striped Gray/Silver,227.82,227.06,115,103,6,6,0.05217391304347826,0.05825242718446602,-0.006078514140987763,0.7599999999999909,0.0033471329164097194
B00WAIGXVU,1800 Bed Sheets,Full,Black,227.06,265.78999999999996,71,81,6,7,0.08450704225352113,0.08641975308641975,-0.001912710832898623,-38.72999999999996,-0.145716543135558
B0CNRXQRJP,1800 Bed Sheets,Full,Pistachio,227.06,113.91,123,112,6,3,0.04878048780487805,0.026785714285714284,0.021994773519163766,113.15,0.993328066017031
B0BTZ7DKC5,1800 Bed Sheet Set 6 PIECE,Queen,Beige,219.85,438.82,87,88,5,10,0.05747126436781609,0.11363636363636363,-0.05616509926854754,-218.97,-0.4989973109703295
B0BTZ45457,1800 Bed Sheet Set 6 PIECE,Queen,Golden Ivory,219.85,43.97,66,60,5,1,0.07575757575757576,0.016666666666666666,0.0590909090909091,175.88,4.0
B0822XBDZW,1800 Bedskirt,Full,White,219.67,159.76,297,162,11,8,0.037037037037037035,0.04938271604938271,-0.012345679012345678,59.91,0.375
B0CNRX8GGP,1800 Bed Sheets,King,Poppy Orange,214.85,128.91,153,106,5,3,0.032679738562091505,0.02830188679245283,0.004377851769638674,85.94,0.6666666666666666
B00O35D05A,1800 Bed Sheets,Twin,Navy Blue,209.82,349.70000000000005,40,38,6,10,0.15,0.2631578947368421,-0.1131578947368421,-139.88000000000005,-0.4000000000000001
B01DN0A8L4,1800 Bed Sheets,Twin XL,Yellow,209.82,69.94,93,83,6,2,0.06451612903225806,0.024096385542168676,0.04041974349008939,139.88,2.0
B07BKTVFBX,1800 Bed Sheets,Twin,Spa Blue,209.82,209.82,96,96,6,6,0.0625,0.0625,0.0,0.0,0.0
B01DN0A3P0,1800 Bed Sheets,Twin XL,Coral,209.82,174.85,59,60,6,5,0.1016949152542373,0.08333333333333333,0.018361581920903966,34.97,0.2
B0CLYDTMYZ,1800 Bed Sheets,Twin XL,Burgundy,209.82,209.82,41,44,6,6,0.14634146341463414,0.13636363636363635,0.009977827050997784,0.0,0.0
B016P42OTE,1800 Bed Sheets,Twin XL,Gold,209.82,34.97,41,43,6,1,0.14634146341463414,0.023255813953488372,0.12308564946114577,174.85,5.0
B08BZX5BKY,1800 Bed Sheet Set With DEEP Fitted Sheet,California King,Lavender,207.88,51.97,49,51,4,1,0.08163265306122448,0.0196078431372549,0.06202480992396958,155.91,3.0
B0822W4BT5,1800 Bed Sheet Set With DEEP Fitted Sheet,California King,Light Gray,207.88,311.82000000000005,93,89,5,6,0.053763440860215055,0.06741573033707865,-0.013652289476863595,-103.94000000000005,-0.3333333333333335
B01NCLP7SY,Cotton Flannel Sheet Set 160GSM,Queen,Sage,207.88,623.6400000000001,76,61,4,13,0.05263157894736842,0.21311475409836064,-0.16048317515099222,-415.7600000000001,-0.6666666666666667
B0822XLS97,1800 Bed Sheet Set With DEEP Fitted Sheet,Split King,Blue Hydrangea,199.88,199.88,45,43,4,4,0.08888888888888889,0.09302325581395349,-0.004134366925064595,0.0,0.0
B01ETTH5H8,1800 Flat Sheet,California King,White,199.7,39.94,27,24,10,2,0.37037037037037035,0.08333333333333333,0.28703703703703703,159.76,4.0
B014MVUCCI,1800 Pillowcase Set 2 pc,Set of 2 Standard Size,Lavender,197.67,71.88,25,30,11,4,0.44,0.13333333333333333,0.30666666666666664,125.78999999999999,1.75
B01DN0BACU,1800 Pillowcase Set 2 pc,Set of 2 Standard Size,Spa Mint,197.67,143.76,60,73,11,8,0.18333333333333332,0.1095890410958904,0.07374429223744292,53.91,0.375
B0822TXPDR,1800 Pillow Shams 2 piece,King,Blue Hydrangea,194.60999999999999,89.82000000000001,60,61,13,6,0.21666666666666667,0.09836065573770492,0.11830601092896176,104.78999999999998,1.1666666666666663
B0DGQRDFJP,1800 Bed Sheets,Full,Oxford Stripe Blue Nova,189.85,189.85,101,93,5,5,0.04950495049504951,0.053763440860215055,-0.004258490365165547,0.0,0.0
B0BTZ92PKT,1800 Bed Sheet Set 6 PIECE,Twin XL,Blush Pink,189.85,265.78999999999996,50,108,5,7,0.1,0.06481481481481481,0.035185185185185194,-75.93999999999997,-0.28571428571428564
B01ES3NVCI,1800 Fitted Sheet,Full,White,189.7,208.67,46,40,10,11,0.21739130434782608,0.275,-0.05760869565217394,-18.97,-0.09090909090909091
B0822ZSBN1,1800 Bedskirt,Queen,Light Gray,188.73,104.85,182,116,10,5,0.054945054945054944,0.04310344827586207,0.011841606669192872,83.88,0.8
B0CNRYT4DL,1800 Bed Sheets,Split King,Terracotta,187.88,93.0,28,19,4,2,0.14285714285714285,0.10526315789473684,0.03759398496240601,94.88,1.020215053763441
B0DGQRP22Y,1800 Bed Sheets,Split King,Mineral Gray,187.88,46.97,71,47,4,1,0.056338028169014086,0.02127659574468085,0.03506143242433324,140.91,3.0
B0BMW97GJF,1800 Bed Sheet Set With DEEP Fitted Sheet,Full,Golden Ivory,183.88,183.88,98,88,4,4,0.04081632653061224,0.045454545454545456,-0.004638218923933214,0.0,0.0
B0BMW7ZJ2R,1800 Bed Sheet Set With DEEP Fitted Sheet,Full,Sage,183.88,274.9,66,84,4,7,0.06060606060606061,0.08333333333333333,-0.02272727272727272,-91.01999999999998,-0.3311022189887231
B0BMW99MVD,1800 Bed Sheet Set With DEEP Fitted Sheet,Twin,Golden Ivory,179.88,89.94,37,51,4,2,0.10810810810810811,0.0392156862745098,0.06889242183359831,89.94,1.0
B078SYGWWF,1800 Duvet Cover Set,King,Hotel White with Gray Embroidery,179.88,0.0,61,53,4,0,0.06557377049180328,0.0,0.06557377049180328,179.88,
B0CNRX2YJB,1800 Bed Sheets,California King,Terracotta,179.88,89.94,59,34,4,2,0.06779661016949153,0.058823529411764705,0.00897308075772682,89.94,1.0
B01DN0B3PY,1800 Bed Sheets,California King,Spa Mint,179.88,224.85,104,86,4,5,0.038461538461538464,0.05813953488372093,-0.019677996422182466,-44.97,-0.2
B0BMW8G18Z,1800 Bed Sheet Set With DEEP Fitted Sheet,Twin,Blush Pink,179.88,314.78999999999996,67,134,4,7,0.05970149253731343,0.05223880597014925,0.00746268656716418,-134.90999999999997,-0.4285714285714285
B01DN0B4OO,1800 Bed Sheets,California King,Yellow,179.88,0.0,54,45,4,0,0.07407407407407407,0.0,0.07407407407407407,179.88,
B01CYLCUAK,1800 Bed Sheets,California King,Paisley Gray,179.88,134.91,73,63,4,3,0.0547945205479452,0.047619047619047616,0.007175472928897586,44.97,0.3333333333333333
B07BKMZ5YD,1800 Bed Sheets,California King,Spa Blue,179.88,44.97,87,59,4,1,0.04597701149425287,0.01694915254237288,0.02902785895187999,134.91,3.0
B0BMW8H5KQ,1800 Bed Sheet Set With DEEP Fitted Sheet,Twin XL,Sage,179.88,89.94,43,55,4,2,0.09302325581395349,0.03636363636363636,0.056659619450317125,89.94,1.0
B0822VTP9F,1800 Bed Sheet Set With DEEP Fitted Sheet,Twin,Beige,179.88,0.0,21,18,4,0,0.19047619047619047,0.0,0.19047619047619047,179.88,
B08BZVPSCB,1800 Bed Sheet Set With DEEP Fitted Sheet,Twin XL,Tan,179.88,134.91,37,31,4,3,0.10810810810810811,0.0967741935483871,0.01133391455972102,44.97,0.3333333333333333
B0CNRYVY46,1800 Pillowcase Set 2 pc,Set of 2 Standard Size,Sky Blue,179.7,143.76,35,41,10,8,0.2857142857142857,0.1951219512195122,0.0905923344947735,35.94,0.25
B0CYCPFWQL,1800 Bed Sheet Set 6 PC With DEEP Fitted Sheet,King,Blue Hydrangea,176.91,176.91,23,17,3,3,0.13043478260869565,0.17647058823529413,-0.04603580562659848,0.0,0.0
B0CYCRZYN3,1800 Bed Sheet Set 6 PC With DEEP Fitted Sheet,King,Sage,176.91,58.97,26,17,3,1,0.11538461538461539,0.058823529411764705,0.056561085972850686,117.94,2.0
B0CYCSC4DD,1800 Bed Sheet Set 6 PC With DEEP Fitted Sheet,King,Emerald Green,176.91,0.0,15,15,3,0,0.2,0.0,0.2,176.91,
B0BTZ59997,1800 Bed Sheet Set 6 PIECE,Queen,Blue Hydrangea,175.0,87.94,38,43,4,2,0.10526315789473684,0.046511627906976744,0.05875152998776009,87.06,0.9899931771662498
B01DN0A2F6,1800 Bed Sheets,Twin,Yellow,174.85,34.97,65,58,5,1,0.07692307692307693,0.017241379310344827,0.0596816976127321,139.88,4.0
B08RZCL98X,1800 Bed Sheets,Twin XL,Blush Pink,174.85,0.0,78,0,5,0,0.0641025641025641,,,174.85,
B08V8T4J6N,1800 Bed Sheets,RV / Short Queen,Beige,174.85,348.65,53,64,5,10,0.09433962264150944,0.15625,-0.06191037735849056,-173.79999999999998,-0.49849419188297717
B0CNRX7KCV,1800 Bed Sheets,Twin,Hazy Lilac,174.85,174.85,66,55,5,5,0.07575757575757576,0.09090909090909091,-0.015151515151515152,0.0,0.0
B08V8V7VZF,1800 Bed Sheets,RV / Short Queen,White,174.85,524.55,374,376,5,15,0.013368983957219251,0.0398936170212766,-0.02652463306405735,-349.69999999999993,-0.6666666666666666
B0CNWG3MCK,1800 Pillowcase Set 2 pc,Set of 2 Standard Size,Ivory,161.73,143.76,46,49,11,8,0.2391304347826087,0.16326530612244897,0.07586512866015974,17.97,0.125
B00RKHX6VQ,1800 Pillowcase Set 2 pc,Set of 2 King Size,Gray,161.73,125.42999999999999,31,33,9,7,0.2903225806451613,0.21212121212121213,0.07820136852394918,36.3,0.2894044486964841
B0822XW5PF,1800 Bedskirt,King,Spa Blue,160.79,68.91,48,62,7,4,0.14583333333333334,0.06451612903225806,0.08131720430107528,91.88,1.3333333333333333
B0822ZK6VY,1800 Bedskirt,King,Blue Hydrangea,160.79,160.79,83,97,7,7,0.08433734939759036,0.07216494845360824,0.012172400943982115,0.0,0.0
B0CLYBZB3P,1800 Bed Sheets,Queen,Taupe,159.88,279.78999999999996,156,145,4,7,0.02564102564102564,0.04827586206896552,-0.022634836427939876,-119.90999999999997,-0.4285714285714285
B0DGQPSBKY,1800 Bed Sheets,Queen,Charcoal,159.88,675.49,116,116,4,17,0.034482758620689655,0.14655172413793102,-0.11206896551724137,-515.61,-0.7633125582910184
B0822Y8J89,1800 Bedskirt,Twin XL,Beige,159.76,19.97,63,31,8,1,0.12698412698412698,0.03225806451612903,0.09472606246799795,139.79,7.0
B0BTZ5SZVY,1800 Bed Sheet Set 6 PIECE,King,Sage,158.91,264.85,54,52,3,5,0.05555555555555555,0.09615384615384616,-0.04059829059829061,-105.94000000000003,-0.4000000000000001
B0BTZ6RFZL,1800 Bed Sheet Set 6 PIECE,King,Navy Blue,158.91,105.94,27,20,3,2,0.1111111111111111,0.1,0.0111111111111111,52.97,0.5
B0822XMHH5,1800 Bed Sheet Set With DEEP Fitted Sheet,King,Brick Red,155.91,155.91,105,104,3,3,0.02857142857142857,0.028846153846153848,-0.0002747252747252772,0.0,0.0
B08BZXLGBQ,1800 Bed Sheet Set With DEEP Fitted Sheet,California King,Aqua,155.91,207.88,59,46,3,4,0.05084745762711865,0.08695652173913043,-0.036109064112011785,-51.97,-0.25
B0BMW9JMXG,1800 Bed Sheet Set With DEEP Fitted Sheet,California King,Laced Sky Blue,155.91,51.97,70,59,3,1,0.04285714285714286,0.01694915254237288,0.025907990314769976,103.94,2.0
B0822W883H,1800 Bed Sheet Set With DEEP Fitted Sheet,King,Royal Blue,155.91,207.88,79,82,3,4,0.0379746835443038,0.04878048780487805,-0.010805804260574252,-51.97,-0.25
B08CZYQC9Y,1800 Bed Sheet Set With DEEP Fitted Sheet,California King,Purple,155.91,51.97,23,22,3,1,0.13043478260869565,0.045454545454545456,0.08498023715415019,103.94,2.0
B08BZY1R1R,1800 Bed Sheet Set With DEEP Fitted Sheet,King,Lavender,155.91,259.85,157,126,4,5,0.025477707006369428,0.03968253968253968,-0.014204832676170252,-103.94000000000003,-0.4000000000000001
B0822WNDSS,"1800 Fitted Sheet 21"" Deep",King,Light Gray,155.82,25.97,27,24,6,1,0.2222222222222222,0.041666666666666664,0.18055555555555555,129.85,5.0
B01CYLCJMY,1800 Bed Sheets,Full,Paisley Gray,151.88,227.82,873,833,4,6,0.004581901489117984,0.007202881152460984,-0.002620979663343,-75.94,-0.3333333333333333
B0CNRYQDF7,1800 Bed Sheets,Full,Hazy Lilac,151.88,341.73,170,162,4,9,0.023529411764705882,0.05555555555555555,-0.03202614379084967,-189.85000000000002,-0.5555555555555556
B00O35DMNU,1800 Bed Sheets,Full,Brick Red,151.88,37.97,57,52,4,1,0.07017543859649122,0.019230769230769232,0.05094466936572199,113.91,3.0
B0CNRYWWWY,1800 Bed Sheets,Full,Terracotta,151.88,189.85,149,114,4,5,0.026845637583892617,0.043859649122807015,-0.017014011538914398,-37.97,-0.2
B01ES3MHXC,1800 Fitted Sheet,Twin XL,White,151.76,189.7,46,41,8,10,0.17391304347826086,0.24390243902439024,-0.06998939554612937,-37.94,-0.2
B0BMBFH19B,1800 Pillowcase Set 2 pc,Set of 12 Standard Size,White,149.91,0.0,98,24,3,0,0.030612244897959183,0.0,0.030612244897959183,149.91,
B0CYCNYNXF,1800 Bed Sheet Set 6 PC With DEEP Fitted Sheet,Queen,Tan,149.91,149.91,28,24,4,3,0.14285714285714285,0.125,0.01785714285714285,0.0,0.0
B08BZVYQ99,1800 Bed Sheet Set With DEEP Fitted Sheet,Split King,Emerald Green,149.91,0.0,24,21,3,0,0.125,0.0,0.125,149.91,
B08BZWGHRB,1800 Bed Sheet Set With DEEP Fitted Sheet,Split King,Tan,149.91,49.97,54,39,3,1,0.05555555555555555,0.02564102564102564,0.029914529914529912,99.94,2.0
B0822WFM2M,1800 Bed Sheet Set With DEEP Fitted Sheet,Split King,Gray,149.91,49.97,24,19,3,1,0.125,0.05263157894736842,0.07236842105263158,99.94,2.0
B08TRP6QMS,1800 Pillowcase Set 2 pc,Set of 2 Standard Size,Blush Pink,143.76,107.82,51,40,8,6,0.1568627450980392,0.15,0.006862745098039219,35.94,0.3333333333333333
B08TRPW85X,1800 Pillowcase Set 2 pc,Set of 2 Standard Size,Teal,143.76,125.78999999999999,36,30,8,7,0.2222222222222222,0.23333333333333334,-0.011111111111111127,17.97,0.14285714285714285
B00RKHWU2W,1800 Pillowcase Set 2 pc,Set of 2 Standard Size,Aqua,143.76,215.64,24,23,8,12,0.3333333333333333,0.5217391304347826,-0.18840579710144928,-71.88,-0.3333333333333333
B01MR5KTCB,1800 Bed Sheets,Split King,Beige,140.91,46.97,58,50,3,2,0.05172413793103448,0.04,0.011724137931034481,93.94,2.0
B0CLYD3B2D,1800 Bed Sheets,Split King,Ivory,140.91,187.88,117,109,3,4,0.02564102564102564,0.03669724770642202,-0.01105622206539638,-46.97,-0.25
B01MY7UN7F,1800 Bed Sheets,Split King,Navy Blue,140.91,93.94,23,18,3,2,0.13043478260869565,0.1111111111111111,0.019323671497584544,46.97,0.5
B0DGQPGP7Q,1800 Bed Sheets,Split King,Oxford Stripe Sage,140.91,93.94,180,34,3,2,0.016666666666666666,0.058823529411764705,-0.04215686274509804,46.97,0.5
B0DGQPY788,1800 Bed Sheets,Split King,Oxford Stripe Hazy Lilac,140.91,46.97,36,27,3,1,0.08333333333333333,0.037037037037037035,0.046296296296296294,93.94,2.0
B08RZDBH97,1800 Bed Sheets,Split King,Teal,140.91,187.88,62,44,3,4,0.04838709677419355,0.09090909090909091,-0.042521994134897365,-46.97,-0.25
B01MR5L532,1800 Bed Sheets,Split King,Lavender,140.91,46.97,47,39,3,1,0.06382978723404255,0.02564102564102564,0.03818876159301691,93.94,2.0
B013FJJH1A,1800 Bed Sheets,Twin,Royal Blue,139.88,209.82,46,55,4,6,0.08695652173913043,0.10909090909090909,-0.022134387351778653,-69.94,-0.3333333333333333
B08RZC9FZ7,1800 Bed Sheets,Twin XL,Teal,139.88,244.79,50,60,4,7,0.08,0.11666666666666667,-0.03666666666666667,-104.91,-0.42857142857142855
B09SQF6K5D,1800 Duvet Cover Set,Queen,Sage,139.88,0.0,25,24,4,0,0.16,0.0,0.16,139.88,
B00O35D74Y,1800 Bed Sheets,Twin,Brown,139.88,34.97,35,30,4,1,0.11428571428571428,0.03333333333333333,0.08095238095238094,104.91,3.0
B07R6T8YGK,1800 Bed Sheets,Twin XL,Chevron Gray,139.88,209.82,314,287,4,6,0.012738853503184714,0.020905923344947737,-0.008167069841763023,-69.94,-0.3333333333333333
B01ES3L7FG,1800 Fitted Sheet,Queen,Gray,139.79,79.88,32,27,7,4,0.21875,0.14814814814814814,0.07060185185185186,59.91,0.75
B082311FB2,1800 Bedskirt,Twin XL,Black,139.79,119.82,76,67,7,6,0.09210526315789473,0.08955223880597014,0.0025530243519245877,19.97,0.16666666666666666
B0822XCWY1,1800 Bed Sheet Set With DEEP Fitted Sheet,Full,Navy Blue,137.91,45.97,32,27,3,1,0.09375,0.037037037037037035,0.056712962962962965,91.94,2.0
B0822XTZ9H,1800 Bed Sheet Set With DEEP Fitted Sheet,Full,Royal Blue,137.91,137.91,34,30,3,3,0.08823529411764706,0.1,-0.011764705882352941,0.0,0.0
B0822WHWRZ,1800 Bed Sheet Set With DEEP Fitted Sheet,Full,Spa Blue,137.91,45.97,54,54,3,1,0.05555555555555555,0.018518518518518517,0.037037037037037035,91.94,2.0
B0822YSV5P,1800 Bedskirt,King,Navy Blue,137.82,68.91,91,84,6,3,0.06593406593406594,0.03571428571428571,0.030219780219780223,68.91,1.0
B0CNRVWHB1,1800 Bed Sheets,California King,Hazy Lilac,134.91,0.0,57,33,3,0,0.05263157894736842,0.0,0.05263157894736842,134.91,
B013FJJSSW,1800 Bed Sheets,California King,Royal Blue,134.91,89.94,32,20,3,2,0.09375,0.1,-0.0062500000000000056,44.97,0.5
B01DN0AYFY,1800 Bed Sheets,California King,Blue Hydrangea,134.91,44.97,70,64,3,1,0.04285714285714286,0.015625,0.027232142857142858,89.94,2.0
B0822W2CT7,1800 Bed Sheet Set With DEEP Fitted Sheet,Twin XL,Royal Blue,134.91,44.97,24,23,3,1,0.125,0.043478260869565216,0.08152173913043478,89.94,2.0
B08RZDLTVV,1800 Bed Sheets,California King,Blush Pink,134.91,44.97,61,60,3,1,0.04918032786885246,0.016666666666666666,0.032513661202185795,89.94,2.0
B0822X1F1C,1800 Bed Sheet Set With DEEP Fitted Sheet,Twin XL,Spa Blue,134.91,179.88,43,58,3,4,0.06976744186046512,0.06896551724137931,0.0008019246190858059,-44.97,-0.25
B0CYCR1VRD,1800 Bed Sheet Set 6 PC With DEEP Fitted Sheet,Full,Sage,134.91,0.0,23,10,3,0,0.13043478260869565,0.0,0.13043478260869565,134.91,
B08BZY2D1D,1800 Bed Sheet Set With DEEP Fitted Sheet,Twin XL,Aqua,134.91,89.94,45,62,3,2,0.06666666666666667,0.03225806451612903,0.034408602150537634,44.97,0.5
B08BZYDJCT,1800 Bed Sheet Set With DEEP Fitted Sheet,Twin XL,Lavender,134.91,179.88,46,45,3,4,0.06521739130434782,0.08888888888888889,-0.023671497584541068,-44.97,-0.25
B00O35DOT2,1800 Bed Sheets,California King,Beige,134.91,134.91,63,60,3,3,0.047619047619047616,0.05,-0.0023809523809523864,0.0,0.0
B08BZX8G3H,1800 Bed Sheet Set With DEEP Fitted Sheet,Twin XL,Brown,134.91,89.94,15,17,3,2,0.2,0.11764705882352941,0.0823529411764706,44.97,0.5
B00ZSGW4FK,1800 Bed Sheets,California King,Striped White,134.91,404.73,148,152,3,9,0.02027027027027027,0.05921052631578947,-0.0389402560455192,-269.82000000000005,-0.6666666666666667
B0CNRZBB6D,1800 Bed Sheets,California King,Sky Blue,134.01,179.88,58,63,3,4,0.05172413793103448,0.06349206349206349,-0.011767925561029006,-45.870000000000005,-0.2550033355570381
B0822WFM2P,1800 Bed Sheet Set With DEEP Fitted Sheet,Twin XL,Black,134.01,134.91,34,29,3,3,0.08823529411764706,0.10344827586206896,-0.0152129817444219,-0.9000000000000057,-0.006671114076050743
B0BTZ36NJC,1800 Bed Sheet Set 6 PIECE,Queen,Gray,131.91,527.6400000000001,30,39,3,12,0.1,0.3076923076923077,-0.2076923076923077,-395.73000000000013,-0.7500000000000001
B0BTZ6DDNN,1800 Bed Sheet Set 6 PIECE,Queen,Sage,131.91,87.94,43,31,3,2,0.06976744186046512,0.06451612903225806,0.005251312828207053,43.97,0.5
B0BTZ6J8CY,1800 Bed Sheet Set 6 PIECE,Queen,Spa Blue,131.91,307.78999999999996,44,44,3,7,0.06818181818181818,0.1590909090909091,-0.09090909090909091,-175.87999999999997,-0.5714285714285714
B0BTZ4Z8X4,1800 Bed Sheet Set 6 PIECE,Queen,Navy Blue,131.91,87.06,24,22,3,2,0.125,0.09090909090909091,0.03409090909090909,44.849999999999994,0.5151619572708476
B0DGQQ3F3D,1800 Bed Sheets,King,Oxford Stripe Blue Nova,128.91,214.85,150,122,3,5,0.02,0.040983606557377046,-0.020983606557377046,-85.94,-0.4
B0CNRYW1JW,1800 Bed Sheets,King,Pistachio,128.91,42.97,311,251,3,1,0.00964630225080386,0.00398406374501992,0.005662238505783939,85.94,2.0
B0B2Q3FF48,1800 Bedskirt,Queen,Golden Ivory,125.82,83.88,121,121,6,4,0.049586776859504134,0.03305785123966942,0.01652892561983471,41.94,0.5
B01DG59M04,1800 Pillowcase Set 2 pc,Set of 2 King Size,Tan,125.78999999999999,89.85,16,21,7,5,0.4375,0.23809523809523808,0.19940476190476192,35.94,0.4
B01DN0B728,1800 Pillowcase Set 2 pc,Set of 2 Standard Size,Emerald Green,125.78999999999999,71.88,34,43,7,4,0.20588235294117646,0.09302325581395349,0.11285909712722297,53.91,0.75
B0CNWFHGRS,1800 Pillowcase Set 2 pc,Set of 2 King Size,Ivory,125.78999999999999,125.78999999999999,15,30,7,7,0.4666666666666667,0.23333333333333334,0.23333333333333334,0.0,0.0
B07MMZ7VNL,1800 Pillowcase Set 2 pc,Set of 2 King Size,Spa Blue,125.78999999999999,89.85,21,30,7,5,0.3333333333333333,0.16666666666666666,0.16666666666666666,35.94,0.4
B01MU0UYAQ,Cotton Flannel Sheet Set 160GSM,California King,Burgundy,121.94,60.97,7,4,2,1,0.2857142857142857,0.25,0.0357142857142857,60.97,1.0
B078STM7RW,1800 Duvet Cover Set,Queen,Hotel White with Gray Embroidery,119.91,0.0,51,55,3,0,0.058823529411764705,0.0,0.058823529411764705,119.91,
B0822ZFNGJ,1800 Bedskirt,Twin XL,Light Gray,119.82,59.91,40,37,6,3,0.15,0.08108108108108109,0.06891891891891891,59.91,1.0
B0822VMF9C,1800 Pillow Shams 2 piece,Standard,Light Gray,119.76,164.67,52,75,8,11,0.15384615384615385,0.14666666666666667,0.007179487179487187,-44.90999999999998,-0.27272727272727265
B0D7J6FGW4,1800 Bed Sheet Set 6 PC With DEEP Fitted Sheet,King,Beige,117.94,235.88,23,23,3,4,0.13043478260869565,0.17391304347826086,-0.043478260869565216,-117.94,-0.5
B0D7F2C7W1,1800 Bed Sheet Set 6 PC With DEEP Fitted Sheet,King,Spa Mint,117.94,176.91,47,30,2,3,0.0425531914893617,0.1,-0.057446808510638304,-58.97,-0.3333333333333333
B0CYCQXH5L,1800 Bed Sheet Set 6 PC With DEEP Fitted Sheet,King,Black,117.94,58.97,10,9,2,1,0.2,0.1111111111111111,0.0888888888888889,58.97,1.0
B0CYCQQ89M,1800 Bed Sheet Set 6 PC With DEEP Fitted Sheet,King,Blue Nova,117.94,0.0,27,19,2,0,0.07407407407407407,0.0,0.07407407407407407,117.94,
B0D7JBM5Z1,1800 Bed Sheet Set 6 PC With DEEP Fitted Sheet,King,Golden Ivory,117.94,58.97,32,22,2,1,0.0625,0.045454545454545456,0.017045454545454544,58.97,1.0
B01N6H21GR,Cotton Flannel Sheet Set 160GSM,King,White,117.94,235.88,29,52,2,4,0.06896551724137931,0.07692307692307693,-0.007957559681697618,-117.94,-0.5
B0CYCQXPNV,1800 Bed Sheet Set 6 PC With DEEP Fitted Sheet,King,Hazy Lilac,117.94,117.94,20,13,2,2,0.1,0.15384615384615385,-0.05384615384615385,0.0,0.0
B07J3THZTH,Cotton Flannel Sheet Set 180GSM,Queen,Gray,117.94,235.88,48,47,2,4,0.041666666666666664,0.0851063829787234,-0.04343971631205674,-117.94,-0.5
B0BTZ6JY57,1800 Bed Sheet Set 6 PIECE,Full,Golden Ivory,116.91,38.97,22,13,3,1,0.13636363636363635,0.07692307692307693,0.059440559440559426,77.94,2.0
B0BTZ2M96Q,1800 Bed Sheet Set 6 PIECE,Twin XL,Golden Ivory,113.91,151.88,18,17,3,4,0.16666666666666666,0.23529411764705882,-0.06862745098039216,-37.97,-0.25
B0BTZ5QZ4J,1800 Bed Sheet Set 6 PIECE,Twin XL,Blue Hydrangea,113.91,265.78999999999996,19,22,3,7,0.15789473684210525,0.3181818181818182,-0.16028708133971292,-151.87999999999997,-0.5714285714285714
B0BTZ4YX76,1800 Bed Sheet Set 6 PIECE,Twin XL,Aqua,113.91,37.97,20,20,3,1,0.15,0.05,0.09999999999999999,75.94,2.0
B07PSK5GG2,1800 Duvet Cover Set,King,Laced Sky Blue,110.91,73.94,38,32,3,2,0.07894736842105263,0.0625,0.016447368421052627,36.97,0.5
B01FWBWTGO,1800 Ultrasonic Coverlet,King,Spa Blue,109.94,384.7900000000001,168,438,2,7,0.011904761904761904,0.01598173515981735,-0.004076973255055447,-274.8500000000001,-0.7142857142857143
B01ES3NA74,1800 Fitted Sheet,King,Light Gray,109.85,43.94,17,27,5,2,0.29411764705882354,0.07407407407407407,0.22004357298474947,65.91,1.5
B00RKHWYU0,1800 Pillowcase Set 2 pc,Set of 2 Standard Size,Brown,107.82,89.85,22,19,6,5,0.2727272727272727,0.2631578947368421,0.009569377990430616,17.97,0.2
B01LZP8460,1800 Pillowcase Set 2 pc,Set of 2 Standard Size,Paisley Gray,107.82,107.82,72,82,6,6,0.08333333333333333,0.07317073170731707,0.01016260162601626,0.0,0.0
B01DN0BC0A,1800 Pillowcase Set 2 pc,Set of 2 King Size,Blue Hydrangea,107.82,179.7,34,31,6,10,0.17647058823529413,0.3225806451612903,-0.14611005692599618,-71.88,-0.4
B0CNRZM2G6,1800 Pillowcase Set 2 pc,Set of 2 King Size,Sky Blue,107.82,17.97,20,16,6,1,0.3,0.0625,0.2375,89.85,5.0
B01DG599TS,1800 Pillowcase Set 2 pc,Set of 2 Standard Size,Tan,107.82,161.73,27,27,6,9,0.2222222222222222,0.3333333333333333,-0.1111111111111111,-53.91,-0.3333333333333333
B0CNRVZVMG,1800 Pillowcase Set 2 pc,Set of 2 Standard Size,Hazy Lilac,107.82,53.91,28,27,6,3,0.21428571428571427,0.1111111111111111,0.10317460317460317,53.91,1.0
B0CNRXX5TK,1800 Pillowcase Set 2 pc,Set of 2 Standard Size,Blue Nova,107.82,89.85,28,21,7,5,0.25,0.23809523809523808,0.011904761904761918,17.97,0.2
B00RKHXDTG,1800 Pillowcase Set 2 pc,Set of 2 King Size,Aqua,107.46,215.64,11,23,6,12,0.5454545454545454,0.5217391304347826,0.02371541501976282,-108.17999999999999,-0.501669449081803
B08TRQ9T7Y,1800 Pillowcase Set 2 pc,Set of 2 King Size,Blush Pink,107.46,17.97,21,23,6,1,0.2857142857142857,0.043478260869565216,0.24223602484472048,89.49,4.979966611018364
B0BTZ51FTP,1800 Bed Sheet Set 6 PIECE,King,Gray,105.94,105.94,35,39,2,2,0.05714285714285714,0.05128205128205128,0.005860805860805861,0.0,0.0
B0BTZ759RC,1800 Bed Sheet Set 6 PIECE,King,Spa Blue,105.94,211.88,51,58,2,4,0.0392156862745098,0.06896551724137931,-0.029749830966869506,-105.94,-0.5
B0BTZ8K6K4,1800 Bed Sheet Set 6 PIECE,King,Aqua,105.94,52.97,20,20,2,1,0.1,0.05,0.05,52.97,1.0
B0CLYF6S8G,1800 Bed Sheets,Twin,Burgundy,104.91,69.94,32,20,3,2,0.09375,0.1,-0.0062500000000000056,34.97,0.5
B0DGQR6JZW,1800 Bed Sheets,Twin XL,Charcoal,104.91,104.91,22,33,3,3,0.13636363636363635,0.09090909090909091,0.04545454545454544,0.0,0.0
B0CNRXLFGH,1800 Bed Sheets,RV / Short Queen,Sky Blue,104.91,209.82,54,51,3,6,0.05555555555555555,0.11764705882352941,-0.06209150326797386,-104.91,-0.5
B07R8ZV5RP,1800 Bed Sheets,Twin,Laced Sky Blue,104.91,104.91,49,46,3,3,0.061224489795918366,0.06521739130434782,-0.003992901508429458,0.0,0.0
B082311F9Z,1800 Bedskirt,Queen,Navy Blue,104.85,104.85,50,69,5,5,0.1,0.07246376811594203,0.027536231884057974,0.0,0.0
B0822V7SL6,1800 Pillow Shams 2 piece,Standard,Blue Hydrangea,104.79,359.28000000000003,130,161,7,24,0.05384615384615385,0.14906832298136646,-0.09522216913521261,-254.49,-0.7083333333333333
B0822W7ZMZ,1800 Pillow Shams 2 piece,Standard,White,104.19,59.88,23,27,7,4,0.30434782608695654,0.14814814814814814,0.1561996779388084,44.309999999999995,0.7399799599198396
B08BZWNVRD,1800 Bed Sheet Set With DEEP Fitted Sheet,California King,Tan,103.94,207.88,55,69,2,4,0.03636363636363636,0.057971014492753624,-0.021607378129117262,-103.94,-0.5
B01MDQRQRR,Cotton Flannel Sheet Set 160GSM,Queen,White,103.94,155.91,9,24,2,4,0.2222222222222222,0.16666666666666666,0.05555555555555555,-51.97,-0.3333333333333333
B08CZZ9XPC,1800 Bed Sheet Set With DEEP Fitted Sheet,California King,Spa Mint,103.94,50.93,102,80,2,1,0.0196078431372549,0.0125,0.007107843137254901,53.01,1.0408403691341055
B0BMWD2HRD,1800 Bed Sheet Set With DEEP Fitted Sheet,California King,Blush Pink,103.94,206.84,57,50,2,4,0.03508771929824561,0.08,-0.04491228070175439,-102.9,-0.49748597950106366
B0822WHDSY,1800 Bed Sheet Set With DEEP Fitted Sheet,California King,Spa Blue,103.94,310.78,59,54,2,6,0.03389830508474576,0.1111111111111111,-0.07721280602636535,-206.83999999999997,-0.6655511937705129
B0BMWL7N8S,1800 Bed Sheet Set With DEEP Fitted Sheet,California King,Pinstripe Gray,103.94,155.91,65,62,2,3,0.03076923076923077,0.04838709677419355,-0.017617866004962776,-51.97,-0.3333333333333333
B0BMWCRXGG,1800 Bed Sheet Set With DEEP Fitted Sheet,King,Blush Pink,103.94,363.78999999999996,240,204,2,7,0.008333333333333333,0.03431372549019608,-0.02598039215686275,-259.84999999999997,-0.7142857142857143
B01MYZYURF,Cotton Flannel Sheet Set 160GSM,Queen,Blue,103.94,155.91,17,20,2,3,0.11764705882352941,0.15,-0.032352941176470584,-51.97,-0.3333333333333333
B08CZZKK5S,1800 Bed Sheet Set With DEEP Fitted Sheet,California King,Coral,103.94,0.0,28,21,2,0,0.07142857142857142,0.0,0.07142857142857142,103.94,
B0822WWZJR,1800 Bed Sheet Set With DEEP Fitted Sheet,California King,Black,102.9,155.91,28,25,2,3,0.07142857142857142,0.12,-0.04857142857142857,-53.00999999999999,-0.3400038483740619
B0822WJHV4,1800 Bed Sheet Set With DEEP Fitted Sheet,Queen,Royal Blue,99.94,199.88,100,94,2,4,0.02,0.0425531914893617,-0.0225531914893617,-99.94,-0.5
B07YYCMGJH,Silk Pillowcase,"Body 20"" X 54""",Dark Gray,99.94,0.0,3,3,2,0,0.6666666666666666,0.0,0.6666666666666666,99.94,
B0CYCPMZ75,1800 Bed Sheet Set 6 PC With DEEP Fitted Sheet,Queen,Emerald Green,99.94,49.97,16,13,2,1,0.125,0.07692307692307693,0.04807692307692307,49.97,1.0
B0CYCQC3PJ,1800 Bed Sheet Set 6 PC With DEEP Fitted Sheet,Queen,Blush Pink,99.94,0.0,15,19,2,0,0.13333333333333333,0.0,0.13333333333333333,99.94,
B0CYCPL4PN,1800 Bed Sheet Set 6 PC With DEEP Fitted Sheet,Queen,Light Gray,99.94,197.88,24,22,2,4,0.08333333333333333,0.18181818181818182,-0.0984848484848485,-97.94,-0.4949464321811199
B08BZWY862,1800 Bed Sheet Set With DEEP Fitted Sheet,Split King,Lavender,99.94,49.97,36,20,2,1,0.05555555555555555,0.05,0.00555555555555555,49.97,1.0
B0D7J69H6B,1800 Bed Sheet Set 6 PC With DEEP Fitted Sheet,Queen,Beige,99.94,0.0,28,24,2,0,0.07142857142857142,0.0,0.07142857142857142,99.94,
B0CYCPT2FR,1800 Bed Sheet Set 6 PC With DEEP Fitted Sheet,Queen,Blue Hydrangea,99.94,99.94,18,18,2,2,0.1111111111111111,0.1111111111111111,0.0,0.0,0.0
B0CYCQ212T,1800 Bed Sheet Set 6 PC With DEEP Fitted Sheet,Queen,Spa Blue,99.94,0.0,22,25,2,0,0.09090909090909091,0.0,0.09090909090909091,99.94,
B0CYCPRDLR,1800 Bed Sheet Set 6 PC With DEEP Fitted Sheet,Queen,Ivory,99.94,49.97,39,24,2,1,0.05128205128205128,0.041666666666666664,0.009615384615384616,49.97,1.0
B08CHNZBHQ,1800 Ultrasonic Coverlet,Twin,Beige,95.94,0.0,127,99,2,0,0.015748031496062992,0.0,0.015748031496062992,95.94,
B0822VY7BG,"1800 Fitted Sheet 21"" Deep",Queen,Gray,95.88,0.0,44,32,4,0,0.09090909090909091,0.0,0.09090909090909091,95.88,
B01ES3L50S,1800 Fitted Sheet,Twin,White,94.85,189.7,23,37,5,10,0.21739130434782608,0.2702702702702703,-0.052878965922444204,-94.85,-0.5
B0CNS1M85H,1800 Bed Sheets,Split King,Blue Nova,93.94,46.97,30,29,2,1,0.06666666666666667,0.034482758620689655,0.03218390804597701,46.97,1.0
B01MY7SKC2,1800 Bed Sheets,Split King,Brown,93.94,46.97,21,18,2,1,0.09523809523809523,0.05555555555555555,0.03968253968253968,46.97,1.0
B01MS6XZ05,1800 Bed Sheets,Split King,Light Gray,93.94,234.85,77,64,2,5,0.025974025974025976,0.078125,-0.052150974025974024,-140.91,-0.6
B08RZDTTWQ,1800 Bed Sheets,Split King,Sage,93.94,281.82,112,145,2,7,0.017857142857142856,0.04827586206896552,-0.03041871921182266,-187.88,-0.6666666666666666
B01MT8NMIM,1800 Bed Sheets,Split King,Aqua,93.94,281.82,66,49,2,6,0.030303030303030304,0.12244897959183673,-0.09214594928880643,-187.88,-0.6666666666666666
B08RZG1KTW,1800 Bed Sheets,Split King,Golden Ivory,93.94,0.0,78,76,2,0,0.02564102564102564,0.0,0.02564102564102564,93.94,
B0CLYCPG5T,1800 Bed Sheets,Split King,Burgundy,93.94,46.97,18,14,2,1,0.1111111111111111,0.07142857142857142,0.03968253968253968,46.97,1.0
B08BZW8FG5,1800 Bed Sheet Set With DEEP Fitted Sheet,Full,Aqua,91.94,183.88,56,52,2,4,0.03571428571428571,0.07692307692307693,-0.041208791208791215,-91.94,-0.5
B08CZYZCPM,1800 Bed Sheet Set With DEEP Fitted Sheet,Full,Purple,91.94,91.94,40,30,2,2,0.05,0.06666666666666667,-0.016666666666666663,0.0,0.0
B08BZVT9FJ,1800 Bed Sheet Set With DEEP Fitted Sheet,Full,Brown,91.94,91.94,49,36,2,2,0.04081632653061224,0.05555555555555555,-0.01473922902494331,0.0,0.0
B0822YV9ZR,1800 Bedskirt,King,Light Gray,91.88,22.97,54,36,4,1,0.07407407407407407,0.027777777777777776,0.046296296296296294,68.91,3.0
B0822WL4Z5,1800 Bed Sheet Set With DEEP Fitted Sheet,Twin,Blue Hydrangea,89.94,89.94,35,29,2,2,0.05714285714285714,0.06896551724137931,-0.011822660098522168,0.0,0.0
B00O35CXRQ,1800 Bed Sheets,California King,Gold,89.94,134.91,56,45,2,3,0.03571428571428571,0.06666666666666667,-0.030952380952380953,-44.97,-0.3333333333333333
B0BMW6RRP6,1800 Bed Sheet Set With DEEP Fitted Sheet,Twin,Pinstripe Gray,89.94,44.97,60,34,2,1,0.03333333333333333,0.029411764705882353,0.00392156862745098,44.97,1.0
B0DGQQHL23,1800 Bed Sheets,California King,Oxford Stripe Sage,89.94,0.0,61,55,2,0,0.03278688524590164,0.0,0.03278688524590164,89.94,
B0822WKWYQ,1800 Bed Sheet Set With DEEP Fitted Sheet,Twin,Gray,89.94,44.97,35,45,2,1,0.05714285714285714,0.022222222222222223,0.03492063492063492,44.97,1.0
B0822XD973,1800 Bed Sheet Set With DEEP Fitted Sheet,Twin XL,Beige,89.94,314.78999999999996,44,52,2,7,0.045454545454545456,0.1346153846153846,-0.08916083916083915,-224.84999999999997,-0.7142857142857143
B00ZSHJ0TM,1800 Bed Sheets,California King,Striped Gray/Silver,89.94,0.0,70,50,2,0,0.02857142857142857,0.0,0.02857142857142857,89.94,
B08RZDNSMT,1800 Bed Sheets,California King,Teal,89.94,134.91,55,51,2,3,0.03636363636363636,0.058823529411764705,-0.022459893048128343,-44.97,-0.3333333333333333
B0822XZ52Q,1800 Bed Sheet Set With DEEP Fitted Sheet,Twin XL,Light Gray,89.94,629.58,29,120,2,14,0.06896551724137931,0.11666666666666667,-0.04770114942528736,-539.6400000000001,-0.8571428571428572
B00O35DTJM,1800 Bed Sheets,California King,Aqua,89.94,134.91,74,58,2,3,0.02702702702702703,0.05172413793103448,-0.024697110904007454,-44.97,-0.3333333333333333
B00O35CYRK,1800 Bed Sheets,California King,Brown,89.94,89.94,45,26,2,2,0.044444444444444446,0.07692307692307693,-0.03247863247863248,0.0,0.0
B01DN0B0GG,1800 Bed Sheets,California King,Emerald Green,89.94,179.88,64,58,2,4,0.03125,0.06896551724137931,-0.03771551724137931,-89.94,-0.5
B0CNRX7KCP,1800 Bed Sheets,California King,Pistachio,89.94,0.0,40,32,2,0,0.05,0.0,0.05,89.94,
B0822XR323,1800 Bed Sheet Set With DEEP Fitted Sheet,Twin,Royal Blue,89.94,89.94,14,14,2,2,0.14285714285714285,0.14285714285714285,0.0,0.0,0.0
B010LAZQW0,1800 Pillowcase Set 2 pc,Set of 2 Standard Size,Striped White,89.85,89.85,15,14,5,5,0.3333333333333333,0.35714285714285715,-0.023809523809523836,0.0,0.0
B01DN0BDW2,1800 Pillowcase Set 2 pc,Set of 2 King Size,Emerald Green,89.85,53.91,24,21,5,3,0.20833333333333334,0.14285714285714285,0.0654761904761905,35.94,0.6666666666666666
B0822YV6M1,1800 Pillowcase Set 2 pc,Set of 2 Standard Size,Pinstripe Gray,89.49,107.82,20,18,5,6,0.25,0.3333333333333333,-0.08333333333333331,-18.33,-0.17000556483027268
B01N6H22Z5,Cotton Flannel Sheet Set 160GSM,Twin XL,Gray,87.94,43.97,28,36,2,1,0.07142857142857142,0.027777777777777776,0.04365079365079365,43.97,1.0
B0BTZ5LJPM,1800 Bed Sheet Set 6 PIECE,Queen,Black,87.94,87.94,12,14,2,2,0.16666666666666666,0.14285714285714285,0.023809523809523808,0.0,0.0
B01N0R133G,Cotton Flannel Sheet Set 160GSM,Twin XL,Blue,87.94,0.0,11,10,2,0,0.18181818181818182,0.0,0.18181818181818182,87.94,
B01ES3OLKY,1800 Fitted Sheet,California King,Black,87.88,21.97,5,2,4,1,0.8,0.5,0.30000000000000004,65.91,3.0
B0DGQPRB4N,1800 Bed Sheets,King,Oxford Stripe Hazy Lilac,85.94,128.91,127,104,2,3,0.015748031496062992,0.028846153846153848,-0.013098122350090856,-42.97,-0.3333333333333333
B01ES3MJ3U,1800 Fitted Sheet,Queen,Spa Mint,79.88,39.94,38,16,4,2,0.10526315789473684,0.125,-0.019736842105263164,39.94,1.0
B0BTZ4XGNW,1800 Bed Sheet Set 6 PIECE,Full,Blue Hydrangea,77.94,38.97,11,13,2,1,0.18181818181818182,0.07692307692307693,0.1048951048951049,38.97,1.0
B0822XD5NV,"1800 Fitted Sheet 21"" Deep",Twin XL,Beige,76.9,0.0,13,13,5,0,0.38461538461538464,0.0,0.38461538461538464,76.9,
B0DGQNQFFX,1800 Bed Sheets,Full,Charcoal,75.94,189.85,32,30,2,5,0.0625,0.16666666666666666,-0.10416666666666666,-113.91,-0.6
B0BTZ5BY6R,1800 Bed Sheet Set 6 PIECE,Twin XL,Light Gray,75.94,151.88,10,27,2,4,0.2,0.14814814814814814,0.05185185185185187,-75.94,-0.5
B0BTZ6B7XR,1800 Bed Sheet Set 6 PIECE,Twin XL,Spa Blue,75.94,113.91,12,24,2,3,0.16666666666666666,0.125,0.04166666666666666,-37.97,-0.3333333333333333
B0BTZ86L2X,1800 Bed Sheet Set 6 PIECE,Twin XL,Gray,75.94,37.97,12,18,2,1,0.16666666666666666,0.05555555555555555,0.1111111111111111,37.97,1.0
B01ES3N46G,1800 Fitted Sheet,Twin XL,Light Gray,75.88,94.85,29,13,4,5,0.13793103448275862,0.38461538461538464,-0.24668435013262602,-18.97,-0.2
B08NPRBV33,400TC Cotton Sheet Set,King,Ivory,74.97,74.97,9,6,1,1,0.1111111111111111,0.16666666666666666,-0.05555555555555555,0.0,0.0
B08NPVN1G9,400TC Cotton Sheet Set,King,Gray,74.97,0.0,15,2,1,0,0.06666666666666667,0.0,0.06666666666666667,74.97,
B07MHRNH3W,1800 Duvet Cover Set,King,Light Gray,73.94,0.0,24,21,2,0,0.08333333333333333,0.0,0.08333333333333333,73.94,
B08CZZTNBQ,"1800 Fitted Sheet 21"" Deep",Queen,Spa Mint,71.91,23.97,35,36,3,1,0.08571428571428572,0.027777777777777776,0.05793650793650794,47.94,2.0
B0822W8CWV,"1800 Fitted Sheet 21"" Deep",Queen,White,71.91,95.88,34,29,3,4,0.08823529411764706,0.13793103448275862,-0.049695740365111554,-23.97,-0.25
B08CZZXTVT,"1800 Fitted Sheet 21"" Deep",Queen,Lavender,71.91,23.97,20,9,3,1,0.15,0.1111111111111111,0.03888888888888889,47.94,2.0
B08D114CF3,"1800 Fitted Sheet 21"" Deep",Queen,Coral,71.91,23.97,10,10,3,1,0.3,0.1,0.19999999999999998,47.94,2.0
B08TRN118H,1800 Pillowcase Set 2 pc,Set of 2 King Size,Golden Ivory,71.88,125.78999999999999,25,27,4,7,0.16,0.25925925925925924,-0.09925925925925924,-53.91,-0.42857142857142855
B00RKHXH42,1800 Pillowcase Set 2 pc,Set of 2 King Size,Gold,71.88,35.94,28,24,4,2,0.14285714285714285,0.08333333333333333,0.05952380952380952,35.94,1.0
B00RKHX0LC,1800 Pillowcase Set 2 pc,Set of 2 Standard Size,Purple,71.88,17.97,15,20,4,1,0.26666666666666666,0.05,0.21666666666666667,53.91,3.0
B08TRP773N,1800 Pillowcase Set 2 pc,Set of 2 King Size,Sage,71.88,89.85,40,34,4,5,0.1,0.14705882352941177,-0.047058823529411764,-17.97,-0.2
B014MVUANE,1800 Pillowcase Set 2 pc,Set of 2 Standard Size,Black,71.88,107.82,20,23,4,6,0.2,0.2608695652173913,-0.060869565217391286,-35.94,-0.3333333333333333
B00RKHXIQO,1800 Pillowcase Set 2 pc,Set of 2 King Size,Brown,71.88,89.85,14,14,5,5,0.35714285714285715,0.35714285714285715,0.0,-17.97,-0.2
B014MVUFAM,1800 Pillowcase Set 2 pc,Set of 2 King Size,Black,71.88,71.88,13,13,4,4,0.3076923076923077,0.3076923076923077,0.0,0.0,0.0
B07J3TFC6H,Cotton Flannel Sheet Set 180GSM,California King,White,69.97,139.94,5,13,1,2,0.2,0.15384615384615385,0.046153846153846156,-69.97,-0.5
B0DGQS8V6Q,1800 Bed Sheets,Twin,Oxford Stripe Blue Nova,69.94,104.91,32,31,2,3,0.0625,0.0967741935483871,-0.034274193548387094,-34.97,-0.3333333333333333
B016P42SOU,1800 Bed Sheets,Twin XL,Purple,69.94,104.91,28,33,2,3,0.07142857142857142,0.09090909090909091,-0.019480519480519487,-34.97,-0.3333333333333333
B08V91TK7Q,1800 Bed Sheets,RV / Short Queen,Spa Blue,69.94,139.88,55,59,2,4,0.03636363636363636,0.06779661016949153,-0.03143297380585516,-69.94,-0.5
B01CYLCDCU,1800 Bed Sheets,Twin,Paisley Gray,69.94,104.21000000000001,40,56,2,3,0.05,0.05357142857142857,-0.0035714285714285657,-34.27000000000001,-0.3288551962383649
B00O35D9LA,1800 Bed Sheets,Twin,Brick Red,69.94,0.0,37,28,2,0,0.05405405405405406,0.0,0.05405405405405406,69.94,
B0CLYCRY99,1800 Bed Sheets,Twin,Ivory,69.94,34.97,48,41,2,1,0.041666666666666664,0.024390243902439025,0.01727642276422764,34.97,1.0
B0CNRY8FZD,1800 Bed Sheets,Twin XL,Sky Blue,69.94,104.91,75,67,2,3,0.02666666666666667,0.04477611940298507,-0.018109452736318404,-34.97,-0.3333333333333333
B0CLYFB8ST,1800 Bed Sheets,Twin XL,Taupe,69.94,104.91,43,37,2,3,0.046511627906976744,0.08108108108108109,-0.03456945317410434,-34.97,-0.3333333333333333
B08V8ZRKR3,1800 Bed Sheets,RV / Short Queen,Blue Hydrangea,69.94,174.85,57,61,2,5,0.03508771929824561,0.08196721311475409,-0.04687949381650848,-104.91,-0.6
B01DN09Z7M,1800 Bed Sheets,Twin,Coral,69.94,104.91,56,61,2,3,0.03571428571428571,0.04918032786885246,-0.013466042154566746,-34.97,-0.3333333333333333
B0CNRYK9MC,1800 Bed Sheets,Twin,Blue Nova,69.94,139.88,65,77,2,4,0.03076923076923077,0.05194805194805195,-0.02117882117882118,-69.94,-0.5
B00WAIGUKO,1800 Bed Sheets,Twin,Black,69.94,209.82,37,33,2,6,0.05405405405405406,0.18181818181818182,-0.12776412776412777,-139.88,-0.6666666666666666
B08V8T981S,1800 Bed Sheets,RV / Short Queen,Black,69.94,104.91,32,32,2,3,0.0625,0.09375,-0.03125,-34.97,-0.3333333333333333
B0CNRYSD6P,1800 Bed Sheets,RV / Short Queen,Poppy Orange,69.94,0.0,11,16,2,0,0.18181818181818182,0.0,0.18181818181818182,69.94,
B01CYLCGFO,1800 Bed Sheets,Twin XL,Paisley Gray,69.94,243.39,71,77,2,7,0.028169014084507043,0.09090909090909091,-0.06274007682458387,-173.45,-0.7126422613911829
B0DGQR27PJ,1800 Bed Sheets,Twin XL,Oxford Stripe Blue Nova,69.94,0.0,60,80,2,0,0.03333333333333333,0.0,0.03333333333333333,69.94,
B0DGQQD2WB,1800 Bed Sheets,Twin,Charcoal,69.94,34.27,8,14,2,1,0.25,0.07142857142857142,0.17857142857142858,35.669999999999995,1.0408520571928799
B00O35D5PA,1800 Bed Sheets,Twin,Gold,69.94,174.85,26,22,2,5,0.07692307692307693,0.22727272727272727,-0.15034965034965034,-104.91,-0.6
B0DGQQR6R8,1800 Bed Sheets,Twin XL,Oxford Stripe Sage,69.94,0.0,64,52,2,0,0.03125,0.0,0.03125,69.94,
B0CNRYJ8QB,1800 Bed Sheets,RV / Short Queen,Terracotta,69.94,34.97,15,13,2,1,0.13333333333333333,0.07692307692307693,0.056410256410256404,34.97,1.0
B016P42QTC,1800 Bed Sheets,Twin XL,Brown,69.94,139.18,22,16,2,4,0.09090909090909091,0.25,-0.1590909090909091,-69.24000000000001,-0.4974852708722518
B01DN0A4DQ,1800 Bed Sheets,Twin XL,Emerald Green,69.94,104.91,52,69,2,3,0.038461538461538464,0.043478260869565216,-0.0050167224080267525,-34.97,-0.3333333333333333
B0DGQQ87MC,1800 Bed Sheets,Twin,Oxford Stripe Sage,69.94,0.0,38,39,2,0,0.05263157894736842,0.0,0.05263157894736842,69.94,
B01DK4M0H8,1800 Bed Sheets,Twin XL,Striped Gray/Silver,69.94,69.94,100,82,2,2,0.02,0.024390243902439025,-0.004390243902439025,0.0,0.0
B016P42UWA,1800 Bed Sheets,Twin XL,Brick Red,69.24,0.0,50,65,2,0,0.04,0.0,0.04,69.24,
B0B2Q3NLYP,1800 Bedskirt,King,Golden Ivory,68.91,45.94,92,85,3,2,0.03260869565217391,0.023529411764705882,0.00907928388746803,22.97,0.5
B098PC693H,Velvet Ultrasonic Coverlet,King-California King,Teal,67.97,67.97,23,27,1,1,0.043478260869565216,0.037037037037037035,0.006441223832528181,0.0,0.0
B0822VY3C6,"1800 Fitted Sheet 21"" Deep",Full,Beige,65.91,43.94,30,13,3,2,0.1,0.15384615384615385,-0.05384615384615385,21.97,0.5
B01ES3NN4Y,1800 Fitted Sheet,King,Blue Hydrangea,65.91,109.85,18,20,3,5,0.16666666666666666,0.25,-0.08333333333333334,-43.94,-0.4
B01ES3MP1G,1800 Fitted Sheet,King,Beige,65.91,87.88,26,12,3,4,0.11538461538461539,0.3333333333333333,-0.21794871794871792,-21.97,-0.25
B01ES3O2HQ,1800 Fitted Sheet,California King,Beige,65.91,21.97,11,5,3,2,0.2727272727272727,0.4,-0.12727272727272732,43.94,2.0
B08NPRQW9J,400TC Cotton Sheet Set,Queen,Light Gray,64.97,64.97,19,18,1,1,0.05263157894736842,0.05555555555555555,-0.0029239766081871343,0.0,0.0
B08NPKVCBV,400TC Cotton Sheet Set,Queen,Ivory,64.97,0.0,8,5,1,0,0.125,0.0,0.125,64.97,
B01ETTE0EO,1800 Flat Sheet,Twin,Beige,63.88,0.0,16,15,4,0,0.25,0.0,0.25,63.88,
B0822Z86NL,1800 Bedskirt,Queen,Black,62.91,20.97,31,27,3,1,0.0967741935483871,0.037037037037037035,0.05973715651135006,41.94,2.0
B01N7IELX1,Cotton Flannel Sheet Set 160GSM,California King,White,60.97,60.97,4,17,1,1,0.25,0.058823529411764705,0.19117647058823528,0.0,0.0
B081K6V8GD,Cotton Flannel Sheet Set 160GSM,California King,Sage,60.97,60.97,12,6,1,1,0.08333333333333333,0.16666666666666666,-0.08333333333333333,0.0,0.0
B07YYLQFGB,Cotton Flannel Sheet Set 160GSM,California King,Blue,60.97,121.94,16,20,1,2,0.0625,0.1,-0.037500000000000006,-60.97,-0.5
B0CYCQGKGP,1800 Bed Sheet Set 6 PC With DEEP Fitted Sheet,California King,Sky Blue,59.97,0.0,5,3,1,0,0.2,0.0,0.2,59.97,
B0CYCPDP31,1800 Bed Sheet Set 6 PC With DEEP Fitted Sheet,California King,Gray,59.97,0.0,4,0,1,0,0.25,,,59.97,
B0CYCQWVVL,1800 Bed Sheet Set 6 PC With DEEP Fitted Sheet,California King,Emerald Green,59.97,0.0,4,3,1,0,0.25,0.0,0.25,59.97,
B01ETTFKIE,1800 Flat Sheet,King,White,59.91,359.46,92,105,3,18,0.03260869565217391,0.17142857142857143,-0.1388198757763975,-299.54999999999995,-0.8333333333333333
B01ETTGNJO,1800 Flat Sheet,King,Blue Hydrangea,59.91,79.88,21,29,3,4,0.14285714285714285,0.13793103448275862,0.0049261083743842304,-19.97,-0.25
B01ES3LRNS,1800 Fitted Sheet,Queen,Light Gray,59.91,199.7,33,42,3,10,0.09090909090909091,0.23809523809523808,-0.14718614718614717,-139.79,-0.7
B0822XYSQR,1800 Bedskirt,Full,Beige,59.91,99.85,76,62,3,5,0.039473684210526314,0.08064516129032258,-0.041171477079796265,-39.94,-0.4
B01ES3L5L2,1800 Fitted Sheet,Queen,Beige,59.91,19.97,19,11,3,1,0.15789473684210525,0.09090909090909091,0.06698564593301434,39.94,2.0
B0822Y83D3,1800 Bedskirt,Twin,Beige,59.91,0.0,19,23,3,0,0.15789473684210525,0.0,0.15789473684210525,59.91,
B01ETTIJO6,1800 Flat Sheet,California King,Coral,59.91,19.97,11,14,3,1,0.2727272727272727,0.07142857142857142,0.20129870129870128,39.94,2.0
B0822VSLCW,1800 Pillow Shams 2 piece,King,Light Gray,59.88,29.94,15,14,4,2,0.26666666666666666,0.14285714285714285,0.12380952380952381,29.94,1.0
B0CYCPG2PK,1800 Bed Sheet Set 6 PC With DEEP Fitted Sheet,King,Light Gray,58.97,176.91,20,15,1,3,0.05,0.2,-0.15000000000000002,-117.94,-0.6666666666666666
B0CYCP355Y,1800 Bed Sheet Set 6 PC With DEEP Fitted Sheet,King,Navy Blue,58.97,0.0,10,7,1,0,0.1,0.0,0.1,58.97,
B07J3WFHLF,Cotton Flannel Sheet Set 180GSM,Queen,White,58.97,117.94,19,21,1,2,0.05263157894736842,0.09523809523809523,-0.042606516290726815,-58.97,-0.5
B01MQW83B5,Cotton Flannel Sheet Set 160GSM,King,Blue,58.97,58.97,7,14,1,1,0.14285714285714285,0.07142857142857142,0.07142857142857142,0.0,0.0
B07WZP4STM,Cotton Flannel Sheet Set 180GSM,Queen,Navy,58.97,117.94,34,48,1,2,0.029411764705882353,0.041666666666666664,-0.012254901960784312,-58.97,-0.5
B0CYCQ7NHL,1800 Bed Sheet Set 6 PC With DEEP Fitted Sheet,King,Blush Pink,58.97,0.0,28,19,1,0,0.03571428571428571,0.0,0.03571428571428571,58.97,
B0BTZ7KY66,1800 Bed Sheet Set 6 PIECE,Split King,Spa Blue,57.97,0.0,4,4,1,0,0.25,0.0,0.25,57.97,
B0CYCMX1XX,1800 Bed Sheet Set 6 PC With DEEP Fitted Sheet,King,Gray,57.79,117.94,14,15,1,2,0.07142857142857142,0.13333333333333333,-0.06190476190476191,-60.15,-0.510005087332542
B01ES3M318,1800 Fitted Sheet,Twin,Blue Hydrangea,56.91,75.88,11,8,3,4,0.2727272727272727,0.5,-0.2272727272727273,-18.97,-0.25
B01ES3NZL0,1800 Fitted Sheet,Full,Gray,56.91,18.97,12,11,3,1,0.25,0.09090909090909091,0.1590909090909091,37.94,2.0
B01ES3MLU6,1800 Fitted Sheet,Twin XL,Gray,56.91,75.88,15,14,3,4,0.2,0.2857142857142857,-0.08571428571428569,-18.97,-0.25
B01ETTEHOC,1800 Flat Sheet,Queen,Black,56.91,0.0,8,5,3,0,0.375,0.0,0.375,56.91,
B01ETTDUW2,1800 Flat Sheet,Queen,Gray,56.91,37.94,14,9,3,2,0.21428571428571427,0.2222222222222222,-0.007936507936507936,18.97,0.5
B0BTZ6CSJQ,1800 Bed Sheet Set 6 PIECE,California King,Light Gray,54.97,54.97,7,2,1,1,0.14285714285714285,0.5,-0.35714285714285715,0.0,0.0
B0BTZ5CZGC,1800 Bed Sheet Set 6 PIECE,California King,Blush Pink,54.97,0.0,9,2,1,0,0.1111111111111111,0.0,0.1111111111111111,54.97,
B0BTZ4FMZ1,1800 Bed Sheet Set 6 PIECE,California King,Emerald Green,54.97,0.0,9,1,1,0,0.1111111111111111,0.0,0.1111111111111111,54.97,
B076PH3HVF,1800 Ultrasonic Coverlet,King,Navy,54.97,54.97,121,241,1,1,0.008264462809917356,0.004149377593360996,0.00411508521655636,0.0,0.0
B0BTZ6FYXD,1800 Bed Sheet Set 6 PIECE,California King,Sage,54.97,0.0,3,6,1,0,0.3333333333333333,0.0,0.3333333333333333,54.97,
B0822XNLKD,1800 Pillowcase Set 4 pc,Standard,Navy Blue,54.0,108.0,4,12,2,4,0.5,0.3333333333333333,0.16666666666666669,-54.0,-0.5
B0822XGM2X,1800 Pillowcase Set 4 pc,Standard,Black,54.0,27.0,9,6,2,1,0.2222222222222222,0.16666666666666666,0.05555555555555555,27.0,1.0
B0822Y8RMW,1800 Pillowcase Set 4 pc,Standard,Blue Hydrangea,54.0,27.0,42,35,2,1,0.047619047619047616,0.02857142857142857,0.019047619047619046,27.0,1.0
B0822Y42LB,1800 Pillowcase Set 4 pc,Standard,Spa Blue,54.0,54.0,29,18,2,2,0.06896551724137931,0.1111111111111111,-0.042145593869731796,0.0,0.0
B0CNWHMBHP,1800 Pillowcase Set 2 pc,Set of 2 Standard Size,Burgundy,53.91,71.88,14,19,3,4,0.21428571428571427,0.21052631578947367,0.0037593984962406013,-17.97,-0.25
B00RKHWP8G,1800 Pillowcase Set 2 pc,Set of 2 Standard Size,Navy Blue,53.91,107.82,20,19,3,6,0.15,0.3157894736842105,-0.16578947368421051,-53.91,-0.5
B01DN0BH0K,1800 Pillowcase Set 2 pc,Set of 2 King Size,Spa Mint,53.91,143.76,35,42,3,8,0.08571428571428572,0.19047619047619047,-0.10476190476190475,-89.85,-0.625
B010LB000M,1800 Pillowcase Set 2 pc,Set of 2 King Size,Striped White,53.91,35.94,8,7,3,2,0.375,0.2857142857142857,0.0892857142857143,17.97,0.5
B0CNWH9YHL,1800 Pillowcase Set 2 pc,Set of 2 Standard Size,Taupe,53.91,0.0,9,12,3,0,0.3333333333333333,0.0,0.3333333333333333,53.91,
B00RKHXLE8,1800 Pillowcase Set 2 pc,Set of 2 King Size,Brick Red,53.91,17.97,9,9,3,1,0.3333333333333333,0.1111111111111111,0.2222222222222222,35.94,2.0
B00RKHXK80,1800 Pillowcase Set 2 pc,Set of 2 King Size,Purple,53.91,71.88,14,10,3,4,0.21428571428571427,0.4,-0.18571428571428575,-17.97,-0.25
B0BTZ6S4QR,1800 Bed Sheet Set 6 PIECE,King,Brown,52.97,0.0,12,21,1,0,0.08333333333333333,0.0,0.08333333333333333,52.97,
B08CZYZSGG,1800 Bed Sheet Set With DEEP Fitted Sheet,California King,Paisley Gray,51.97,206.84,77,77,1,4,0.012987012987012988,0.05194805194805195,-0.03896103896103896,-154.87,-0.7487429897505318
B08CZY4WCP,1800 Bed Sheet Set With DEEP Fitted Sheet,King,Coral,51.97,155.91,101,100,1,3,0.009900990099009901,0.03,-0.020099009900990096,-103.94,-0.6666666666666666
B0822XYVZ7,1800 Bed Sheet Set With DEEP Fitted Sheet,California King,Royal Blue,51.97,103.94,25,20,1,2,0.04,0.1,-0.060000000000000005,-51.97,-0.5
B0822X5BGN,1800 Bed Sheet Set With DEEP Fitted Sheet,California King,Navy Blue,51.97,207.88,31,33,1,4,0.03225806451612903,0.12121212121212122,-0.08895405669599218,-155.91,-0.75
B0BMWB3CKD,1800 Bed Sheet Set With DEEP Fitted Sheet,California King,Sage,51.97,259.85,80,63,1,5,0.0125,0.07936507936507936,-0.06686507936507936,-207.88000000000002,-0.8
B0BTZ5S3T2,1800 Bed Sheet Set 6 PIECE,California King,White,51.97,51.97,23,32,1,1,0.043478260869565216,0.03125,0.012228260869565216,0.0,0.0
B01MQ4LRDY,Cotton Flannel Sheet Set 160GSM,Queen,Gray,51.97,0.0,19,15,1,0,0.05263157894736842,0.0,0.05263157894736842,51.97,
B0822V4YX9,"1800 Fitted Sheet 21"" Deep",King,Gray,51.94,129.85,27,18,2,5,0.07407407407407407,0.2777777777777778,-0.20370370370370372,-77.91,-0.6
B08D12G8VL,"1800 Fitted Sheet 21"" Deep",King,Coral,51.94,25.97,23,13,2,1,0.08695652173913043,0.07692307692307693,0.010033444816053505,25.97,1.0
B0822V9KTM,"1800 Fitted Sheet 21"" Deep",California King,Light Gray,51.94,0.0,8,11,2,0,0.25,0.0,0.25,51.94,
B01ETTFJ5I,1800 Flat Sheet,Twin XL,Beige,50.91,0.0,6,4,3,0,0.5,0.0,0.5,50.91,
B0CYCRTCSN,1800 Bed Sheet Set 6 PC With DEEP Fitted Sheet,Queen,Lavender,49.97,0.0,13,22,1,0,0.07692307692307693,0.0,0.07692307692307693,49.97,
B0CYCPKTKS,1800 Bed Sheet Set 6 PC With DEEP Fitted Sheet,Queen,Sky Blue,49.97,49.97,31,23,1,1,0.03225806451612903,0.043478260869565216,-0.011220196353436185,0.0,0.0
B08BZW5JLC,1800 Bed Sheet Set With DEEP Fitted Sheet,Split King,Aqua,49.97,49.97,31,19,1,1,0.03225806451612903,0.05263157894736842,-0.020373514431239387,0.0,0.0
B0CYCPZCSK,1800 Bed Sheet Set 6 PC With DEEP Fitted Sheet,Queen,Aqua,49.97,0.0,22,12,1,0,0.045454545454545456,0.0,0.045454545454545456,49.97,
B0CYCQQLY9,1800 Bed Sheet Set 6 PC With DEEP Fitted Sheet,Queen,Black,49.97,49.97,6,4,1,1,0.16666666666666666,0.25,-0.08333333333333334,0.0,0.0
B0822X68ZT,1800 Bed Sheet Set With DEEP Fitted Sheet,Split King,Beige,49.97,149.91,30,24,1,3,0.03333333333333333,0.125,-0.09166666666666667,-99.94,-0.6666666666666666
B0822WT7JY,1800 Bed Sheet Set With DEEP Fitted Sheet,Split King,Spa Blue,49.97,99.94,30,41,1,2,0.03333333333333333,0.04878048780487805,-0.015447154471544718,-49.97,-0.5
B08NPXQTF4,400TC Cotton Sheet Set,Twin,White,49.97,0.0,23,19,1,0,0.043478260869565216,0.0,0.043478260869565216,49.97,
B0D7JFX2WC,1800 Bed Sheet Set 6 PC With DEEP Fitted Sheet,Queen,Spa Mint,49.97,99.94,40,40,1,2,0.025,0.05,-0.025,-49.97,-0.5
B0822X11FD,1800 Bed Sheet Set With DEEP Fitted Sheet,Split King,Navy Blue,49.97,0.0,20,15,1,0,0.05,0.0,0.05,49.97,
B0822X42YC,1800 Bed Sheet Set With DEEP Fitted Sheet,Split King,Light Gray,49.97,199.88,37,32,1,4,0.02702702702702703,0.125,-0.09797297297297297,-149.91,-0.75
B0822V5KKJ,"1800 Fitted Sheet 21"" Deep",Queen,Black,47.94,71.91,20,8,2,3,0.1,0.375,-0.275,-23.97,-0.3333333333333333
B08D11YSHS,"1800 Fitted Sheet 21"" Deep",Queen,Emerald Green,47.94,0.0,20,6,2,0,0.1,0.0,0.1,47.94,
B01ETTDYPK,1800 Flat Sheet,Twin,White,47.910000000000004,47.91,16,14,3,3,0.1875,0.21428571428571427,-0.026785714285714274,7.105427357601002e-15,1.483078137675016e-16
B07BKMKJKQ,1800 Bed Sheets,Split King,Spa Blue,46.97,328.78999999999996,68,62,1,7,0.014705882352941176,0.11290322580645161,-0.09819734345351043,-281.81999999999994,-0.8571428571428571
B0CLYF44J8,1800 Bed Sheets,Split King,Taupe,46.97,0.0,38,36,1,0,0.02631578947368421,0.0,0.02631578947368421,46.97,
B0CNRYSBM1,1800 Bed Sheets,Split King,Poppy Orange,46.97,93.94,22,9,1,2,0.045454545454545456,0.2222222222222222,-0.17676767676767674,-46.97,-0.5
B08RZFDKF9,1800 Bed Sheets,Split King,Blush Pink,46.97,140.91,60,38,1,3,0.016666666666666666,0.07894736842105263,-0.062280701754385964,-93.94,-0.6666666666666666
B0CNRX8QBD,1800 Bed Sheets,Split King,Sky Blue,46.97,0.0,10,14,1,0,0.1,0.0,0.1,46.97,
B0DGQPH1CB,1800 Bed Sheets,Split King,Oxford Stripe Blue Nova,46.97,0.0,20,30,1,0,0.05,0.0,0.05,46.97,
B0DGQTCZ9Q,1800 Bed Sheets,Split King,Charcoal,46.97,0.0,6,8,1,0,0.16666666666666666,0.0,0.16666666666666666,46.97,
B0822VS5W8,1800 Bed Sheet Set With DEEP Fitted Sheet,Full,Black,45.97,91.94,39,30,1,2,0.02564102564102564,0.06666666666666667,-0.041025641025641026,-45.97,-0.5
B08BZX45CN,1800 Bed Sheet Set With DEEP Fitted Sheet,Full,Tan,45.97,45.97,47,47,1,1,0.02127659574468085,0.02127659574468085,0.0,0.0,0.0
B0BMW79MJQ,1800 Bed Sheet Set With DEEP Fitted Sheet,Full,Laced Sky Blue,45.97,91.94,68,64,1,2,0.014705882352941176,0.03125,-0.016544117647058824,-45.97,-0.5
B0823123JL,1800 Bedskirt,Cal King,Navy Blue,45.94,91.88,27,39,2,4,0.07407407407407407,0.10256410256410256,-0.02849002849002849,-45.94,-0.5
B0822Y5XHB,1800 Bedskirt,King,Gray,45.94,45.94,26,19,2,2,0.07692307692307693,0.10526315789473684,-0.02834008097165991,0.0,0.0
B0822ZMPN8,1800 Bedskirt,Cal King,Blue Hydrangea,45.94,68.91,20,19,3,3,0.15,0.15789473684210525,-0.00789473684210526,-22.97,-0.3333333333333333
B07R922JQZ,1800 Bed Sheets,California King,Pinstripe Gray,44.97,179.88,60,60,1,4,0.016666666666666666,0.06666666666666667,-0.05,-134.91,-0.75
B0822WHSF5,1800 Bed Sheet Set With DEEP Fitted Sheet,Twin,Spa Blue,44.97,0.0,18,25,1,0,0.05555555555555555,0.0,0.05555555555555555,44.97,
B0CNRX854V,1800 Bed Sheets,California King,Poppy Orange,44.97,134.91,28,30,1,3,0.03571428571428571,0.1,-0.0642857142857143,-89.94,-0.6666666666666666
B0CYCQ8YLN,1800 Bed Sheet Set 6 PC With DEEP Fitted Sheet,Full,White,44.97,44.97,19,25,1,1,0.05263157894736842,0.04,0.012631578947368417,0.0,0.0
B08CZXP1GG,1800 Bed Sheet Set With DEEP Fitted Sheet,Twin XL,Paisley Gray,44.97,89.94,56,44,1,2,0.017857142857142856,0.045454545454545456,-0.0275974025974026,-44.97,-0.5
B0822WX2RK,1800 Bed Sheet Set With DEEP Fitted Sheet,Twin,Navy Blue,44.97,44.97,9,10,1,1,0.1111111111111111,0.1,0.0111111111111111,0.0,0.0
B00O35D014,1800 Bed Sheets,California King,Purple,44.97,0.0,21,32,1,0,0.047619047619047616,0.0,0.047619047619047616,44.97,
B08BZVYMKN,1800 Bed Sheet Set With DEEP Fitted Sheet,Twin XL,Emerald Green,44.97,134.91,24,27,1,3,0.041666666666666664,0.1111111111111111,-0.06944444444444445,-89.94,-0.6666666666666666
B0BMW8ZDS9,1800 Bed Sheet Set With DEEP Fitted Sheet,Twin XL,Blush Pink,44.97,44.97,0,10,1,1,,0.1,,0.0,0.0
B0CLYCNW79,1800 Bed Sheets,California King,Burgundy,44.97,89.94,21,25,1,2,0.047619047619047616,0.08,-0.032380952380952385,-44.97,-0.5
B0D7J7269X,1800 Bed Sheet Set 6 PC With DEEP Fitted Sheet,Full,Beige,44.97,44.97,10,10,1,1,0.1,0.1,0.0,0.0,0.0
B0DGQQNZWS,1800 Bed Sheets,California King,Oxford Stripe Hazy Lilac,44.97,44.97,25,22,1,1,0.04,0.045454545454545456,-0.005454545454545455,0.0,0.0
B07R6TBBCQ,1800 Bed Sheets,California King,Laced Sky Blue,44.97,44.97,97,75,1,1,0.010309278350515464,0.013333333333333334,-0.0030240549828178705,0.0,0.0
B08BZWQYW7,1800 Bed Sheet Set With DEEP Fitted Sheet,Twin,Tan,44.97,44.97,19,26,1,1,0.05263157894736842,0.038461538461538464,0.014170040485829954,0.0,0.0
B0BMWBZ188,1800 Bed Sheet Set With DEEP Fitted Sheet,Twin XL,Laced Sky Blue,44.97,89.94,45,37,1,2,0.022222222222222223,0.05405405405405406,-0.03183183183183183,-44.97,-0.5
B0CYCQ4MC5,1800 Bed Sheet Set 6 PC With DEEP Fitted Sheet,Full,Blue Hydrangea,44.97,0.0,12,14,1,0,0.08333333333333333,0.0,0.08333333333333333,44.97,
B08CZYST4Y,1800 Bed Sheet Set With DEEP Fitted Sheet,Twin XL,Purple,44.97,44.97,17,25,1,1,0.058823529411764705,0.04,0.018823529411764704,0.0,0.0
B01DN0AZEE,1800 Bed Sheets,California King,Coral,44.97,89.94,38,33,1,2,0.02631578947368421,0.06060606060606061,-0.0342902711323764,-44.97,-0.5
B0CYCRQ87P,1800 Bed Sheet Set 6 PC With DEEP Fitted Sheet,Full,Spa Blue,44.97,44.97,21,16,1,1,0.047619047619047616,0.0625,-0.014880952380952384,0.0,0.0
B0822T9KTD,1800 Pillow Shams 2 piece,Standard,Gray,44.910000000000004,59.88,20,22,3,4,0.15,0.18181818181818182,-0.03181818181818183,-14.969999999999999,-0.24999999999999997
B0822W37GB,1800 Pillow Shams 2 piece,King,Spa Blue,44.910000000000004,44.910000000000004,39,37,3,3,0.07692307692307693,0.08108108108108109,-0.004158004158004158,0.0,0.0
B0CYCP8Q5H,1800 Bed Sheet Set 6 PC With DEEP Fitted Sheet,Full,Ivory,44.07,0.0,13,9,1,0,0.07692307692307693,0.0,0.07692307692307693,44.07,
B0BTZ5617G,1800 Bed Sheet Set 6 PIECE,Queen,Blush Pink,43.97,131.91,43,41,1,3,0.023255813953488372,0.07317073170731707,-0.0499149177538287,-87.94,-0.6666666666666666
B01N5FLSQY,Cotton Flannel Sheet Set 160GSM,Twin XL,Sage,43.97,43.97,34,44,1,1,0.029411764705882353,0.022727272727272728,0.006684491978609625,0.0,0.0
B01NCMALG3,Cotton Flannel Sheet Set 160GSM,Twin,Blue,43.97,0.0,5,5,1,0,0.2,0.0,0.2,43.97,
B0BTZ6C597,1800 Bed Sheet Set 6 PIECE,Queen,Emerald Green,43.97,43.97,22,29,1,1,0.045454545454545456,0.034482758620689655,0.010971786833855801,0.0,0.0
B0BTZ3NBBQ,1800 Bed Sheet Set 6 PIECE,Queen,Purple,43.97,0.0,13,17,1,0,0.07692307692307693,0.0,0.07692307692307693,43.97,
B07YYLTXKZ,Cotton Flannel Sheet Set 160GSM,Twin,Burgundy,43.97,0.0,2,2,1,0,0.5,0.0,0.5,43.97,
B0BTZ6XJMT,1800 Bed Sheet Set 6 PIECE,Queen,Lavender,43.97,0.0,40,30,1,0,0.025,0.0,0.025,43.97,
B07YYLSXJV,Cotton Flannel Sheet Set 160GSM,Twin XL,White,43.97,131.91,19,17,1,3,0.05263157894736842,0.17647058823529413,-0.12383900928792571,-87.94,-0.6666666666666666
B01N6H23WO,Cotton Flannel Sheet Set 160GSM,Twin,Sage,43.97,87.94,9,10,1,2,0.1111111111111111,0.2,-0.0888888888888889,-43.97,-0.5
B0BTZ4V7MT,1800 Bed Sheet Set 6 PIECE,Queen,Coral,43.97,0.0,23,23,1,0,0.043478260869565216,0.0,0.043478260869565216,43.97,
B0822VXJ3F,"1800 Fitted Sheet 21"" Deep",Full,Navy Blue,43.94,21.97,13,7,2,1,0.15384615384615385,0.14285714285714285,0.010989010989011005,21.97,1.0
B0822WCRPX,"1800 Fitted Sheet 21"" Deep",Full,White,43.94,21.97,24,28,2,1,0.08333333333333333,0.03571428571428571,0.047619047619047616,21.97,1.0
B0822TSDVW,"1800 Fitted Sheet 21"" Deep",Twin XL,Gray,43.94,65.91,39,18,2,3,0.05128205128205128,0.16666666666666666,-0.11538461538461538,-21.97,-0.3333333333333333
B01ES3N4M0,1800 Fitted Sheet,King,Brown,43.94,21.97,11,7,3,1,0.2727272727272727,0.14285714285714285,0.12987012987012986,21.97,1.0
B01ES3O0TG,1800 Fitted Sheet,California King,White,43.94,21.97,15,20,2,1,0.13333333333333333,0.05,0.08333333333333333,21.97,1.0
B0822WCBNG,"1800 Fitted Sheet 21"" Deep",Twin XL,Navy Blue,43.94,0.0,8,3,2,0,0.25,0.0,0.25,43.94,
B0822WVBNY,"1800 Fitted Sheet 21"" Deep",Twin XL,White,43.94,87.88,27,25,2,4,0.07407407407407407,0.16,-0.08592592592592593,-43.94,-0.5
B08TRRF1JN,1800 Fitted Sheet,King,Golden Ivory,43.94,43.94,14,14,2,2,0.14285714285714285,0.14285714285714285,0.0,0.0,0.0
B0822XPVC9,1800 Bedskirt,Queen,Royal Blue,41.94,0.0,12,12,2,0,0.16666666666666666,0.0,0.16666666666666666,41.94,
B098PBW9NV,Velvet Ultrasonic Coverlet,Full-Queen,Teal,39.97,0.0,19,14,1,0,0.05263157894736842,0.0,0.05263157894736842,39.97,
B01ETTFMOQ,1800 Flat Sheet,King,Beige,39.94,0.0,10,15,2,0,0.2,0.0,0.2,39.94,
B01ETTG60A,1800 Flat Sheet,King,Brown,39.94,0.0,6,10,2,0,0.3333333333333333,0.0,0.3333333333333333,39.94,
B01ES3M7U0,1800 Fitted Sheet,Queen,Blue Hydrangea,39.94,39.94,14,16,2,2,0.14285714285714285,0.125,0.01785714285714285,0.0,0.0
B0822Z48C9,1800 Bedskirt,Full,Royal Blue,39.94,19.97,7,9,2,1,0.2857142857142857,0.1111111111111111,0.1746031746031746,19.97,1.0
B08TRQYGNT,1800 Fitted Sheet,Queen,Blush Pink,39.94,19.97,17,20,2,1,0.11764705882352941,0.05,0.06764705882352941,19.97,1.0
B08TRPHQSR,1800 Fitted Sheet,Queen,Light Blue,39.94,19.97,21,19,2,1,0.09523809523809523,0.05263157894736842,0.042606516290726815,19.97,1.0
B0822ZKZSY,1800 Bedskirt,Full,Gray,39.94,19.97,17,21,2,1,0.11764705882352941,0.047619047619047616,0.0700280112044818,19.97,1.0
B0823115FS,1800 Bedskirt,Full,Light Gray,39.94,59.91,27,26,2,3,0.07407407407407407,0.11538461538461539,-0.04131054131054132,-19.97,-0.3333333333333333
B0822YSQQG,1800 Bedskirt,Full,Blue Hydrangea,39.94,0.0,22,15,2,0,0.09090909090909091,0.0,0.09090909090909091,39.94,
B01ETTI3EC,1800 Flat Sheet,California King,Black,39.94,59.91,25,27,2,3,0.08,0.1111111111111111,-0.031111111111111103,-19.97,-0.3333333333333333
B08TRS9MW9,1800 Fitted Sheet,Queen,Golden Ivory,39.94,179.73,26,20,2,9,0.07692307692307693,0.45,-0.3730769230769231,-139.79,-0.7777777777777778
B01ES3LXTQ,1800 Fitted Sheet,Queen,Lavender,39.94,59.91,14,22,2,3,0.14285714285714285,0.13636363636363635,0.006493506493506496,-19.97,-0.3333333333333333
B0892Q7ZKV,1800 Fitted Sheet,Queen,Spa Blue,39.94,39.94,19,20,2,2,0.10526315789473684,0.1,0.005263157894736831,0.0,0.0
B01ETTHEGU,1800 Flat Sheet,California King,Navy Blue,39.94,0.0,7,8,2,0,0.2857142857142857,0.0,0.2857142857142857,39.94,
B01ETTFPRA,1800 Flat Sheet,King,Gray,39.94,59.91,12,12,2,3,0.16666666666666666,0.25,-0.08333333333333334,-19.97,-0.3333333333333333
B01ETTFY9O,1800 Flat Sheet,King,Aqua,39.94,0.0,12,5,2,0,0.16666666666666666,0.0,0.16666666666666666,39.94,
B0822XRVC6,1800 Bedskirt,Full,Spa Blue,39.94,19.97,12,14,2,1,0.16666666666666666,0.07142857142857142,0.09523809523809523,19.97,1.0
B0BTZ5LJPR,1800 Bed Sheet Set 6 PIECE,Full,Beige,38.97,38.19,10,16,1,1,0.1,0.0625,0.037500000000000006,0.7800000000000011,0.020424194815396732
B0BTZ7XWCV,1800 Bed Sheet Set 6 PIECE,Full,Purple,38.97,0.0,9,8,1,0,0.1111111111111111,0.0,0.1111111111111111,38.97,
B0BTZ2SYMM,1800 Bed Sheet Set 6 PIECE,Full,Lavender,38.97,38.97,7,11,1,1,0.14285714285714285,0.09090909090909091,0.05194805194805194,0.0,0.0
B0BTZ2ZK8K,1800 Bed Sheet Set 6 PIECE,Full,Sage,38.97,0.0,15,14,1,0,0.06666666666666667,0.0,0.06666666666666667,38.97,
B0BTZ6WFRX,1800 Bed Sheet Set 6 PIECE,Full,Light Gray,38.97,38.19,14,16,1,1,0.07142857142857142,0.0625,0.008928571428571425,0.7800000000000011,0.020424194815396732
B0BTZ4HCRP,1800 Bed Sheet Set 6 PIECE,Full,Gray,38.97,0.0,13,9,1,0,0.07692307692307693,0.0,0.07692307692307693,38.97,
B0BTZ3TJ85,1800 Bed Sheet Set 6 PIECE,Full,Yellow,38.97,0.0,12,11,1,0,0.08333333333333333,0.0,0.08333333333333333,38.97,
B0BTZ74CPX,1800 Bed Sheet Set 6 PIECE,Twin,Blue Hydrangea,37.97,37.97,5,6,1,1,0.2,0.16666666666666666,0.033333333333333354,0.0,0.0
B0CNRYLZCL,1800 Bed Sheets,Full,Poppy Orange,37.97,189.85,59,68,1,5,0.01694915254237288,0.07352941176470588,-0.05658025922233301,-151.88,-0.8
B07YYDGZ59,Silk Pillowcase,"Queen 20"" X 30""","White, Black Piping",37.97,75.94,9,6,1,2,0.1111111111111111,0.3333333333333333,-0.2222222222222222,-37.97,-0.5
B0BTZ47QWS,1800 Bed Sheet Set 6 PIECE,Twin XL,Black,37.97,37.97,5,11,1,1,0.2,0.09090909090909091,0.1090909090909091,0.0,0.0
B00O35DHNA,1800 Bed Sheets,Full,Gold,37.97,151.88,63,49,1,4,0.015873015873015872,0.08163265306122448,-0.06575963718820861,-113.91,-0.75
B0BTZ4Q11V,1800 Bed Sheet Set 6 PIECE,Twin,Coral,37.97,0.0,12,5,1,0,0.08333333333333333,0.0,0.08333333333333333,37.97,
B0BTZ6Q4ZS,1800 Bed Sheet Set 6 PIECE,Twin,Brick Red,37.97,0.0,3,8,1,0,0.3333333333333333,0.0,0.3333333333333333,37.97,
B0BTZ6N5GC,1800 Bed Sheet Set 6 PIECE,Twin,Emerald Green,37.97,0.0,5,6,1,0,0.2,0.0,0.2,37.97,
B0BTZ6GX35,1800 Bed Sheet Set 6 PIECE,Twin,Navy Blue,37.97,151.88,7,5,1,4,0.14285714285714285,0.8,-0.6571428571428573,-113.91,-0.75
B01ES3NGTQ,1800 Fitted Sheet,Twin XL,Blue Hydrangea,37.94,37.94,9,8,2,2,0.2222222222222222,0.25,-0.02777777777777779,0.0,0.0
B01ES3O0Y6,1800 Fitted Sheet,Full,Navy Blue,37.94,37.94,9,6,2,2,0.2222222222222222,0.3333333333333333,-0.1111111111111111,0.0,0.0
B01ES3NKDS,1800 Fitted Sheet,Twin XL,Emerald Green,37.94,0.0,10,3,2,0,0.2,0.0,0.2,37.94,
B08TRQ3JS8,1800 Fitted Sheet,Twin XL,Golden Ivory,37.94,56.91,12,9,2,3,0.16666666666666666,0.3333333333333333,-0.16666666666666666,-18.97,-0.3333333333333333
B01ES3OAN2,1800 Fitted Sheet,Full,Brown,37.94,0.0,4,4,2,0,0.5,0.0,0.5,37.94,
B08TRP2MBH,1800 Fitted Sheet,Twin XL,Blush Pink,37.94,37.94,14,8,2,2,0.14285714285714285,0.25,-0.10714285714285715,0.0,0.0
B01ES3OQEA,1800 Fitted Sheet,Full,Blue Hydrangea,37.94,18.97,12,3,2,1,0.16666666666666666,0.3333333333333333,-0.16666666666666666,18.97,1.0
B01ES3M6OW,1800 Fitted Sheet,Twin,Emerald Green,37.94,0.0,7,4,2,0,0.2857142857142857,0.0,0.2857142857142857,37.94,
B0BTZ5SDV8,1800 Bed Sheet Set 6 PIECE,Twin XL,Beige,37.21,0.0,13,26,1,0,0.07692307692307693,0.0,0.07692307692307693,37.21,
B07YYD9QFN,Silk Pillowcase,"Standard 20"" X 26""","White, Black Piping",36.97,36.97,4,9,1,1,0.25,0.1111111111111111,0.1388888888888889,0.0,0.0
B07MS7QWTG,1800 Duvet Cover Set,King,Black,36.97,0.0,15,15,1,0,0.06666666666666667,0.0,0.06666666666666667,36.97,
B0CNWG1SXZ,1800 Pillowcase Set 2 pc,Set of 2 King Size,Taupe,35.94,17.97,5,7,2,1,0.4,0.14285714285714285,0.2571428571428572,17.97,1.0
B08TRRHGXW,1800 Pillowcase Set 2 pc,Set of 2 King Size,Teal,35.94,179.7,16,20,2,10,0.125,0.5,-0.375,-143.76,-0.8
B010LAZU9Y,1800 Pillowcase Set 2 pc,Set of 2 Standard Size,Striped Gray/Silver,35.94,53.91,14,19,2,3,0.14285714285714285,0.15789473684210525,-0.015037593984962405,-17.97,-0.3333333333333333
B014MVUGNS,1800 Pillowcase Set 2 pc,Set of 2 King Size,Lavender,35.94,71.88,14,22,2,4,0.14285714285714285,0.18181818181818182,-0.038961038961038974,-35.94,-0.5
B0CNRX9Q3L,1800 Pillowcase Set 2 pc,Set of 2 King Size,Hazy Lilac,35.94,35.94,11,10,2,2,0.18181818181818182,0.2,-0.018181818181818188,0.0,0.0
B01DN0BHR8,1800 Pillowcase Set 2 pc,Set of 2 King Size,Yellow,35.94,35.94,19,13,2,2,0.10526315789473684,0.15384615384615385,-0.04858299595141702,0.0,0.0
B01ETTIBNK,1800 Flat Sheet,Full,Black,35.94,0.0,11,5,2,0,0.18181818181818182,0.0,0.18181818181818182,35.94,
B0112XNQYU,1800 Bed Sheets,Twin,Tan,34.97,139.88,32,37,1,4,0.03125,0.10810810810810811,-0.07685810810810811,-104.91,-0.75
B0CNRXX15B,1800 Bed Sheets,Twin XL,Poppy Orange,34.97,69.94,31,28,1,2,0.03225806451612903,0.07142857142857142,-0.03917050691244239,-34.97,-0.5
B08RZCTQKF,1800 Bed Sheets,Twin,Teal,34.97,104.91,70,69,1,3,0.014285714285714285,0.043478260869565216,-0.029192546583850933,-69.94,-0.6666666666666666
B08V8ZVGQ6,1800 Bed Sheets,RV / Short Queen,Brick Red,34.97,0.0,13,12,1,0,0.07692307692307693,0.0,0.07692307692307693,34.97,
B08V8YBL7L,1800 Bed Sheets,RV / Short Queen,Royal Blue,34.97,34.97,24,20,1,1,0.041666666666666664,0.05,-0.008333333333333338,0.0,0.0
B0CNRZ73D8,1800 Bed Sheets,Twin,Poppy Orange,34.97,69.94,26,23,1,2,0.038461538461538464,0.08695652173913043,-0.04849498327759197,-34.97,-0.5
B01DN09ZIG,1800 Bed Sheets,Twin,Emerald Green,34.97,69.94,54,69,1,2,0.018518518518518517,0.028985507246376812,-0.010466988727858294,-34.97,-0.5
B0CNRYPY8G,1800 Bed Sheets,RV / Short Queen,Hazy Lilac,34.97,69.94,39,32,1,2,0.02564102564102564,0.0625,-0.03685897435897436,-34.97,-0.5
B07MS7NX3D,1800 Duvet Cover Set,Queen,Light Gray,34.97,69.94,37,37,1,2,0.02702702702702703,0.05405405405405406,-0.02702702702702703,-34.97,-0.5
B0CNRZ31Y6,1800 Bed Sheets,Twin XL,Terracotta,34.97,0.0,40,32,1,0,0.025,0.0,0.025,34.97,
B016P4329A,1800 Bed Sheets,Twin XL,Tan,34.97,34.97,31,19,1,1,0.03225806451612903,0.05263157894736842,-0.020373514431239387,0.0,0.0
B07M6VHK9G,1800 Duvet Cover Set,Queen,Black,34.97,0.0,17,11,1,0,0.058823529411764705,0.0,0.058823529411764705,34.97,
B0CNS1GMMB,1800 Bed Sheets,Twin,Terracotta,34.97,34.97,33,28,1,1,0.030303030303030304,0.03571428571428571,-0.005411255411255408,0.0,0.0
B07PP4PSBZ,1800 Duvet Cover Set,Queen,Laced Sky Blue,34.97,104.91,32,27,1,3,0.03125,0.1111111111111111,-0.0798611111111111,-69.94,-0.6666666666666666
B07YY9Z2JF,Silk Pillowcase,"Standard 20"" X 26""",Pink,33.97,0.0,7,8,1,0,0.14285714285714285,0.0,0.14285714285714285,33.97,
B01ETTGH1S,1800 Flat Sheet,Twin XL,Light Gray,33.94,0.0,6,4,2,0,0.3333333333333333,0.0,0.3333333333333333,33.94,
B01ETTEBIO,1800 Flat Sheet,Twin,Violet,31.94,15.97,29,20,2,1,0.06896551724137931,0.05,0.018965517241379307,15.97,1.0
B08L6SJXTL,1800 Pillowcase Set 2 pc,1 Pillowcase Body,Blue Hydrangea,29.94,29.94,17,14,2,2,0.11764705882352941,0.14285714285714285,-0.02521008403361344,0.0,0.0
B0822TX6QS,1800 Pillow Shams 2 piece,King,White,29.94,44.910000000000004,23,16,4,3,0.17391304347826086,0.1875,-0.013586956521739135,-14.970000000000002,-0.33333333333333337
B0822TY5NY,1800 Pillow Shams 2 piece,Standard,Spa Blue,29.94,89.82,40,49,2,6,0.05,0.12244897959183673,-0.07244897959183673,-59.879999999999995,-0.6666666666666666
B09SQF6WDH,1800 Duvet Cover Set,Twin,Sage,27.97,0.0,10,4,1,0,0.1,0.0,0.1,27.97,
B079YXSQ5C,1800 Duvet Cover Set,Twin,White,27.97,0.0,71,64,1,0,0.014084507042253521,0.0,0.014084507042253521,27.97,
B0822Z12BH,1800 Pillowcase Set 4 pc,King,Gray,27.0,27.0,5,7,1,1,0.2,0.14285714285714285,0.05714285714285716,0.0,0.0
B0822ZVWFK,1800 Pillowcase Set 4 pc,King,Light Gray,27.0,54.0,12,14,1,2,0.08333333333333333,0.14285714285714285,-0.05952380952380952,-27.0,-0.5
B08CZZDG5Q,"1800 Fitted Sheet 21"" Deep",King,Lavender,25.97,0.0,15,7,1,0,0.06666666666666667,0.0,0.06666666666666667,25.97,
B08D119XFS,"1800 Fitted Sheet 21"" Deep",King,Aqua,25.97,25.97,14,14,1,1,0.07142857142857142,0.07142857142857142,0.0,0.0,0.0
B0822V9PBB,"1800 Fitted Sheet 21"" Deep",King,Beige,25.97,51.94,25,19,1,2,0.04,0.10526315789473684,-0.06526315789473683,-25.97,-0.5
B08D12F1DW,"1800 Fitted Sheet 21"" Deep",King,Spa Mint,25.97,51.94,19,22,1,2,0.05263157894736842,0.09090909090909091,-0.038277511961722493,-25.97,-0.5
B08CZZFFVX,"1800 Fitted Sheet 21"" Deep",King,Emerald Green,25.97,25.97,12,12,1,1,0.08333333333333333,0.08333333333333333,0.0,0.0,0.0
B08D115YXL,"1800 Fitted Sheet 21"" Deep",Queen,Tan,23.97,0.0,19,26,1,0,0.05263157894736842,0.0,0.05263157894736842,23.97,
B0822TRHC4,"1800 Fitted Sheet 21"" Deep",Queen,Blue Hydrangea,23.97,0.0,43,24,1,0,0.023255813953488372,0.0,0.023255813953488372,23.97,
B08D11NY4C,"1800 Fitted Sheet 21"" Deep",Queen,Brown,23.97,95.88,6,48,1,4,0.16666666666666666,0.08333333333333333,0.08333333333333333,-71.91,-0.75
B08CZZV6R5,"1800 Fitted Sheet 21"" Deep",Queen,Aqua,23.97,47.94,27,25,1,2,0.037037037037037035,0.08,-0.04296296296296297,-23.97,-0.5
B0822W5CW8,"1800 Fitted Sheet 21"" Deep",Queen,Navy Blue,23.97,23.97,13,10,1,1,0.07692307692307693,0.1,-0.023076923076923078,0.0,0.0
B0822Z37LB,1800 Bedskirt,Cal King,Light Gray,22.97,45.94,26,23,1,2,0.038461538461538464,0.08695652173913043,-0.04849498327759197,-22.97,-0.5
B0822Z1N5D,1800 Bedskirt,King,Black,22.97,0.0,14,16,1,0,0.07142857142857142,0.0,0.07142857142857142,22.97,
B0822XSX2L,1800 Bedskirt,King,Royal Blue,22.97,22.97,11,20,1,1,0.09090909090909091,0.05,0.04090909090909091,0.0,0.0
B0822Z5KTC,1800 Bedskirt,Cal King,Black,22.97,68.91,12,15,1,3,0.08333333333333333,0.2,-0.11666666666666668,-45.94,-0.6666666666666666
B0822YKJGX,1800 Bedskirt,Cal King,Gray,22.97,22.97,9,8,1,1,0.1111111111111111,0.125,-0.013888888888888895,0.0,0.0
B0822T5GM8,"1800 Fitted Sheet 21"" Deep",Full,Light Gray,21.97,0.0,14,13,1,0,0.07142857142857142,0.0,0.07142857142857142,21.97,
B08TRPNC1C,1800 Fitted Sheet,King,Teal,21.97,43.94,11,9,1,2,0.09090909090909091,0.2222222222222222,-0.1313131313131313,-21.97,-0.5
B01ES3OYHY,1800 Fitted Sheet,California King,Emerald Green,21.97,21.97,7,4,1,1,0.14285714285714285,0.25,-0.10714285714285715,0.0,0.0
B01ES3NWY0,1800 Fitted Sheet,King,Spa Mint,21.97,43.94,21,22,1,2,0.047619047619047616,0.09090909090909091,-0.043290043290043295,-21.97,-0.5
B01ES3N0M4,1800 Fitted Sheet,King,Violet,21.97,21.97,7,6,1,1,0.14285714285714285,0.16666666666666666,-0.023809523809523808,0.0,0.0
B08CZYFXCC,"1800 Fitted Sheet 21"" Deep",Full,Emerald Green,21.97,0.0,13,11,1,0,0.07692307692307693,0.0,0.07692307692307693,21.97,
B0892N7BGH,1800 Fitted Sheet,King,Spa Blue,21.97,43.94,19,14,1,2,0.05263157894736842,0.14285714285714285,-0.09022556390977443,-21.97,-0.5
B0822XSCPT,1800 Bedskirt,Queen,Blue Hydrangea,20.97,104.85,50,74,1,5,0.02,0.06756756756756757,-0.04756756756756757,-83.88,-0.8
B0822ZP2SL,1800 Bedskirt,Queen,Spa Blue,20.97,62.91,52,62,1,3,0.019230769230769232,0.04838709677419355,-0.029156327543424315,-41.94,-0.6666666666666666
B0822YLVJG,1800 Bedskirt,Twin,Blue Hydrangea,19.97,59.91,15,18,1,3,0.06666666666666667,0.16666666666666666,-0.09999999999999999,-39.94,-0.6666666666666666
B01ETTGAC4,1800 Flat Sheet,King,Light Gray,19.97,59.91,14,10,1,3,0.07142857142857142,0.3,-0.22857142857142856,-39.94,-0.6666666666666666
B0822YXV1M,1800 Bedskirt,Twin,Light Gray,19.97,39.94,13,14,1,2,0.07692307692307693,0.14285714285714285,-0.06593406593406592,-19.97,-0.5
B08TRR3SNS,1800 Flat Sheet,King,Blush Pink,19.97,79.88,39,24,1,4,0.02564102564102564,0.16666666666666666,-0.14102564102564102,-59.91,-0.75
B01ES3MA0W,1800 Fitted Sheet,Queen,Coral,19.97,19.97,7,10,1,1,0.14285714285714285,0.1,0.042857142857142844,0.0,0.0
B01ES3LNSC,1800 Fitted Sheet,Queen,Purple,19.97,39.94,9,11,1,2,0.1111111111111111,0.18181818181818182,-0.07070707070707072,-19.97,-0.5
B0B2Q4BMD1,1800 Bedskirt,Twin,Golden Ivory,19.97,19.97,12,16,1,1,0.08333333333333333,0.0625,0.02083333333333333,0.0,0.0
B0B2Q5M6KH,1800 Bedskirt,Full,Golden Ivory,19.97,19.97,42,23,1,1,0.023809523809523808,0.043478260869565216,-0.019668737060041408,0.0,0.0
B01ES3MBEM,1800 Fitted Sheet,Queen,Emerald Green,19.97,39.94,12,15,1,2,0.08333333333333333,0.13333333333333333,-0.05,-19.97,-0.5
B01ETTILRG,1800 Flat Sheet,California King,Emerald Green,19.97,0.0,5,5,1,0,0.2,0.0,0.2,19.97,
B01ETTGDOO,1800 Flat Sheet,King,Lavender,19.97,19.97,4,8,1,1,0.25,0.125,0.125,0.0,0.0
B01ETTI0UO,1800 Flat Sheet,California King,Light Gray,19.97,19.97,30,28,1,1,0.03333333333333333,0.03571428571428571,-0.0023809523809523794,0.0,0.0
B01ETTFS0E,1800 Flat Sheet,King,Navy Blue,19.97,0.0,9,6,1,0,0.1111111111111111,0.0,0.1111111111111111,19.97,
B0892PJN9C,1800 Flat Sheet,King,Spa Blue,19.97,39.94,8,11,1,2,0.125,0.18181818181818182,-0.05681818181818182,-19.97,-0.5
B01ES3L9GS,1800 Fitted Sheet,Queen,Navy Blue,19.97,39.94,11,13,1,2,0.09090909090909091,0.15384615384615385,-0.06293706293706294,-19.97,-0.5
B01ES3LWJC,1800 Fitted Sheet,Queen,Black,19.97,0.0,13,14,1,0,0.07692307692307693,0.0,0.07692307692307693,19.97,
B0822Z1P7N,1800 Bedskirt,Twin,Navy Blue,19.97,0.0,7,4,1,0,0.14285714285714285,0.0,0.14285714285714285,19.97,
B08TRTM71S,1800 Flat Sheet,King,Teal,19.97,0.0,8,6,1,0,0.125,0.0,0.125,19.97,
B01ETTG7S6,1800 Flat Sheet,King,Purple,19.97,19.97,3,6,1,1,0.3333333333333333,0.16666666666666666,0.16666666666666666,0.0,0.0
B01ETTGSFI,1800 Flat Sheet,King,Emerald Green,19.97,0.0,14,4,1,0,0.07142857142857142,0.0,0.07142857142857142,19.97,
B01ETTIHJS,1800 Flat Sheet,California King,Blue Hydrangea,19.97,0.0,8,4,1,0,0.125,0.0,0.125,19.97,
B01ETTH802,1800 Flat Sheet,California King,Beige,19.97,39.94,18,13,1,2,0.05555555555555555,0.15384615384615385,-0.0982905982905983,-19.97,-0.5
B01ETTISKG,1800 Flat Sheet,California King,Spa Mint,19.97,0.0,7,4,1,0,0.14285714285714285,0.0,0.14285714285714285,19.97,
B0822Y8RZ1,1800 Bedskirt,Twin,White,19.97,79.88,43,44,1,4,0.023255813953488372,0.09090909090909091,-0.06765327695560254,-59.91,-0.75
B0822YT8ZZ,1800 Bedskirt,Full,Navy Blue,19.97,59.91,21,26,1,3,0.047619047619047616,0.11538461538461539,-0.06776556776556777,-39.94,-0.6666666666666666
B08TRRD9T6,1800 Flat Sheet,King,Golden Ivory,19.97,0.0,10,10,1,0,0.1,0.0,0.1,19.97,
B08TRQQR3C,1800 Fitted Sheet,Twin,Golden Ivory,18.97,37.94,9,4,1,2,0.1111111111111111,0.5,-0.3888888888888889,-18.97,-0.5
B01ES3LH2Y,1800 Fitted Sheet,Twin,Aqua,18.97,37.94,7,4,1,2,0.14285714285714285,0.5,-0.35714285714285715,-18.97,-0.5
B08TRSK3WJ,1800 Fitted Sheet,Twin XL,Teal,18.97,0.0,7,1,1,0,0.14285714285714285,0.0,0.14285714285714285,18.97,
B01ETTEBI4,1800 Flat Sheet,Queen,Purple,18.97,0.0,7,7,1,0,0.14285714285714285,0.0,0.14285714285714285,18.97,
B01ETTFFJI,1800 Flat Sheet,Queen,Spa Mint,18.97,37.94,18,12,1,2,0.05555555555555555,0.16666666666666666,-0.1111111111111111,-18.97,-0.5
B08TRRBZSQ,1800 Fitted Sheet,Twin,Blush Pink,18.97,18.97,10,13,1,1,0.1,0.07692307692307693,0.023076923076923078,0.0,0.0
B01ETTEJL8,1800 Flat Sheet,Queen,Lavender,18.97,0.0,6,5,1,0,0.16666666666666666,0.0,0.16666666666666666,18.97,
B01ES3NNP8,1800 Fitted Sheet,Twin XL,Persimmon,18.97,0.0,3,2,1,0,0.3333333333333333,0.0,0.3333333333333333,18.97,
B01ES3MUXO,1800 Fitted Sheet,Twin XL,Violet,18.97,0.0,8,5,1,0,0.125,0.0,0.125,18.97,
B01ES3L9AO,1800 Fitted Sheet,Twin,Gray,18.97,18.97,9,5,1,1,0.1111111111111111,0.2,-0.0888888888888889,0.0,0.0
B01ES3LXCI,1800 Fitted Sheet,Twin,Royal Blue,18.97,0.0,10,4,1,0,0.1,0.0,0.1,18.97,
B01ETTF6I8,1800 Flat Sheet,Queen,Emerald Green,18.97,0.0,9,3,1,0,0.1111111111111111,0.0,0.1111111111111111,18.97,
B08TRRBKDT,1800 Flat Sheet,Queen,Golden Ivory,18.97,0.0,14,4,1,0,0.07142857142857142,0.0,0.07142857142857142,18.97,
B01ETTDUK4,1800 Flat Sheet,Queen,Beige,18.97,0.0,14,7,1,0,0.07142857142857142,0.0,0.07142857142857142,18.97,
B01ES3N286,1800 Fitted Sheet,Twin XL,Brick Red,18.97,0.0,7,2,1,0,0.14285714285714285,0.0,0.14285714285714285,18.97,
B01ES3LAYO,1800 Fitted Sheet,Twin,Navy Blue,18.97,56.91,6,9,1,3,0.16666666666666666,0.3333333333333333,-0.16666666666666666,-37.94,-0.6666666666666666
B01ETTEEWW,1800 Flat Sheet,Queen,Light Gray,18.97,37.94,9,5,1,2,0.1111111111111111,0.4,-0.2888888888888889,-18.97,-0.5
B01ETTDTSM,1800 Flat Sheet,Queen,White,18.97,151.76,37,43,1,8,0.02702702702702703,0.18604651162790697,-0.15901948460087995,-132.79,-0.875
B01ES3LRXI,1800 Fitted Sheet,Twin,Light Gray,18.97,18.97,8,8,1,1,0.125,0.125,0.0,0.0,0.0
B01ES3OFDM,1800 Fitted Sheet,Full,Light Gray,18.97,37.94,16,16,1,2,0.0625,0.125,-0.0625,-18.97,-0.5
B0892MH6N9,1800 Fitted Sheet,Twin XL,Spa Blue,18.97,18.97,10,5,1,1,0.1,0.2,-0.1,0.0,0.0
B0822Z1DLW,1800 Pillowcase Set 2 pc,Set of 2 King Size,Laced Sky Blue,17.97,35.94,26,19,1,2,0.038461538461538464,0.10526315789473684,-0.06680161943319837,-17.97,-0.5
B0CNRXP565,1800 Pillowcase Set 2 pc,Set of 2 King Size,Blue Nova,17.97,35.94,11,11,1,2,0.09090909090909091,0.18181818181818182,-0.09090909090909091,-17.97,-0.5
B01LXQW6IW,1800 Pillowcase Set 2 pc,Set of 2 King Size,Paisley Gray,17.97,161.73,22,33,1,9,0.045454545454545456,0.2727272727272727,-0.22727272727272724,-143.76,-0.8888888888888888
B013FJJXBY,1800 Pillowcase Set 2 pc,Set of 2 King Size,Royal Blue,17.97,53.91,20,15,1,3,0.05,0.2,-0.15000000000000002,-35.94,-0.6666666666666666
B010LB01OM,1800 Pillowcase Set 2 pc,Set of 2 King Size,Striped Beige,17.97,0.0,4,3,1,0,0.25,0.0,0.25,17.97,
B013FJJVAC,1800 Pillowcase Set 2 pc,Set of 2 Standard Size,Royal Blue,17.97,107.82,19,22,1,6,0.05263157894736842,0.2727272727272727,-0.2200956937799043,-89.85,-0.8333333333333334
B01DN0BCWS,1800 Pillowcase Set 2 pc,Set of 2 King Size,Coral,17.97,53.91,10,10,1,3,0.1,0.3,-0.19999999999999998,-35.94,-0.6666666666666666
B0CNRX7KDJ,1800 Pillowcase Set 2 pc,Set of 2 King Size,Terracotta,17.97,17.97,7,4,1,1,0.14285714285714285,0.25,-0.10714285714285715,0.0,0.0
B00RKHX1WA,1800 Pillowcase Set 2 pc,Set of 2 Standard Size,Brick Red,17.97,35.94,13,14,1,2,0.07692307692307693,0.14285714285714285,-0.06593406593406592,-17.97,-0.5
B0822XRYKY,1800 Pillowcase Set 2 pc,Set of 2 Standard Size,Chevron Gray,17.97,17.97,39,24,1,1,0.02564102564102564,0.041666666666666664,-0.016025641025641024,0.0,0.0
B0CNRYR2PJ,1800 Pillowcase Set 2 pc,Set of 2 Standard Size,Poppy Orange,17.97,17.97,18,17,1,1,0.05555555555555555,0.058823529411764705,-0.0032679738562091526,0.0,0.0
B01ETTIDMY,1800 Flat Sheet,Full,Lavender,17.97,0.0,3,7,1,0,0.3333333333333333,0.0,0.3333333333333333,17.97,
B0822XFQ7J,1800 Pillowcase Set 2 pc,Set of 2 King Size,Chevron Gray,17.97,0.0,32,17,1,0,0.03125,0.0,0.03125,17.97,
B00RKHX8OQ,1800 Pillowcase Set 2 pc,Set of 2 King Size,Navy Blue,17.97,53.91,8,7,1,3,0.125,0.42857142857142855,-0.30357142857142855,-35.94,-0.6666666666666666
B0CNRYSG8F,1800 Pillowcase Set 2 pc,Set of 2 Standard Size,Terracotta,17.97,107.82,20,16,1,6,0.05,0.375,-0.325,-89.85,-0.8333333333333334
B00RKHXFNK,1800 Pillowcase Set 2 pc,Set of 2 King Size,Violet,17.97,35.94,6,8,1,2,0.16666666666666666,0.25,-0.08333333333333334,-17.97,-0.5
B01ETTFUGQ,1800 Flat Sheet,Twin XL,Aqua,16.97,0.0,10,2,1,0,0.1,0.0,0.1,16.97,
B08TRRGL9M,1800 Flat Sheet,Twin XL,Sage,16.97,33.94,6,6,1,2,0.16666666666666666,0.3333333333333333,-0.16666666666666666,-16.97,-0.5
B01ETTFWN2,1800 Flat Sheet,Twin XL,Violet,16.97,0.0,9,7,1,0,0.1111111111111111,0.0,0.1111111111111111,16.97,
B01ETTFLPG,1800 Flat Sheet,Twin XL,Gray,16.97,16.97,5,3,1,1,0.2,0.3333333333333333,-0.1333333333333333,0.0,0.0
B01ETTELIY,1800 Flat Sheet,Twin,Light Gray,15.97,15.97,9,3,1,1,0.1111111111111111,0.3333333333333333,-0.2222222222222222,0.0,0.0
B01ETTE3O6,1800 Flat Sheet,Twin,Navy Blue,15.97,0.0,4,2,1,0,0.25,0.0,0.25,15.97,
B0822VQ53G,1800 Pillow Shams 2 piece,King,Navy Blue,14.97,0.0,11,5,1,0,0.09090909090909091,0.0,0.09090909090909091,14.97,
B0822VYT3Z,1800 Pillow Shams 2 piece,Standard,Beige,14.97,0.0,5,14,1,0,0.2,0.0,0.2,14.97,
B08L6QYT3L,1800 Pillowcase Set 2 pc,1 Pillowcase Body,Black,14.97,0.0,12,9,1,0,0.08333333333333333,0.0,0.08333333333333333,14.97,
B0822VYWK3,1800 Pillow Shams 2 piece,Standard,Royal Blue,14.97,14.97,15,20,1,1,0.06666666666666667,0.05,0.016666666666666663,0.0,0.0
B0822W17N1,1800 Pillow Shams 2 piece,Standard,Black,0.0,29.94,7,10,0,2,0.0,0.2,-0.2,-29.94,-1.0
B0CLYC255G,1800 Bed Sheets,Full,Taupe,0.0,37.21,0,14,0,1,,0.07142857142857142,,-37.21,-1.0
B0CYCTK7HP,1800 Bed Sheet Set 6 PC With DEEP Fitted Sheet,Full,Sky Blue,0.0,134.91,14,18,0,3,0.0,0.16666666666666666,-0.16666666666666666,-134.91,-1.0
B0CYCP3H4R,1800 Bed Sheet Set 6 PC With DEEP Fitted Sheet,Full,Blue Nova,0.0,44.97,29,35,0,1,0.0,0.02857142857142857,-0.02857142857142857,-44.97,-1.0
B00O35D0YQ,1800 Bed Sheets,California King,Brick Red,0.0,44.97,16,22,0,1,0.0,0.045454545454545456,-0.045454545454545456,-44.97,-1.0
B0822WZZ26,1800 Pillowcase Set 2 pc,Set of 2 Standard Size,Laced Sky Blue,0.0,125.78999999999999,23,20,0,7,0.0,0.35,-0.35,-125.78999999999999,-1.0
B0822YGP85,1800 Pillowcase Set 4 pc,Standard,Light Gray,0.0,108.0,18,20,0,4,0.0,0.2,-0.2,-108.0,-1.0
B0D7J4XVRX,1800 Bed Sheet Set 6 PC With DEEP Fitted Sheet,Full,Spa Mint,0.0,44.97,12,14,0,1,0.0,0.07142857142857142,-0.07142857142857142,-44.97,-1.0
B07X4X6YT7,Cotton Flannel Sheet Set 180GSM,Queen,Light Gray Plaid,0.0,58.97,26,16,0,1,0.0,0.0625,-0.0625,-58.97,-1.0
B0822X2TJD,1800 Bed Sheet Set With DEEP Fitted Sheet,California King,Brick Red,0.0,51.97,25,25,0,1,0.0,0.04,-0.04,-51.97,-1.0
B00O35D8NY,1800 Bed Sheets,Twin,Purple,0.0,34.97,26,26,0,1,0.0,0.038461538461538464,-0.038461538461538464,-34.97,-1.0
B0DGQP5QR6,1800 Bed Sheets,Twin,Oxford Stripe Hazy Lilac,0.0,69.94,23,14,0,2,0.0,0.14285714285714285,-0.14285714285714285,-69.94,-1.0
B0BTZ6DTKK,1800 Bed Sheet Set 6 PIECE,Queen,Brick Red,0.0,87.94,43,36,0,2,0.0,0.05555555555555555,-0.05555555555555555,-87.94,-1.0
B07X1SX66J,Cotton Flannel Sheet Set 180GSM,King,Light Gray Plaid,0.0,65.97,5,11,0,1,0.0,0.09090909090909091,-0.09090909090909091,-65.97,-1.0
B0CYCQC3PH,1800 Bed Sheet Set 6 PC With DEEP Fitted Sheet,California King,Ivory,0.0,59.97,14,7,0,1,0.0,0.14285714285714285,-0.14285714285714285,-59.97,-1.0
B0BTZ45V1H,1800 Bed Sheet Set 6 PIECE,Twin XL,Lavender,0.0,37.97,10,10,0,1,0.0,0.1,-0.1,-37.97,-1.0
B01ETTG2U4,1800 Flat Sheet,Twin XL,Purple,0.0,16.97,13,5,0,1,0.0,0.2,-0.2,-16.97,-1.0
B01ES3MQX8,1800 Fitted Sheet,King,Gray,0.0,21.97,21,17,0,1,0.0,0.058823529411764705,-0.058823529411764705,-21.97,-1.0
B0BTZ6WFS3,1800 Bed Sheet Set 6 PIECE,Split King,White,0.0,54.97,17,19,0,1,0.0,0.05263157894736842,-0.05263157894736842,-54.97,-1.0
B01ES3MT12,1800 Fitted Sheet,King,Navy Blue,0.0,21.97,4,3,0,1,0.0,0.3333333333333333,-0.3333333333333333,-21.97,-1.0
B0BMW8WYMQ,1800 Bed Sheet Set With DEEP Fitted Sheet,Twin,Laced Sky Blue,0.0,44.97,17,18,0,1,0.0,0.05555555555555555,-0.05555555555555555,-44.97,-1.0
B0822XZ4VD,1800 Bedskirt,Queen,Brick Red,0.0,41.94,19,20,0,2,0.0,0.1,-0.1,-41.94,-1.0
B0BTZ85K94,1800 Bed Sheet Set 6 PIECE,Full,Aqua,0.0,76.38,8,7,0,2,0.0,0.2857142857142857,-0.2857142857142857,-76.38,-1.0
B01ETTH15O,1800 Flat Sheet,King,Spa Mint,0.0,19.97,9,8,0,1,0.0,0.125,-0.125,-19.97,-1.0
B0BTZ6HL5H,1800 Bed Sheet Set 6 PIECE,Full,Coral,0.0,38.97,5,9,0,1,0.0,0.1111111111111111,-0.1111111111111111,-38.97,-1.0
B01ES3NEQQ,1800 Fitted Sheet,King,Lavender,0.0,43.94,14,8,0,2,0.0,0.25,-0.25,-43.94,-1.0
B01ES3NCYK,1800 Fitted Sheet,King,Black,0.0,43.94,11,4,0,2,0.0,0.5,-0.5,-43.94,-1.0
B0CNRYNV4P,1800 Bed Sheets,Twin XL,Pistachio,0.0,174.85,49,54,0,5,0.0,0.09259259259259259,-0.09259259259259259,-174.85,-1.0
B01ETTHIS4,1800 Flat Sheet,Full,White,0.0,89.85,13,14,0,5,0.0,0.35714285714285715,-0.35714285714285715,-89.85,-1.0
B01N7IE9TA,Cotton Flannel Sheet Set 160GSM,Full,Navy,0.0,99.94,4,5,0,2,0.0,0.4,-0.4,-99.94,-1.0
B07J3T35D5,Cotton Flannel Sheet Set 180GSM,Twin XL,White,0.0,99.94,3,4,0,2,0.0,0.5,-0.5,-99.94,-1.0
B0822YHVQ4,1800 Bedskirt,Twin XL,Royal Blue,0.0,39.94,7,10,0,2,0.0,0.2,-0.2,-39.94,-1.0
B00O35DQMC,1800 Bed Sheets,California King,Navy Blue,0.0,224.85,22,26,0,5,0.0,0.19230769230769232,-0.19230769230769232,-224.85,-1.0
B0BTZ7MT37,1800 Bed Sheet Set 6 PIECE,California King,Beige,0.0,54.97,6,12,0,1,0.0,0.08333333333333333,-0.08333333333333333,-54.97,-1.0
B08TRPRMH9,1800 Fitted Sheet,Queen,Teal,0.0,39.94,6,14,0,2,0.0,0.14285714285714285,-0.14285714285714285,-39.94,-1.0
B07J3SKJMZ,Cotton Flannel Sheet Set 180GSM,California King,Gray,0.0,69.97,0,3,0,1,,0.3333333333333333,,-69.97,-1.0
B0D7F2CRMR,1800 Bed Sheet Set 6 PC With DEEP Fitted Sheet,Queen,Golden Ivory,0.0,249.85,28,27,0,5,0.0,0.18518518518518517,-0.18518518518518517,-249.85,-1.0
B0892P6Z53,1800 Flat Sheet,Twin XL,Spa Blue,0.0,33.94,3,4,0,2,0.0,0.5,-0.5,-33.94,-1.0
B0822Y1CB6,1800 Pillowcase Set 4 pc,King,Blue Hydrangea,0.0,54.0,11,4,0,2,0.0,0.5,-0.5,-54.0,-1.0
B07J3SXSLT,Cotton Flannel Sheet Set 180GSM,King,Gray,0.0,65.97,39,27,0,1,0.0,0.037037037037037035,-0.037037037037037035,-65.97,-1.0
B0BTZ7KXB3,1800 Bed Sheet Set 6 PIECE,Twin,Aqua,0.0,37.97,7,5,0,1,0.0,0.2,-0.2,-37.97,-1.0
B0CNRVZBRR,1800 Bed Sheets,Twin XL,Hazy Lilac,0.0,69.94,17,26,0,2,0.0,0.07692307692307693,-0.07692307692307693,-69.94,-1.0
B0BTZ5F2C9,1800 Bed Sheet Set 6 PIECE,Queen,Brown,0.0,43.97,15,22,0,1,0.0,0.045454545454545456,-0.045454545454545456,-43.97,-1.0
B01ES3OLY0,1800 Fitted Sheet,Full,Royal Blue,0.0,18.97,6,11,0,1,0.0,0.09090909090909091,-0.09090909090909091,-18.97,-1.0
B01ETTF3NQ,1800 Flat Sheet,Twin,Emerald Green,0.0,15.97,9,3,0,1,0.0,0.3333333333333333,-0.3333333333333333,-15.97,-1.0
B01ES3MNCM,1800 Fitted Sheet,Twin XL,Navy Blue,0.0,37.94,6,4,0,2,0.0,0.5,-0.5,-37.94,-1.0
B0822XKZ4F,1800 Pillowcase Set 4 pc,King,Navy Blue,0.0,27.0,3,2,0,1,0.0,0.5,-0.5,-27.0,-1.0
B01ES3NQBO,1800 Fitted Sheet,King,Emerald Green,0.0,21.97,12,13,0,1,0.0,0.07692307692307693,-0.07692307692307693,-21.97,-1.0
B0CNRX5LHJ,1800 Bed Sheets,Split King,Hazy Lilac,0.0,139.97,50,34,0,3,0.0,0.08823529411764706,-0.08823529411764706,-139.97,-1.0
B07YYC3R65,Silk Pillowcase,"Throw 18"" X 18""",Gold,0.0,27.97,7,9,0,1,0.0,0.1111111111111111,-0.1111111111111111,-27.97,-1.0
B01ES3NWXQ,1800 Fitted Sheet,Full,Beige,0.0,75.88,5,11,0,4,0.0,0.36363636363636365,-0.36363636363636365,-75.88,-1.0
B01MT8MY31,1800 Bed Sheets,Split King,Black,0.0,46.97,9,12,0,1,0.0,0.08333333333333333,-0.08333333333333333,-46.97,-1.0
B08L6S7RMB,1800 Pillowcase Set 2 pc,1 Pillowcase Body,White,0.0,14.97,0,13,0,1,,0.07692307692307693,,-14.97,-1.0
B0BTZ4JTHW,1800 Bed Sheet Set 6 PIECE,Split King,Brown,0.0,57.97,6,6,0,1,0.0,0.16666666666666666,-0.16666666666666666,-57.97,-1.0
B01ES3OZUA,1800 Fitted Sheet,Full,Spa Mint,0.0,18.97,14,5,0,1,0.0,0.2,-0.2,-18.97,-1.0
B01ES3OTME,1800 Fitted Sheet,Full,Emerald Green,0.0,18.97,5,3,0,1,0.0,0.3333333333333333,-0.3333333333333333,-18.97,-1.0
B09NC6DWPT,Mattress Pads Waterproof,"California King 21""",White,0.0,45.46,14,17,0,2,0.0,0.11764705882352941,-0.11764705882352941,-45.46,-1.0
B07J3YKXS2,Cotton Flannel Sheet Set 180GSM,Twin XL,Gray,0.0,99.94,4,5,0,2,0.0,0.4,-0.4,-99.94,-1.0
B01ETTDZY0,1800 Flat Sheet,Queen,Aqua,0.0,18.97,7,9,0,1,0.0,0.1111111111111111,-0.1111111111111111,-18.97,-1.0
B010LAZW6K,1800 Pillowcase Set 2 pc,Set of 2 Standard Size,Striped Light Blue,0.0,17.97,4,9,0,1,0.0,0.1111111111111111,-0.1111111111111111,-17.97,-1.0
B0B2Q6VD38,1800 Bedskirt,Twin XL,Golden Ivory,0.0,39.94,34,24,0,2,0.0,0.08333333333333333,-0.08333333333333333,-39.94,-1.0
B0CYCPGS5Q,1800 Bed Sheet Set 6 PC With DEEP Fitted Sheet,King,Ivory,0.0,176.91,35,31,0,3,0.0,0.0967741935483871,-0.0967741935483871,-176.91,-1.0
B08TRT7MXS,1800 Flat Sheet,Queen,Teal,0.0,18.97,5,8,0,1,0.0,0.125,-0.125,-18.97,-1.0
B0BTZ5WFGR,1800 Bed Sheet Set 6 PIECE,Twin,Beige,0.0,37.97,7,10,0,1,0.0,0.1,-0.1,-37.97,-1.0
B01ETTI5LI,1800 Flat Sheet,Full,Purple,0.0,17.97,7,7,0,1,0.0,0.14285714285714285,-0.14285714285714285,-17.97,-1.0
B07X5T8LSS,Cotton Flannel Sheet Set 160GSM,Queen,Pink,0.0,50.93,7,9,0,1,0.0,0.1111111111111111,-0.1111111111111111,-50.93,-1.0
B01ES3O4BK,1800 Fitted Sheet,California King,Gray,0.0,21.97,0,2,0,1,,0.5,,-21.97,-1.0
B0BTZ4QWHW,1800 Bed Sheet Set 6 PIECE,Full,Blush Pink,0.0,38.97,22,14,0,1,0.0,0.07142857142857142,-0.07142857142857142,-38.97,-1.0
B0CNRYJF31,1800 Bed Sheets,Twin,Pistachio,0.0,34.97,51,48,0,1,0.0,0.020833333333333332,-0.020833333333333332,-34.97,-1.0
B0CNRZB226,1800 Bed Sheets,RV / Short Queen,Blue Nova,0.0,34.97,35,36,0,1,0.0,0.027777777777777776,-0.027777777777777776,-34.97,-1.0
B0822WYTFB,1800 Pillowcase Set 4 pc,Standard,Royal Blue,0.0,54.0,8,9,0,2,0.0,0.2222222222222222,-0.2222222222222222,-54.0,-1.0
B08D11KZP7,1800 Bed Sheet Set With DEEP Fitted Sheet,Full,Coral,0.0,45.97,34,29,0,1,0.0,0.034482758620689655,-0.034482758620689655,-45.97,-1.0
B08CZYSCZ9,1800 Bed Sheet Set With DEEP Fitted Sheet,Twin,Coral,0.0,44.07,16,15,0,1,0.0,0.06666666666666667,-0.06666666666666667,-44.07,-1.0
B01ES3MA7A,1800 Fitted Sheet,Twin,Persimmon,0.0,18.97,7,7,0,1,0.0,0.14285714285714285,-0.14285714285714285,-18.97,-1.0
B08CZZQMFC,1800 Bed Sheet Set With DEEP Fitted Sheet,Full,Paisley Gray,0.0,183.88,82,75,0,4,0.0,0.05333333333333334,-0.05333333333333334,-183.88,-1.0
B0DGQQ56WT,1800 Bed Sheets,California King,Mineral Gray,0.0,224.85,81,88,0,5,0.0,0.056818181818181816,-0.056818181818181816,-224.85,-1.0
B01ES3LOBI,1800 Fitted Sheet,Twin,Purple,0.0,37.94,1,3,0,2,0.0,0.6666666666666666,-0.6666666666666666,-37.94,-1.0
B0822YC6GS,1800 Pillowcase Set 4 pc,Standard,Beige,0.0,81.0,9,8,0,3,0.0,0.375,-0.375,-81.0,-1.0
B0822YL1GF,1800 Pillowcase Set 4 pc,King,Spa Blue,0.0,81.0,12,7,0,3,0.0,0.42857142857142855,-0.42857142857142855,-81.0,-1.0
B0BTZ5QFD7,1800 Bed Sheet Set 6 PIECE,Twin,White,0.0,161.4,0,17,0,5,,0.29411764705882354,,-161.4,-1.0
B08TRRPSM9,1800 Fitted Sheet,California King,Teal,0.0,43.94,1,2,0,2,0.0,1.0,-1.0,-43.94,-1.0
B07X2SKX7B,Cotton Flannel Sheet Set 160GSM,Full,Light Blue Plaid,0.0,49.97,11,9,0,1,0.0,0.1111111111111111,-0.1111111111111111,-49.97,-1.0
B08BZY4TYY,1800 Bed Sheet Set With DEEP Fitted Sheet,Full,Emerald Green,0.0,45.97,35,32,0,1,0.0,0.03125,-0.03125,-45.97,-1.0
B01ETTFH14,1800 Flat Sheet,Twin XL,White,0.0,152.73,18,17,0,9,0.0,0.5294117647058824,-0.5294117647058824,-152.73,-1.0
B0BTZ7F43V,1800 Bed Sheet Set 6 PIECE,King,Yellow,0.0,52.97,24,15,0,1,0.0,0.06666666666666667,-0.06666666666666667,-52.97,-1.0
B0BTZ7DKCD,1800 Bed Sheet Set 6 PIECE,Split King,Yellow,0.0,115.94,7,3,0,2,0.0,0.6666666666666666,-0.6666666666666666,-115.94,-1.0
B08NPN1ZQR,400TC Cotton Sheet Set,Queen,Gray,0.0,64.97,7,11,0,1,0.0,0.09090909090909091,-0.09090909090909091,-64.97,-1.0
B08YP4GVZ7,Ruffle Skirt Bedspread Solid,King,Solid Gray,0.0,59.97,7,12,0,1,0.0,0.08333333333333333,-0.08333333333333333,-59.97,-1.0
B01ES3N6IW,1800 Fitted Sheet,King,Purple,0.0,21.97,5,7,0,1,0.0,0.14285714285714285,-0.14285714285714285,-21.97,-1.0
B01ETTE20Q,1800 Flat Sheet,Twin,Gray,0.0,31.94,2,6,0,2,0.0,0.3333333333333333,-0.3333333333333333,-31.94,-1.0
B01NGWLXLE,Cotton Flannel Sheet Set 160GSM,Full,Blue,0.0,99.94,13,23,0,2,0.0,0.08695652173913043,-0.08695652173913043,-99.94,-1.0
B0CNRXRWGJ,1800 Bed Sheets,RV / Short Queen,Pistachio,0.0,34.97,29,29,0,1,0.0,0.034482758620689655,-0.034482758620689655,-34.97,-1.0
B07X3WM444,Cotton Flannel Sheet Set 160GSM,Queen,Light Blue Plaid,0.0,51.97,20,15,0,1,0.0,0.06666666666666667,-0.06666666666666667,-51.97,-1.0
B0CLYBFG6K,1800 Bed Sheets,California King,Taupe,0.0,44.97,21,16,0,1,0.0,0.0625,-0.0625,-44.97,-1.0
B07X3VKLPV,Cotton Flannel Sheet Set 180GSM,Twin,Navy,0.0,49.97,0,7,0,1,,0.14285714285714285,,-49.97,-1.0
B0BTZ81ZZK,1800 Bed Sheet Set 6 PIECE,Queen,Aqua,0.0,175.88,28,22,0,4,0.0,0.18181818181818182,-0.18181818181818182,-175.88,-1.0
B0822XR2SH,1800 Pillowcase Set 2 pc,Set of 2 King Size,Pinstripe Gray,0.0,71.88,8,14,0,4,0.0,0.2857142857142857,-0.2857142857142857,-71.88,-1.0
B0BTZ5L4DM,1800 Bed Sheet Set 6 PIECE,King,Coral,0.0,105.94,14,18,0,2,0.0,0.1111111111111111,-0.1111111111111111,-105.94,-1.0
B08CZZSPDY,"1800 Fitted Sheet 21"" Deep",Full,Spa Mint,0.0,87.88,16,26,0,4,0.0,0.15384615384615385,-0.15384615384615385,-87.88,-1.0
B0BTZ6P63N,1800 Bed Sheet Set 6 PIECE,Twin XL,Purple,0.0,37.97,8,9,0,1,0.0,0.1111111111111111,-0.1111111111111111,-37.97,-1.0
B07WZP5QXR,Cotton Flannel Sheet Set 180GSM,King,Floral Feathers,0.0,65.97,13,10,0,1,0.0,0.1,-0.1,-65.97,-1.0
B01ES3N61Y,1800 Fitted Sheet,Twin XL,Black,0.0,18.97,9,5,0,1,0.0,0.2,-0.2,-18.97,-1.0
B0822WH4Q2,"1800 Fitted Sheet 21"" Deep",California King,Gray,0.0,51.94,4,6,0,2,0.0,0.3333333333333333,-0.3333333333333333,-51.94,-1.0
B0CYCS32SP,1800 Bed Sheet Set 6 PC With DEEP Fitted Sheet,King,Spa Blue,0.0,117.94,36,14,0,2,0.0,0.14285714285714285,-0.14285714285714285,-117.94,-1.0
B0CYCP3D24,1800 Bed Sheet Set 6 PC With DEEP Fitted Sheet,King,Tan,0.0,117.94,21,23,0,2,0.0,0.08695652173913043,-0.08695652173913043,-117.94,-1.0
B0D7JMQPCQ,1800 Bed Sheet Set 6 PC With DEEP Fitted Sheet,California King,Spa Mint,0.0,59.97,9,6,0,1,0.0,0.16666666666666666,-0.16666666666666666,-59.97,-1.0
B0822Y48HH,1800 Bedskirt,Queen,Beige,0.0,209.7,0,414,0,10,,0.024154589371980676,,-209.7,-1.0
B0BTZ68TRH,1800 Bed Sheet Set 6 PIECE,Split King,Beige,0.0,173.91,11,15,0,3,0.0,0.2,-0.2,-173.91,-1.0
B0822VY3C8,"1800 Fitted Sheet 21"" Deep",California King,White,0.0,77.91,22,46,0,3,0.0,0.06521739130434782,-0.06521739130434782,-77.91,-1.0
B0892NX26C,1800 Flat Sheet,Full,Spa Blue,0.0,35.94,12,17,0,2,0.0,0.11764705882352941,-0.11764705882352941,-35.94,-1.0
B01ES3MYUS,1800 Fitted Sheet,King,Aqua,0.0,65.91,10,12,0,3,0.0,0.25,-0.25,-65.91,-1.0
B0BTZ5X2MF,1800 Bed Sheet Set 6 PIECE,King,Blush Pink,0.0,52.97,13,22,0,1,0.0,0.045454545454545456,-0.045454545454545456,-52.97,-1.0
B0BMCH8Q2F,1800 Pillowcase Set 2 pc,Set of 12 King Size,White,0.0,109.94,0,15,0,2,,0.13333333333333333,,-109.94,-1.0
B01NCM49W6,Cotton Flannel Sheet Set 160GSM,King,Sage,0.0,176.91,19,22,0,3,0.0,0.13636363636363635,-0.13636363636363635,-176.91,-1.0
B08TRP9PWX,1800 Fitted Sheet,Twin XL,Sage,0.0,18.97,20,17,0,1,0.0,0.058823529411764705,-0.058823529411764705,-18.97,-1.0
B0CYCQPWXR,1800 Bed Sheet Set 6 PC With DEEP Fitted Sheet,California King,Spa Blue,0.0,59.97,6,5,0,1,0.0,0.2,-0.2,-59.97,-1.0
B08CJ3SRSZ,1800 Ultrasonic Coverlet,Twin,Spa Mint,0.0,47.97,41,63,0,1,0.0,0.015873015873015872,-0.015873015873015872,-47.97,-1.0
B01ETTH8FW,1800 Flat Sheet,Twin XL,Persimmon,0.0,16.97,13,8,0,1,0.0,0.125,-0.125,-16.97,-1.0
B01MS71I4Z,1800 Bed Sheets,Split King,Tan,0.0,187.88,43,32,0,4,0.0,0.125,-0.125,-187.88,-1.0
B0BTZ61X6H,1800 Bed Sheet Set 6 PIECE,Twin XL,Navy Blue,0.0,113.91,1,11,0,3,0.0,0.2727272727272727,-0.2727272727272727,-113.91,-1.0
B0BTZ62W7M,1800 Bed Sheet Set 6 PIECE,California King,Spa Blue,0.0,54.97,2,6,0,1,0.0,0.16666666666666666,-0.16666666666666666,-54.97,-1.0
B01ETTIP72,1800 Flat Sheet,Full,Blue Hydrangea,0.0,17.97,7,13,0,1,0.0,0.07692307692307693,-0.07692307692307693,-17.97,-1.0
B07J3QQ1QR,Cotton Flannel Sheet Set 180GSM,Full,Gray,0.0,52.97,0,3,0,1,,0.3333333333333333,,-52.97,-1.0
B07YYL62HZ,Cotton Flannel Sheet Set 160GSM,Twin,Gray,0.0,87.94,1,11,0,2,0.0,0.18181818181818182,-0.18181818181818182,-87.94,-1.0
B0DGQRMQ24,1800 Bed Sheets,California King,Oxford Stripe Blue Nova,0.0,44.97,20,17,0,1,0.0,0.058823529411764705,-0.058823529411764705,-44.97,-1.0
B01MXYFPYY,Cotton Flannel Sheet Set 160GSM,King,Navy,0.0,58.97,5,5,0,1,0.0,0.2,-0.2,-58.97,-1.0
B08L429KSS,Silk Pillowcase,"King 20"" X 36""",Lilac,0.0,24.58,11,5,0,1,0.0,0.2,-0.2,-24.58,-1.0
B0822XDH17,1800 Bed Sheet Set With DEEP Fitted Sheet,Twin,Black,0.0,44.97,18,14,0,1,0.0,0.07142857142857142,-0.07142857142857142,-44.97,-1.0
B01ETTEJIQ,1800 Flat Sheet,Twin,Brick Red,0.0,15.97,1,4,0,1,0.0,0.25,-0.25,-15.97,-1.0
B0CNS23FJJ,1800 Pillowcase Set 2 pc,Set of 2 Standard Size,Pistachio,0.0,17.97,4,8,0,1,0.0,0.125,-0.125,-17.97,-1.0
B01ES3LTUO,1800 Fitted Sheet,Twin,Black,0.0,56.91,3,9,0,3,0.0,0.3333333333333333,-0.3333333333333333,-56.91,-1.0
B07YYC671Z,Silk Pillowcase,"Throw 18"" X 18""",Pink,0.0,20.97,4,4,0,1,0.0,0.25,-0.25,-20.97,-1.0
B0DGQQY3LX,1800 Bed Sheets,Full,Oxford Stripe Hazy Lilac,0.0,37.97,71,100,0,1,0.0,0.01,-0.01,-37.97,-1.0
B01M292VUS,Cotton Flannel Sheet Set 160GSM,Queen,Navy,0.0,51.97,11,9,0,1,0.0,0.1111111111111111,-0.1111111111111111,-51.97,-1.0
B0BTZ4YV6J,1800 Bed Sheet Set 6 PIECE,King,Golden Ivory,0.0,157.85,50,47,0,3,0.0,0.06382978723404255,-0.06382978723404255,-157.85,-1.0
B0CNRY813X,1800 Bed Sheets,California King,Blue Nova,0.0,44.97,39,36,0,1,0.0,0.027777777777777776,-0.027777777777777776,-44.97,-1.0
B08BZX7GB9,1800 Bed Sheet Set With DEEP Fitted Sheet,California King,Brown,0.0,103.94,66,68,0,2,0.0,0.029411764705882353,-0.029411764705882353,-103.94,-1.0
B08BZWCLY2,1800 Bed Sheet Set With DEEP Fitted Sheet,Full,Lavender,0.0,91.94,54,49,0,2,0.0,0.04081632653061224,-0.04081632653061224,-91.94,-1.0
B08BZXC2VF,1800 Bed Sheet Set With DEEP Fitted Sheet,Twin,Aqua,0.0,89.94,24,24,0,2,0.0,0.08333333333333333,-0.08333333333333333,-89.94,-1.0
B08D12L3HQ,"1800 Fitted Sheet 21"" Deep",California King,Tan,0.0,25.97,5,9,0,1,0.0,0.1111111111111111,-0.1111111111111111,-25.97,-1.0
B08TRPF6X4,1800 Fitted Sheet,California King,Dark Taupe,0.0,21.97,3,6,0,1,0.0,0.16666666666666666,-0.16666666666666666,-21.97,-1.0
B01ES3LL4I,1800 Fitted Sheet,Queen,Brown,0.0,19.97,14,12,0,1,0.0,0.08333333333333333,-0.08333333333333333,-19.97,-1.0
B08TRRBN7D,1800 Fitted Sheet,Full,Golden Ivory,0.0,18.97,8,9,0,1,0.0,0.1111111111111111,-0.1111111111111111,-18.97,-1.0
B00ZSGVBZE,1800 Bed Sheets,Twin,Striped Gray/Silver,0.0,34.97,30,27,0,1,0.0,0.037037037037037035,-0.037037037037037035,-34.97,-1.0
B07X2SPGN7,Cotton Flannel Sheet Set 180GSM,Twin XL,Navy,0.0,49.97,4,12,0,1,0.0,0.08333333333333333,-0.08333333333333333,-49.97,-1.0
B0822W781G,"1800 Fitted Sheet 21"" Deep",Twin,Royal Blue,0.0,21.97,21,26,0,1,0.0,0.038461538461538464,-0.038461538461538464,-21.97,-1.0
B0BTZ73R1X,1800 Bed Sheet Set 6 PIECE,King,Purple,0.0,52.97,10,6,0,1,0.0,0.16666666666666666,-0.16666666666666666,-52.97,-1.0
B08V91NK5W,1800 Bed Sheets,RV / Short Queen,Navy Blue,0.0,69.94,22,24,0,2,0.0,0.08333333333333333,-0.08333333333333333,-69.94,-1.0
B08BZVWFXT,1800 Bed Sheet Set With DEEP Fitted Sheet,Split King,Brown,0.0,49.97,10,15,0,1,0.0,0.06666666666666667,-0.06666666666666667,-49.97,-1.0
B01ETTETZE,1800 Flat Sheet,Queen,Blue Hydrangea,0.0,75.88,18,22,0,4,0.0,0.18181818181818182,-0.18181818181818182,-75.88,-1.0
B0BTZ7QPLJ,1800 Bed Sheet Set 6 PIECE,King,Emerald Green,0.0,158.91,23,25,0,3,0.0,0.12,-0.12,-158.91,-1.0
B0B9YRWFGJ,Faux Leather Pillow Cover,18x18 Throw 1 Pack,Brown,0.0,14.97,9,4,0,1,0.0,0.25,-0.25,-14.97,-1.0
B099SF56G7,1800 Duvet Cover Set,Full,Black,0.0,32.97,11,6,0,1,0.0,0.16666666666666666,-0.16666666666666666,-32.97,-1.0
B010LB03E0,1800 Pillowcase Set 2 pc,Set of 2 King Size,Striped Gray/Silver,0.0,17.97,6,6,0,1,0.0,0.16666666666666666,-0.16666666666666666,-17.97,-1.0
B0BTZ6VF2T,1800 Bed Sheet Set 6 PIECE,Twin,Black,0.0,37.97,12,8,0,1,0.0,0.125,-0.125,-37.97,-1.0
B01DN0BGAG,1800 Pillowcase Set 2 pc,Set of 2 King Size,Pink,0.0,17.97,0,8,0,1,,0.125,,-17.97,-1.0
B08TRT459D,1800 Flat Sheet,Twin XL,Teal,0.0,50.91,0,5,0,3,,0.6,,-50.91,-1.0
B0822VNB18,"1800 Fitted Sheet 21"" Deep",Full,Black,0.0,43.94,1,12,0,2,0.0,0.16666666666666666,-0.16666666666666666,-43.94,-1.0
B01N9HT70M,Cotton Flannel Sheet Set 160GSM,Twin XL,Navy,0.0,43.97,0,4,0,1,,0.25,,-43.97,-1.0
B08V92PDJ4,1800 Bed Sheets,RV / Short Queen,Gray,0.0,69.24000000000001,0,58,0,2,,0.034482758620689655,,-69.24000000000001,-1.0
B08L6RD8TT,1800 Pillowcase Set 2 pc,1 Pillowcase Body,Brick Red,0.0,14.97,0,2,0,1,,0.5,,-14.97,-1.0
B0822TWJ26,1800 Pillow Shams 2 piece,King,Gray,0.0,14.97,0,3,0,1,,0.3333333333333333,,-14.97,-1.0
B0CYCQM95B,1800 Bed Sheet Set 6 PC With DEEP Fitted Sheet,California King,White,0.0,113.94,26,18,0,2,0.0,0.1111111111111111,-0.1111111111111111,-113.94,-1.0
